{"type":"FeatureCollection","features":[{"type":"Feature","properties":{"code":"01","nom":"Ain"},"geometry":{"type":"Polygon","coordinates":[[[4.78,46.177],[4.78,46.189],[4.793,46.202],[4.795,46.219],[4.808,46.237],[4.812,46.25],[4.811,46.26],[4.825,46.273],[4.833,46.3],[4.853,46.33],[4.851,46.356],[4.888,46.403],[4.894,46.444],[4.914,46.461],[4.916,46.467],[4.916,46.489],[4.925,46.496],[4.934,46.512],[4.942,46.513],[4.941,46.52],[4.945,46.514],[4.955,46.513],[4.944,46.511],[4.944,46.505],[4.95,46.501],[4.96,46.508],[4.968,46.505],[4.972,46.507],[4.963,46.512],[4.984,46.515],[5.006,46.51],[5.011,46.511],[5.009,46.507],[5.013,46.501],[5.026,46.496],[5.029,46.492],[5.041,46.491],[5.056,46.484],[5.077,46.486],[5.076,46.489],[5.086,46.49],[5.089,46.496],[5.092,46.495],[5.097,46.5],[5.109,46.491],[5.115,46.493],[5.118,46.497],[5.134,46.501],[5.135,46.509],[5.157,46.507],[5.166,46.503],[5.167,46.519],[5.177,46.511],[5.202,46.508],[5.204,46.505],[5.2,46.504],[5.204,46.494],[5.21,46.492],[5.206,46.486],[5.214,46.485],[5.214,46.482],[5.21,46.479],[5.216,46.474],[5.215,46.468],[5.226,46.468],[5.235,46.458],[5.241,46.461],[5.254,46.456],[5.258,46.45],[5.266,46.451],[5.284,46.446],[5.291,46.45],[5.307,46.445],[5.311,46.447],[5.315,46.445],[5.318,46.432],[5.324,46.428],[5.309,46.425],[5.307,46.422],[5.308,46.417],[5.312,46.416],[5.302,46.417],[5.299,46.416],[5.299,46.413],[5.315,46.409],[5.326,46.402],[5.329,46.403],[5.334,46.397],[5.341,46.402],[5.353,46.397],[5.352,46.393],[5.36,46.391],[5.363,46.394],[5.363,46.389],[5.371,46.387],[5.371,46.383],[5.378,46.382],[5.363,46.37],[5.37,46.369],[5.37,46.367],[5.377,46.364],[5.373,46.352],[5.381,46.346],[5.401,46.34],[5.402,46.333],[5.404,46.333],[5.405,46.31],[5.41,46.309],[5.414,46.317],[5.417,46.345],[5.424,46.348],[5.438,46.316],[5.444,46.319],[5.457,46.317],[5.459,46.323],[5.465,46.324],[5.469,46.317],[5.475,46.315],[5.466,46.292],[5.463,46.289],[5.459,46.291],[5.457,46.274],[5.469,46.271],[5.468,46.269],[5.474,46.264],[5.5,46.268],[5.503,46.271],[5.509,46.265],[5.52,46.264],[5.539,46.269],[5.559,46.283],[5.565,46.293],[5.594,46.294],[5.599,46.3],[5.602,46.309],[5.606,46.31],[5.606,46.314],[5.613,46.327],[5.631,46.33],[5.643,46.345],[5.649,46.341],[5.65,46.334],[5.644,46.325],[5.668,46.324],[5.684,46.317],[5.685,46.311],[5.715,46.309],[5.719,46.293],[5.714,46.281],[5.721,46.269],[5.72,46.264],[5.725,46.261],[5.744,46.267],[5.766,46.268],[5.821,46.262],[5.853,46.262],[5.864,46.271],[5.869,46.265],[5.878,46.269],[5.895,46.287],[5.909,46.284],[5.916,46.294],[5.92,46.307],[5.917,46.308],[5.922,46.312],[5.926,46.314],[5.941,46.309],[5.967,46.343],[5.98,46.354],[5.984,46.363],[6.015,46.376],[6.018,46.381],[6.036,46.392],[6.057,46.416],[6.064,46.416],[6.098,46.409],[6.106,46.399],[6.113,46.397],[6.113,46.4],[6.149,46.378],[6.16,46.379],[6.17,46.366],[6.161,46.36],[6.157,46.35],[6.149,46.342],[6.139,46.339],[6.139,46.333],[6.12,46.312],[6.119,46.302],[6.122,46.3],[6.119,46.294],[6.112,46.294],[6.102,46.285],[6.105,46.284],[6.103,46.278],[6.113,46.272],[6.11,46.27],[6.12,46.265],[6.118,46.264],[6.124,46.251],[6.109,46.24],[6.107,46.241],[6.102,46.237],[6.084,46.247],[6.07,46.241],[6.063,46.246],[6.046,46.231],[6.034,46.238],[6.026,46.233],[6.013,46.231],[6.003,46.221],[5.991,46.222],[5.993,46.216],[5.979,46.217],[5.975,46.215],[5.969,46.206],[5.973,46.203],[5.964,46.197],[5.991,46.188],[5.995,46.183],[5.989,46.171],[5.982,46.173],[5.981,46.167],[5.965,46.145],[5.966,46.137],[5.956,46.132],[5.946,46.128],[5.926,46.128],[5.925,46.13],[5.92,46.131],[5.904,46.12],[5.894,46.119],[5.885,46.108],[5.894,46.096],[5.891,46.088],[5.887,46.086],[5.859,46.085],[5.832,46.106],[5.82,46.103],[5.824,46.098],[5.823,46.092],[5.816,46.081],[5.811,46.078],[5.808,46.064],[5.809,46.06],[5.814,46.057],[5.807,46.044],[5.812,46.024],[5.806,46.014],[5.811,46.01],[5.811,45.988],[5.834,45.972],[5.833,45.959],[5.835,45.951],[5.831,45.943],[5.825,45.939],[5.831,45.938],[5.822,45.929],[5.828,45.92],[5.829,45.909],[5.809,45.863],[5.804,45.856],[5.797,45.831],[5.79,45.827],[5.784,45.817],[5.787,45.803],[5.78,45.777],[5.783,45.768],[5.779,45.76],[5.784,45.753],[5.784,45.744],[5.77,45.741],[5.776,45.726],[5.765,45.72],[5.755,45.707],[5.749,45.705],[5.738,45.71],[5.718,45.708],[5.701,45.71],[5.701,45.702],[5.71,45.686],[5.706,45.68],[5.685,45.666],[5.684,45.662],[5.689,45.649],[5.687,45.643],[5.678,45.638],[5.654,45.637],[5.649,45.634],[5.648,45.626],[5.637,45.622],[5.634,45.613],[5.629,45.611],[5.624,45.613],[5.613,45.63],[5.605,45.634],[5.606,45.64],[5.603,45.652],[5.587,45.66],[5.586,45.667],[5.568,45.671],[5.569,45.672],[5.563,45.674],[5.553,45.672],[5.555,45.678],[5.545,45.687],[5.546,45.697],[5.549,45.699],[5.556,45.698],[5.562,45.692],[5.561,45.687],[5.567,45.684],[5.576,45.688],[5.574,45.695],[5.552,45.702],[5.554,45.707],[5.55,45.712],[5.526,45.717],[5.516,45.732],[5.485,45.753],[5.457,45.781],[5.446,45.787],[5.422,45.808],[5.421,45.822],[5.425,45.825],[5.433,45.824],[5.436,45.828],[5.428,45.836],[5.419,45.84],[5.413,45.852],[5.354,45.883],[5.341,45.881],[5.329,45.864],[5.314,45.858],[5.302,45.848],[5.3,45.835],[5.294,45.828],[5.289,45.811],[5.278,45.803],[5.27,45.792],[5.227,45.769],[5.192,45.772],[5.178,45.793],[5.168,45.795],[5.16,45.802],[5.149,45.806],[5.145,45.805],[5.126,45.811],[5.114,45.811],[5.112,45.807],[5.114,45.799],[5.108,45.798],[5.104,45.814],[5.101,45.813],[5.063,45.809],[5.045,45.812],[5.037,45.808],[5.029,45.81],[5.013,45.805],[5.003,45.81],[4.982,45.805],[4.963,45.811],[4.944,45.81],[4.924,45.804],[4.918,45.807],[4.919,45.817],[4.922,45.819],[4.92,45.822],[4.922,45.833],[4.919,45.834],[4.917,45.845],[4.91,45.853],[4.901,45.858],[4.902,45.862],[4.908,45.869],[4.909,45.874],[4.884,45.88],[4.881,45.897],[4.872,45.895],[4.872,45.903],[4.853,45.907],[4.848,45.913],[4.805,45.896],[4.803,45.901],[4.811,45.909],[4.809,45.92],[4.79,45.923],[4.777,45.938],[4.754,45.935],[4.737,45.938],[4.729,45.944],[4.731,45.951],[4.748,45.962],[4.755,45.972],[4.75,45.984],[4.749,46.01],[4.744,46.018],[4.747,46.032],[4.74,46.047],[4.76,46.062],[4.762,46.069],[4.755,46.08],[4.748,46.083],[4.747,46.088],[4.75,46.094],[4.771,46.11],[4.772,46.118],[4.797,46.141],[4.803,46.152],[4.8,46.159],[4.787,46.166],[4.78,46.177]]]}},{"type":"Feature","properties":{"code":"02","nom":"Aisne"},"geometry":{"type":"MultiPolygon","coordinates":[[[[3.173,50.011],[3.209,50.02],[3.224,50.027],[3.227,50.033],[3.231,50.032],[3.234,50.028],[3.244,50.031],[3.245,50.028],[3.258,50.024],[3.258,50.032],[3.271,50.029],[3.278,50.022],[3.273,50.02],[3.278,50.014],[3.284,50.016],[3.286,50.014],[3.313,50.02],[3.328,50.016],[3.337,50.017],[3.342,50.027],[3.351,50.027],[3.352,50.036],[3.363,50.037],[3.377,50.037],[3.389,50.031],[3.399,50.035],[3.414,50.026],[3.421,50.029],[3.425,50.027],[3.43,50.025],[3.428,50.022],[3.455,50.023],[3.491,50.019],[3.504,50.029],[3.507,50.036],[3.525,50.036],[3.529,50.037],[3.532,50.046],[3.543,50.046],[3.54,50.053],[3.541,50.055],[3.567,50.053],[3.579,50.047],[3.594,50.044],[3.605,50.037],[3.614,50.025],[3.642,50.039],[3.659,50.029],[3.662,50.039],[3.649,50.043],[3.658,50.044],[3.661,50.052],[3.715,50.069],[3.722,50.063],[3.736,50.06],[3.747,50.053],[3.774,50.051],[3.778,50.046],[3.799,50.048],[3.816,50.039],[3.836,50.048],[3.849,50.039],[3.875,50.037],[3.887,50.03],[3.878,50.028],[3.89,50.023],[3.887,50.021],[3.887,50.01],[3.893,50.01],[3.895,50.016],[3.914,50.02],[3.924,50.026],[3.93,50.026],[3.944,50.03],[3.95,50.027],[3.97,50.038],[3.974,50.037],[3.982,50.044],[3.99,50.041],[3.996,50.028],[3.979,50.003],[3.981,49.994],[4.005,49.996],[4.012,49.985],[4.022,49.986],[4.031,49.982],[4.034,49.986],[4.057,49.985],[4.084,49.979],[4.082,49.971],[4.084,49.969],[4.103,49.973],[4.105,49.971],[4.116,49.976],[4.121,49.973],[4.141,49.979],[4.152,49.975],[4.173,49.977],[4.179,49.972],[4.197,49.968],[4.196,49.955],[4.225,49.959],[4.233,49.958],[4.23,49.946],[4.221,49.937],[4.217,49.914],[4.222,49.91],[4.233,49.909],[4.235,49.904],[4.256,49.903],[4.251,49.889],[4.254,49.887],[4.253,49.87],[4.249,49.857],[4.233,49.848],[4.23,49.836],[4.224,49.834],[4.22,49.814],[4.214,49.806],[4.222,49.805],[4.219,49.8],[4.227,49.793],[4.222,49.787],[4.206,49.778],[4.214,49.771],[4.229,49.773],[4.234,49.769],[4.243,49.767],[4.242,49.762],[4.25,49.757],[4.23,49.747],[4.226,49.733],[4.232,49.73],[4.214,49.724],[4.206,49.724],[4.191,49.716],[4.192,49.712],[4.184,49.703],[4.185,49.699],[4.144,49.689],[4.149,49.678],[4.137,49.678],[4.137,49.676],[4.127,49.678],[4.122,49.658],[4.126,49.651],[4.117,49.641],[4.119,49.639],[4.116,49.633],[4.102,49.633],[4.099,49.628],[4.086,49.629],[4.081,49.634],[4.069,49.638],[4.056,49.634],[4.041,49.638],[4.04,49.634],[4.043,49.633],[4.038,49.628],[4.038,49.623],[4.025,49.621],[4.047,49.6],[4.052,49.6],[4.054,49.595],[4.066,49.594],[4.065,49.592],[4.058,49.592],[4.058,49.589],[4.062,49.589],[4.062,49.586],[4.059,49.576],[4.063,49.571],[4.077,49.571],[4.075,49.566],[4.067,49.564],[4.064,49.56],[4.062,49.561],[4.06,49.558],[4.063,49.556],[4.058,49.553],[4.05,49.552],[4.049,49.545],[4.076,49.541],[4.077,49.525],[4.074,49.524],[4.076,49.518],[4.072,49.516],[4.065,49.523],[4.062,49.523],[4.057,49.521],[4.062,49.513],[4.057,49.511],[4.058,49.508],[4.041,49.509],[4.042,49.469],[4.055,49.459],[4.058,49.451],[4.061,49.452],[4.068,49.445],[4.06,49.447],[4.052,49.444],[4.05,49.448],[4.038,49.438],[4.041,49.43],[4.044,49.429],[4.042,49.417],[4.05,49.416],[4.048,49.406],[4.04,49.397],[4.036,49.36],[4.013,49.358],[4.007,49.37],[4.001,49.369],[3.999,49.372],[3.996,49.372],[3.995,49.378],[3.978,49.38],[3.961,49.377],[3.943,49.389],[3.945,49.39],[3.931,49.401],[3.934,49.402],[3.925,49.408],[3.915,49.404],[3.915,49.398],[3.91,49.395],[3.896,49.393],[3.893,49.399],[3.881,49.405],[3.87,49.407],[3.855,49.401],[3.845,49.403],[3.846,49.401],[3.822,49.402],[3.837,49.397],[3.84,49.391],[3.845,49.392],[3.847,49.389],[3.86,49.386],[3.86,49.382],[3.856,49.381],[3.86,49.373],[3.853,49.366],[3.856,49.364],[3.848,49.365],[3.859,49.354],[3.853,49.345],[3.824,49.354],[3.824,49.357],[3.802,49.359],[3.78,49.352],[3.778,49.356],[3.758,49.348],[3.741,49.348],[3.742,49.337],[3.701,49.333],[3.689,49.327],[3.669,49.325],[3.665,49.32],[3.648,49.316],[3.644,49.313],[3.643,49.303],[3.638,49.301],[3.643,49.296],[3.657,49.291],[3.659,49.287],[3.653,49.283],[3.652,49.278],[3.661,49.27],[3.655,49.263],[3.654,49.254],[3.657,49.255],[3.658,49.26],[3.661,49.26],[3.666,49.246],[3.67,49.243],[3.669,49.241],[3.675,49.24],[3.678,49.235],[3.67,49.233],[3.67,49.228],[3.664,49.222],[3.651,49.222],[3.656,49.218],[3.653,49.215],[3.663,49.209],[3.67,49.21],[3.682,49.205],[3.676,49.201],[3.682,49.197],[3.69,49.201],[3.693,49.206],[3.699,49.206],[3.705,49.199],[3.702,49.194],[3.697,49.195],[3.697,49.188],[3.707,49.186],[3.704,49.181],[3.711,49.178],[3.725,49.174],[3.73,49.178],[3.751,49.178],[3.753,49.172],[3.748,49.169],[3.749,49.157],[3.74,49.157],[3.717,49.147],[3.706,49.145],[3.708,49.143],[3.703,49.141],[3.698,49.15],[3.687,49.154],[3.653,49.149],[3.622,49.151],[3.619,49.143],[3.621,49.139],[3.614,49.139],[3.61,49.135],[3.612,49.129],[3.6,49.121],[3.603,49.115],[3.612,49.118],[3.622,49.105],[3.632,49.086],[3.639,49.081],[3.638,49.077],[3.633,49.073],[3.624,49.071],[3.609,49.073],[3.6,49.062],[3.588,49.059],[3.585,49.039],[3.588,49.034],[3.616,49.034],[3.617,49.036],[3.631,49.04],[3.643,49.037],[3.65,49.043],[3.664,49.037],[3.679,49.018],[3.678,49.014],[3.66,49.004],[3.64,49.004],[3.623,48.983],[3.627,48.98],[3.621,48.966],[3.61,48.967],[3.605,48.964],[3.601,48.966],[3.592,48.96],[3.602,48.953],[3.599,48.951],[3.603,48.944],[3.593,48.945],[3.574,48.939],[3.573,48.925],[3.576,48.923],[3.571,48.915],[3.564,48.911],[3.56,48.917],[3.55,48.914],[3.543,48.915],[3.533,48.911],[3.529,48.912],[3.508,48.89],[3.509,48.885],[3.502,48.872],[3.482,48.866],[3.486,48.858],[3.485,48.852],[3.47,48.851],[3.466,48.843],[3.461,48.839],[3.445,48.843],[3.447,48.848],[3.451,48.849],[3.448,48.853],[3.452,48.856],[3.446,48.86],[3.43,48.861],[3.424,48.867],[3.404,48.864],[3.4,48.868],[3.406,48.871],[3.406,48.876],[3.393,48.875],[3.392,48.871],[3.381,48.872],[3.381,48.884],[3.383,48.885],[3.381,48.887],[3.384,48.889],[3.369,48.894],[3.371,48.905],[3.377,48.91],[3.371,48.919],[3.372,48.924],[3.368,48.928],[3.367,48.923],[3.361,48.918],[3.354,48.915],[3.35,48.918],[3.349,48.916],[3.346,48.917],[3.336,48.909],[3.33,48.909],[3.313,48.921],[3.313,48.934],[3.305,48.949],[3.285,48.941],[3.272,48.938],[3.265,48.939],[3.26,48.945],[3.263,48.949],[3.257,48.952],[3.259,48.953],[3.249,48.974],[3.231,48.977],[3.23,48.981],[3.227,48.982],[3.229,48.988],[3.225,48.987],[3.225,48.991],[3.209,48.994],[3.207,49.001],[3.203,49.001],[3.199,49.006],[3.196,49.005],[3.198,49.008],[3.181,49.013],[3.167,49.012],[3.168,49.017],[3.161,49.024],[3.177,49.031],[3.176,49.033],[3.18,49.034],[3.179,49.038],[3.183,49.042],[3.18,49.044],[3.191,49.048],[3.19,49.053],[3.182,49.052],[3.182,49.063],[3.177,49.07],[3.167,49.078],[3.154,49.083],[3.165,49.1],[3.144,49.102],[3.138,49.107],[3.126,49.106],[3.121,49.109],[3.108,49.107],[3.095,49.112],[3.081,49.112],[3.072,49.118],[3.077,49.122],[3.084,49.121],[3.09,49.124],[3.097,49.132],[3.091,49.138],[3.093,49.142],[3.111,49.132],[3.115,49.139],[3.106,49.147],[3.127,49.145],[3.125,49.148],[3.137,49.151],[3.148,49.161],[3.121,49.162],[3.116,49.17],[3.108,49.166],[3.108,49.17],[3.112,49.172],[3.112,49.176],[3.117,49.176],[3.113,49.182],[3.115,49.182],[3.117,49.19],[3.101,49.198],[3.097,49.195],[3.101,49.192],[3.093,49.189],[3.094,49.188],[3.084,49.173],[3.087,49.171],[3.089,49.162],[3.094,49.161],[3.099,49.155],[3.093,49.155],[3.082,49.165],[3.082,49.178],[3.088,49.185],[3.087,49.188],[3.085,49.186],[3.081,49.189],[3.085,49.19],[3.073,49.196],[3.063,49.194],[3.057,49.197],[3.058,49.202],[3.065,49.205],[3.057,49.205],[3.046,49.21],[3.036,49.205],[3.03,49.213],[3.019,49.217],[3,49.214],[2.995,49.209],[3.003,49.206],[3.003,49.203],[2.997,49.199],[3.003,49.193],[3.002,49.188],[3.007,49.185],[3.012,49.185],[3.016,49.19],[3.026,49.193],[3.028,49.19],[3.026,49.188],[3.03,49.183],[3.035,49.184],[3.038,49.169],[3.023,49.17],[3.016,49.182],[3.006,49.183],[2.996,49.187],[2.992,49.194],[2.99,49.189],[2.985,49.189],[2.984,49.184],[2.972,49.188],[2.968,49.192],[2.974,49.197],[2.966,49.205],[2.971,49.208],[2.971,49.214],[2.962,49.218],[2.965,49.22],[2.959,49.227],[2.965,49.233],[3.007,49.234],[3.015,49.23],[3.004,49.224],[3.004,49.221],[3.014,49.222],[3.016,49.218],[3.022,49.216],[3.026,49.222],[3.032,49.222],[3.03,49.224],[3.032,49.227],[3.037,49.222],[3.039,49.229],[3.042,49.23],[3.033,49.238],[3.032,49.254],[3.026,49.26],[3.029,49.267],[3.027,49.276],[3.036,49.279],[3.038,49.286],[3.025,49.288],[3.017,49.28],[3.014,49.282],[3.021,49.29],[3.015,49.289],[3.005,49.293],[2.996,49.287],[2.987,49.288],[2.987,49.291],[2.996,49.296],[2.994,49.298],[2.988,49.297],[2.987,49.3],[2.984,49.297],[2.981,49.298],[2.985,49.3],[2.977,49.299],[2.975,49.302],[2.968,49.303],[2.968,49.305],[2.979,49.306],[2.977,49.309],[2.98,49.311],[2.973,49.312],[2.964,49.321],[2.968,49.326],[2.993,49.333],[3.002,49.34],[3.021,49.337],[3.022,49.333],[3.033,49.331],[3.036,49.326],[3.044,49.329],[3.042,49.333],[3.053,49.34],[3.062,49.34],[3.061,49.345],[3.075,49.349],[3.079,49.374],[3.086,49.377],[3.095,49.377],[3.09,49.394],[3.091,49.397],[3.096,49.398],[3.097,49.405],[3.093,49.433],[3.098,49.437],[3.101,49.439],[3.111,49.438],[3.121,49.432],[3.132,49.432],[3.16,49.439],[3.163,49.441],[3.162,49.446],[3.166,49.447],[3.154,49.455],[3.107,49.468],[3.106,49.474],[3.124,49.48],[3.122,49.485],[3.124,49.486],[3.121,49.487],[3.121,49.494],[3.1,49.506],[3.096,49.513],[3.096,49.518],[3.122,49.521],[3.128,49.527],[3.129,49.533],[3.126,49.542],[3.131,49.543],[3.129,49.552],[3.134,49.56],[3.127,49.564],[3.126,49.57],[3.127,49.573],[3.138,49.576],[3.131,49.589],[3.134,49.59],[3.124,49.596],[3.122,49.604],[3.094,49.623],[3.113,49.631],[3.108,49.637],[3.113,49.642],[3.11,49.642],[3.105,49.65],[3.096,49.651],[3.098,49.657],[3.108,49.658],[3.108,49.665],[3.117,49.667],[3.121,49.66],[3.128,49.662],[3.124,49.677],[3.114,49.684],[3.122,49.688],[3.126,49.697],[3.118,49.706],[3.121,49.706],[3.12,49.714],[3.118,49.714],[3.119,49.718],[3.114,49.719],[3.116,49.72],[3.112,49.725],[3.114,49.727],[3.101,49.733],[3.097,49.748],[3.094,49.749],[3.096,49.755],[3.094,49.756],[3.1,49.766],[3.071,49.767],[3.071,49.769],[3.065,49.77],[3.068,49.775],[3.065,49.78],[3.061,49.781],[3.067,49.785],[3.073,49.784],[3.073,49.788],[3.086,49.792],[3.083,49.797],[3.088,49.803],[3.078,49.813],[3.085,49.818],[3.078,49.822],[3.061,49.82],[3.055,49.832],[3.064,49.833],[3.066,49.836],[3.086,49.844],[3.08,49.866],[3.07,49.873],[3.076,49.879],[3.085,49.879],[3.086,49.872],[3.083,49.871],[3.083,49.866],[3.088,49.866],[3.087,49.868],[3.113,49.878],[3.12,49.884],[3.117,49.896],[3.124,49.901],[3.118,49.902],[3.121,49.905],[3.116,49.908],[3.121,49.909],[3.118,49.914],[3.125,49.919],[3.123,49.924],[3.128,49.925],[3.138,49.932],[3.136,49.936],[3.145,49.937],[3.149,49.942],[3.165,49.947],[3.166,49.95],[3.159,49.952],[3.168,49.961],[3.163,49.962],[3.163,49.965],[3.181,49.973],[3.183,49.976],[3.191,49.976],[3.203,49.984],[3.196,49.985],[3.197,49.987],[3.193,49.989],[3.174,49.986],[3.173,49.99],[3.165,49.989],[3.17,49.991],[3.168,49.995],[3.165,49.991],[3.156,49.992],[3.166,49.999],[3.165,50.005],[3.17,50.007],[3.171,50.012],[3.173,50.011]],[[3.044,49.229],[3.043,49.228],[3.048,49.228],[3.044,49.229]],[[2.99,49.211],[2.998,49.214],[2.998,49.219],[3.003,49.219],[3,49.223],[2.988,49.222],[2.989,49.219],[2.982,49.216],[2.99,49.211]]]]}},{"type":"Feature","properties":{"code":"03","nom":"Allier"},"geometry":{"type":"Polygon","coordinates":[[[3.032,46.795],[3.037,46.784],[3.036,46.776],[3.042,46.767],[3.049,46.758],[3.067,46.745],[3.084,46.737],[3.13,46.727],[3.163,46.694],[3.195,46.681],[3.204,46.679],[3.207,46.682],[3.222,46.685],[3.228,46.69],[3.229,46.696],[3.26,46.708],[3.27,46.717],[3.286,46.714],[3.301,46.716],[3.302,46.704],[3.312,46.695],[3.314,46.689],[3.347,46.684],[3.366,46.69],[3.377,46.702],[3.379,46.712],[3.397,46.715],[3.417,46.71],[3.422,46.714],[3.434,46.712],[3.428,46.701],[3.433,46.693],[3.453,46.69],[3.455,46.683],[3.452,46.679],[3.455,46.675],[3.445,46.671],[3.448,46.668],[3.447,46.664],[3.442,46.662],[3.452,46.658],[3.457,46.652],[3.477,46.654],[3.482,46.651],[3.487,46.655],[3.486,46.661],[3.492,46.662],[3.504,46.673],[3.511,46.676],[3.513,46.677],[3.511,46.68],[3.517,46.682],[3.514,46.684],[3.532,46.689],[3.538,46.685],[3.54,46.68],[3.546,46.678],[3.561,46.689],[3.548,46.706],[3.55,46.716],[3.547,46.721],[3.569,46.715],[3.574,46.716],[3.572,46.721],[3.576,46.723],[3.578,46.722],[3.577,46.715],[3.598,46.724],[3.598,46.728],[3.585,46.739],[3.585,46.745],[3.576,46.75],[3.584,46.753],[3.589,46.761],[3.598,46.762],[3.597,46.756],[3.602,46.751],[3.62,46.754],[3.629,46.749],[3.623,46.74],[3.638,46.725],[3.638,46.707],[3.651,46.705],[3.658,46.685],[3.673,46.682],[3.669,46.674],[3.697,46.661],[3.709,46.635],[3.724,46.626],[3.723,46.622],[3.714,46.614],[3.714,46.608],[3.72,46.605],[3.732,46.605],[3.737,46.602],[3.734,46.595],[3.743,46.566],[3.741,46.559],[3.732,46.55],[3.742,46.54],[3.755,46.536],[3.773,46.539],[3.778,46.536],[3.781,46.528],[3.793,46.528],[3.805,46.519],[3.839,46.531],[3.846,46.524],[3.84,46.518],[3.842,46.514],[3.849,46.513],[3.857,46.516],[3.864,46.513],[3.86,46.496],[3.865,46.49],[3.895,46.481],[3.901,46.491],[3.91,46.495],[3.919,46.496],[3.938,46.491],[3.956,46.492],[3.958,46.491],[3.952,46.478],[3.977,46.479],[3.979,46.474],[4.001,46.462],[3.997,46.45],[4.006,46.442],[3.989,46.438],[3.99,46.431],[3.996,46.427],[3.984,46.42],[3.989,46.409],[3.977,46.399],[3.983,46.381],[3.992,46.37],[3.987,46.351],[3.989,46.344],[3.985,46.33],[3.989,46.327],[4.005,46.327],[3.997,46.323],[3.989,46.323],[3.99,46.315],[3.971,46.322],[3.959,46.319],[3.946,46.321],[3.949,46.314],[3.945,46.3],[3.931,46.296],[3.914,46.297],[3.897,46.292],[3.899,46.289],[3.891,46.285],[3.9,46.276],[3.888,46.274],[3.878,46.276],[3.868,46.263],[3.859,46.264],[3.835,46.259],[3.804,46.258],[3.807,46.243],[3.803,46.24],[3.782,46.244],[3.77,46.241],[3.768,46.239],[3.772,46.229],[3.785,46.221],[3.79,46.212],[3.797,46.207],[3.788,46.202],[3.789,46.186],[3.809,46.165],[3.808,46.162],[3.79,46.155],[3.793,46.146],[3.792,46.145],[3.798,46.139],[3.802,46.131],[3.798,46.126],[3.793,46.112],[3.806,46.108],[3.812,46.098],[3.822,46.09],[3.815,46.085],[3.82,46.081],[3.814,46.073],[3.815,46.069],[3.807,46.061],[3.806,46.052],[3.808,46.049],[3.807,46.046],[3.814,46.04],[3.813,46.03],[3.815,46.019],[3.822,46.013],[3.826,46],[3.83,45.999],[3.823,45.993],[3.824,45.987],[3.799,45.984],[3.787,45.973],[3.779,45.972],[3.771,45.977],[3.765,45.976],[3.756,45.983],[3.754,45.972],[3.742,45.966],[3.724,45.972],[3.71,45.974],[3.702,45.969],[3.701,45.964],[3.706,45.957],[3.693,45.948],[3.691,45.941],[3.694,45.931],[3.682,45.942],[3.677,45.95],[3.682,45.951],[3.677,45.958],[3.67,45.961],[3.646,45.964],[3.642,45.967],[3.632,45.961],[3.626,45.985],[3.614,45.995],[3.613,46.001],[3.604,46.008],[3.6,46.017],[3.592,46.024],[3.585,46.024],[3.577,46.018],[3.556,46.019],[3.553,46.015],[3.544,46.013],[3.537,46.022],[3.523,46.022],[3.521,46.019],[3.525,46.012],[3.506,46.017],[3.501,46.013],[3.483,46.014],[3.464,46.008],[3.464,46.021],[3.468,46.025],[3.462,46.04],[3.472,46.039],[3.46,46.051],[3.462,46.056],[3.458,46.059],[3.459,46.061],[3.454,46.064],[3.444,46.06],[3.434,46.061],[3.419,46.074],[3.402,46.066],[3.381,46.066],[3.372,46.055],[3.355,46.053],[3.332,46.044],[3.335,46.055],[3.316,46.057],[3.319,46.061],[3.316,46.062],[3.301,46.061],[3.302,46.066],[3.295,46.062],[3.281,46.066],[3.277,46.062],[3.257,46.066],[3.245,46.062],[3.234,46.064],[3.23,46.066],[3.233,46.07],[3.229,46.071],[3.224,46.071],[3.221,46.067],[3.215,46.075],[3.203,46.073],[3.184,46.075],[3.179,46.073],[3.179,46.067],[3.175,46.066],[3.131,46.069],[3.116,46.081],[3.098,46.084],[3.101,46.093],[3.096,46.102],[3.091,46.105],[3.091,46.115],[3.067,46.103],[3.048,46.1],[3.038,46.107],[3.023,46.102],[3.014,46.103],[3.016,46.105],[3.011,46.113],[3.001,46.12],[2.985,46.125],[2.977,46.125],[2.972,46.122],[2.962,46.13],[2.955,46.147],[2.956,46.163],[2.951,46.168],[2.952,46.171],[2.943,46.168],[2.913,46.177],[2.921,46.191],[2.91,46.203],[2.916,46.208],[2.913,46.21],[2.915,46.214],[2.927,46.219],[2.934,46.219],[2.941,46.225],[2.935,46.224],[2.932,46.233],[2.935,46.238],[2.945,46.241],[2.921,46.25],[2.904,46.249],[2.891,46.254],[2.865,46.25],[2.86,46.257],[2.845,46.249],[2.838,46.251],[2.83,46.247],[2.826,46.242],[2.819,46.242],[2.818,46.232],[2.823,46.226],[2.823,46.22],[2.818,46.218],[2.817,46.202],[2.809,46.195],[2.787,46.199],[2.77,46.212],[2.759,46.21],[2.749,46.219],[2.733,46.223],[2.721,46.212],[2.722,46.205],[2.725,46.205],[2.726,46.199],[2.732,46.194],[2.722,46.188],[2.723,46.182],[2.713,46.179],[2.702,46.181],[2.693,46.176],[2.675,46.172],[2.676,46.157],[2.668,46.155],[2.669,46.144],[2.661,46.143],[2.664,46.14],[2.661,46.134],[2.656,46.133],[2.655,46.124],[2.641,46.118],[2.633,46.119],[2.626,46.124],[2.618,46.124],[2.607,46.13],[2.591,46.127],[2.572,46.142],[2.565,46.143],[2.563,46.149],[2.565,46.154],[2.561,46.156],[2.559,46.16],[2.562,46.164],[2.56,46.173],[2.551,46.177],[2.543,46.176],[2.526,46.188],[2.528,46.195],[2.522,46.203],[2.526,46.207],[2.52,46.21],[2.523,46.212],[2.52,46.214],[2.515,46.225],[2.517,46.23],[2.515,46.24],[2.511,46.239],[2.504,46.247],[2.489,46.248],[2.488,46.253],[2.479,46.264],[2.48,46.267],[2.477,46.269],[2.481,46.281],[2.474,46.282],[2.47,46.288],[2.443,46.295],[2.432,46.294],[2.428,46.285],[2.421,46.285],[2.414,46.297],[2.421,46.302],[2.421,46.31],[2.409,46.315],[2.394,46.329],[2.386,46.332],[2.38,46.328],[2.376,46.316],[2.365,46.311],[2.362,46.313],[2.362,46.319],[2.355,46.326],[2.352,46.324],[2.349,46.327],[2.336,46.323],[2.334,46.326],[2.331,46.326],[2.331,46.329],[2.321,46.329],[2.319,46.334],[2.314,46.335],[2.312,46.342],[2.301,46.342],[2.308,46.345],[2.307,46.348],[2.309,46.349],[2.303,46.354],[2.311,46.356],[2.311,46.36],[2.317,46.358],[2.323,46.367],[2.338,46.364],[2.331,46.379],[2.315,46.375],[2.304,46.379],[2.298,46.384],[2.287,46.383],[2.283,46.392],[2.284,46.4],[2.278,46.41],[2.282,46.411],[2.279,46.414],[2.279,46.419],[2.281,46.42],[2.277,46.425],[2.285,46.44],[2.283,46.449],[2.297,46.463],[2.301,46.472],[2.305,46.475],[2.317,46.469],[2.323,46.47],[2.33,46.479],[2.329,46.484],[2.324,46.49],[2.329,46.493],[2.329,46.495],[2.333,46.497],[2.335,46.501],[2.36,46.516],[2.368,46.518],[2.417,46.521],[2.422,46.526],[2.43,46.527],[2.442,46.525],[2.445,46.52],[2.458,46.525],[2.47,46.526],[2.483,46.533],[2.497,46.534],[2.497,46.522],[2.507,46.522],[2.512,46.524],[2.512,46.528],[2.521,46.531],[2.531,46.529],[2.529,46.523],[2.537,46.52],[2.553,46.529],[2.572,46.534],[2.584,46.543],[2.615,46.553],[2.615,46.556],[2.61,46.557],[2.61,46.563],[2.603,46.564],[2.608,46.567],[2.609,46.571],[2.606,46.575],[2.606,46.579],[2.602,46.581],[2.603,46.588],[2.597,46.593],[2.6,46.595],[2.594,46.597],[2.592,46.594],[2.582,46.593],[2.578,46.608],[2.568,46.609],[2.588,46.616],[2.584,46.626],[2.592,46.63],[2.597,46.637],[2.593,46.647],[2.569,46.651],[2.567,46.654],[2.575,46.661],[2.594,46.667],[2.598,46.665],[2.605,46.671],[2.607,46.661],[2.617,46.661],[2.624,46.657],[2.629,46.66],[2.634,46.675],[2.625,46.673],[2.62,46.68],[2.623,46.69],[2.64,46.692],[2.645,46.69],[2.645,46.687],[2.655,46.697],[2.674,46.702],[2.678,46.705],[2.672,46.709],[2.686,46.714],[2.686,46.723],[2.692,46.72],[2.692,46.723],[2.696,46.723],[2.702,46.718],[2.707,46.725],[2.701,46.728],[2.706,46.733],[2.705,46.739],[2.715,46.744],[2.719,46.742],[2.729,46.748],[2.735,46.746],[2.74,46.741],[2.736,46.738],[2.744,46.729],[2.757,46.725],[2.755,46.719],[2.759,46.718],[2.77,46.723],[2.774,46.718],[2.786,46.723],[2.786,46.727],[2.795,46.734],[2.827,46.735],[2.835,46.728],[2.847,46.727],[2.844,46.739],[2.845,46.743],[2.862,46.755],[2.877,46.761],[2.876,46.768],[2.91,46.779],[2.908,46.788],[2.913,46.791],[2.932,46.796],[2.938,46.796],[2.94,46.793],[2.942,46.795],[2.947,46.791],[2.953,46.791],[2.954,46.797],[2.963,46.804],[2.982,46.803],[2.993,46.797],[3.018,46.8],[3.025,46.794],[3.032,46.795]]]}},{"type":"Feature","properties":{"code":"04","nom":"Alpes-de-Haute-Provence"},"geometry":{"type":"Polygon","coordinates":[[[5.676,44.191],[5.692,44.186],[5.712,44.195],[5.714,44.199],[5.737,44.201],[5.751,44.209],[5.777,44.206],[5.795,44.213],[5.814,44.21],[5.829,44.201],[5.845,44.2],[5.867,44.193],[5.888,44.194],[5.89,44.19],[5.909,44.19],[5.915,44.203],[5.908,44.207],[5.895,44.207],[5.876,44.214],[5.872,44.228],[5.861,44.236],[5.86,44.245],[5.827,44.263],[5.823,44.27],[5.824,44.279],[5.837,44.292],[5.836,44.298],[5.848,44.301],[5.867,44.296],[5.877,44.289],[5.875,44.277],[5.88,44.271],[5.913,44.249],[5.922,44.248],[5.92,44.255],[5.925,44.267],[5.913,44.268],[5.912,44.273],[5.917,44.28],[5.913,44.289],[5.926,44.293],[5.923,44.301],[5.925,44.315],[5.912,44.311],[5.898,44.316],[5.896,44.32],[5.906,44.329],[5.903,44.337],[5.918,44.339],[5.924,44.349],[5.937,44.359],[5.946,44.383],[5.957,44.397],[5.981,44.41],[6.018,44.419],[6.026,44.435],[6.055,44.447],[6.057,44.452],[6.062,44.45],[6.06,44.446],[6.076,44.438],[6.076,44.445],[6.071,44.451],[6.083,44.463],[6.081,44.468],[6.077,44.469],[6.084,44.478],[6.098,44.475],[6.102,44.472],[6.116,44.475],[6.126,44.468],[6.156,44.462],[6.156,44.442],[6.159,44.44],[6.16,44.435],[6.175,44.439],[6.182,44.432],[6.185,44.423],[6.202,44.414],[6.228,44.382],[6.248,44.389],[6.248,44.392],[6.262,44.412],[6.253,44.434],[6.248,44.437],[6.244,44.447],[6.24,44.448],[6.236,44.461],[6.233,44.463],[6.266,44.466],[6.269,44.472],[6.293,44.481],[6.298,44.475],[6.312,44.467],[6.327,44.463],[6.327,44.468],[6.339,44.471],[6.341,44.488],[6.348,44.498],[6.332,44.51],[6.348,44.515],[6.357,44.523],[6.362,44.522],[6.37,44.51],[6.385,44.499],[6.399,44.494],[6.398,44.492],[6.408,44.481],[6.407,44.477],[6.412,44.47],[6.424,44.468],[6.435,44.475],[6.445,44.466],[6.459,44.466],[6.464,44.461],[6.469,44.451],[6.482,44.454],[6.498,44.449],[6.509,44.451],[6.52,44.448],[6.536,44.452],[6.547,44.447],[6.562,44.445],[6.578,44.449],[6.59,44.446],[6.599,44.449],[6.607,44.446],[6.632,44.447],[6.642,44.486],[6.652,44.494],[6.662,44.495],[6.669,44.5],[6.673,44.507],[6.674,44.517],[6.679,44.52],[6.683,44.531],[6.681,44.541],[6.704,44.539],[6.729,44.553],[6.737,44.553],[6.748,44.56],[6.752,44.57],[6.772,44.576],[6.773,44.58],[6.767,44.585],[6.769,44.588],[6.777,44.59],[6.782,44.595],[6.792,44.592],[6.796,44.601],[6.801,44.604],[6.809,44.601],[6.824,44.609],[6.843,44.609],[6.854,44.615],[6.854,44.624],[6.858,44.626],[6.858,44.629],[6.867,44.628],[6.883,44.63],[6.901,44.645],[6.908,44.656],[6.916,44.66],[6.94,44.652],[6.948,44.655],[6.954,44.644],[6.954,44.637],[6.962,44.627],[6.968,44.625],[6.968,44.62],[6.949,44.619],[6.95,44.61],[6.938,44.603],[6.938,44.599],[6.934,44.597],[6.935,44.586],[6.931,44.582],[6.933,44.573],[6.914,44.569],[6.915,44.559],[6.902,44.554],[6.895,44.555],[6.89,44.552],[6.879,44.554],[6.877,44.546],[6.872,44.546],[6.87,44.537],[6.858,44.534],[6.853,44.529],[6.857,44.523],[6.86,44.503],[6.868,44.493],[6.877,44.489],[6.877,44.481],[6.892,44.472],[6.906,44.468],[6.913,44.45],[6.936,44.44],[6.939,44.434],[6.948,44.43],[6.946,44.427],[6.933,44.43],[6.933,44.425],[6.925,44.422],[6.918,44.427],[6.903,44.42],[6.893,44.421],[6.894,44.41],[6.898,44.406],[6.895,44.398],[6.897,44.394],[6.895,44.389],[6.897,44.376],[6.895,44.37],[6.887,44.365],[6.887,44.361],[6.86,44.344],[6.84,44.346],[6.822,44.333],[6.809,44.331],[6.806,44.326],[6.807,44.321],[6.796,44.316],[6.796,44.298],[6.786,44.289],[6.79,44.272],[6.764,44.28],[6.758,44.274],[6.759,44.262],[6.742,44.259],[6.738,44.253],[6.724,44.25],[6.726,44.242],[6.722,44.235],[6.726,44.23],[6.725,44.226],[6.714,44.218],[6.718,44.208],[6.706,44.201],[6.705,44.195],[6.698,44.19],[6.703,44.184],[6.702,44.178],[6.687,44.169],[6.7,44.157],[6.698,44.149],[6.707,44.144],[6.704,44.136],[6.708,44.124],[6.719,44.119],[6.756,44.08],[6.748,44.065],[6.747,44.041],[6.776,44.024],[6.789,44.023],[6.798,44.005],[6.839,43.99],[6.835,43.983],[6.846,43.978],[6.848,43.954],[6.875,43.953],[6.876,43.945],[6.884,43.935],[6.898,43.927],[6.913,43.928],[6.929,43.91],[6.939,43.906],[6.944,43.9],[6.933,43.895],[6.902,43.893],[6.885,43.889],[6.877,43.899],[6.865,43.907],[6.854,43.907],[6.853,43.915],[6.833,43.915],[6.832,43.918],[6.799,43.91],[6.8,43.906],[6.79,43.897],[6.782,43.884],[6.748,43.872],[6.673,43.888],[6.673,43.883],[6.678,43.879],[6.696,43.876],[6.698,43.859],[6.703,43.856],[6.678,43.852],[6.668,43.831],[6.703,43.824],[6.712,43.815],[6.706,43.808],[6.691,43.804],[6.642,43.795],[6.636,43.789],[6.628,43.792],[6.623,43.798],[6.624,43.805],[6.602,43.803],[6.587,43.805],[6.585,43.801],[6.553,43.783],[6.546,43.775],[6.542,43.776],[6.547,43.783],[6.542,43.792],[6.525,43.806],[6.517,43.809],[6.509,43.801],[6.487,43.792],[6.482,43.791],[6.475,43.798],[6.467,43.798],[6.457,43.793],[6.439,43.798],[6.437,43.792],[6.424,43.79],[6.414,43.792],[6.41,43.772],[6.413,43.767],[6.413,43.76],[6.407,43.757],[6.407,43.752],[6.403,43.753],[6.396,43.748],[6.384,43.734],[6.38,43.735],[6.375,43.743],[6.365,43.741],[6.359,43.736],[6.351,43.736],[6.345,43.742],[6.326,43.747],[6.323,43.753],[6.317,43.754],[6.317,43.758],[6.307,43.763],[6.295,43.764],[6.282,43.774],[6.269,43.777],[6.263,43.782],[6.26,43.793],[6.254,43.8],[6.242,43.802],[6.233,43.799],[6.217,43.8],[6.209,43.797],[6.191,43.78],[6.183,43.762],[6.154,43.744],[6.141,43.738],[6.13,43.736],[6.117,43.742],[6.115,43.746],[6.107,43.744],[6.103,43.736],[6.095,43.73],[6.09,43.729],[6.092,43.725],[6.088,43.718],[6.078,43.711],[6.077,43.707],[6.035,43.694],[6.039,43.679],[6.022,43.668],[6.012,43.674],[6.006,43.688],[5.988,43.695],[5.985,43.714],[5.974,43.715],[5.965,43.725],[5.957,43.719],[5.94,43.727],[5.939,43.733],[5.943,43.736],[5.939,43.749],[5.936,43.751],[5.927,43.75],[5.925,43.757],[5.903,43.753],[5.905,43.737],[5.901,43.733],[5.885,43.724],[5.856,43.724],[5.849,43.718],[5.843,43.737],[5.836,43.74],[5.831,43.747],[5.781,43.756],[5.757,43.729],[5.746,43.743],[5.717,43.756],[5.714,43.781],[5.705,43.78],[5.701,43.784],[5.686,43.787],[5.674,43.807],[5.658,43.817],[5.654,43.825],[5.628,43.831],[5.601,43.826],[5.595,43.829],[5.589,43.827],[5.575,43.83],[5.567,43.827],[5.564,43.82],[5.56,43.821],[5.548,43.817],[5.544,43.818],[5.549,43.833],[5.549,43.851],[5.573,43.863],[5.595,43.894],[5.598,43.903],[5.608,43.915],[5.594,43.917],[5.582,43.915],[5.581,43.925],[5.568,43.937],[5.569,43.942],[5.56,43.943],[5.545,43.939],[5.527,43.948],[5.521,43.945],[5.513,43.945],[5.509,43.952],[5.508,43.958],[5.518,43.992],[5.524,43.996],[5.527,44.006],[5.536,44.013],[5.544,44.026],[5.545,44.05],[5.542,44.063],[5.545,44.068],[5.503,44.063],[5.498,44.075],[5.5,44.093],[5.5,44.1],[5.497,44.102],[5.499,44.116],[5.509,44.119],[5.511,44.124],[5.541,44.133],[5.551,44.15],[5.569,44.148],[5.579,44.152],[5.583,44.158],[5.564,44.171],[5.568,44.18],[5.573,44.182],[5.576,44.188],[5.591,44.187],[5.602,44.191],[5.609,44.191],[5.61,44.188],[5.616,44.183],[5.616,44.178],[5.632,44.174],[5.634,44.17],[5.64,44.168],[5.632,44.159],[5.631,44.151],[5.678,44.146],[5.682,44.164],[5.647,44.166],[5.643,44.171],[5.652,44.185],[5.652,44.19],[5.675,44.189],[5.676,44.191]]]}},{"type":"Feature","properties":{"code":"05","nom":"Hautes-Alpes"},"geometry":{"type":"Polygon","coordinates":[[[6.261,45.127],[6.267,45.125],[6.275,45.116],[6.294,45.109],[6.317,45.112],[6.332,45.119],[6.334,45.123],[6.34,45.116],[6.348,45.114],[6.366,45.101],[6.375,45.083],[6.365,45.07],[6.396,45.061],[6.404,45.065],[6.423,45.06],[6.434,45.064],[6.44,45.062],[6.443,45.055],[6.452,45.052],[6.487,45.057],[6.486,45.063],[6.49,45.068],[6.489,45.073],[6.483,45.077],[6.487,45.082],[6.48,45.094],[6.505,45.104],[6.51,45.109],[6.53,45.099],[6.539,45.099],[6.561,45.105],[6.561,45.111],[6.577,45.123],[6.593,45.119],[6.602,45.122],[6.607,45.12],[6.616,45.121],[6.63,45.109],[6.627,45.101],[6.647,45.085],[6.645,45.076],[6.655,45.071],[6.662,45.072],[6.664,45.057],[6.659,45.052],[6.669,45.044],[6.67,45.042],[6.665,45.04],[6.664,45.034],[6.671,45.029],[6.674,45.02],[6.683,45.022],[6.721,45.022],[6.745,45.014],[6.752,44.997],[6.737,44.993],[6.738,44.989],[6.749,44.985],[6.75,44.977],[6.763,44.971],[6.765,44.962],[6.758,44.948],[6.744,44.937],[6.758,44.937],[6.761,44.933],[6.761,44.931],[6.754,44.932],[6.749,44.922],[6.752,44.92],[6.751,44.906],[6.762,44.903],[6.771,44.903],[6.778,44.899],[6.78,44.893],[6.784,44.894],[6.785,44.89],[6.802,44.891],[6.8,44.888],[6.803,44.878],[6.83,44.868],[6.839,44.86],[6.855,44.858],[6.863,44.851],[6.877,44.851],[6.887,44.847],[6.898,44.848],[6.907,44.844],[6.913,44.845],[6.922,44.851],[6.931,44.864],[6.971,44.846],[6.981,44.847],[7.001,44.842],[7.007,44.839],[7.01,44.826],[7.024,44.823],[7.02,44.821],[7.02,44.813],[7.015,44.81],[7.009,44.798],[6.999,44.79],[7.012,44.784],[7.022,44.771],[7.02,44.768],[7.025,44.76],[7.021,44.751],[7.026,44.745],[7.023,44.74],[7.029,44.735],[7.03,44.73],[7.042,44.719],[7.066,44.713],[7.065,44.708],[7.076,44.69],[7.077,44.681],[7.06,44.68],[7.03,44.691],[7.005,44.687],[6.999,44.69],[6.987,44.69],[6.971,44.677],[6.963,44.678],[6.958,44.671],[6.959,44.662],[6.948,44.655],[6.94,44.652],[6.916,44.66],[6.908,44.656],[6.901,44.645],[6.883,44.63],[6.867,44.628],[6.858,44.629],[6.858,44.626],[6.854,44.624],[6.854,44.615],[6.843,44.609],[6.824,44.609],[6.809,44.601],[6.801,44.604],[6.796,44.601],[6.792,44.592],[6.782,44.595],[6.777,44.59],[6.769,44.588],[6.767,44.585],[6.773,44.58],[6.772,44.576],[6.752,44.57],[6.748,44.56],[6.737,44.553],[6.729,44.553],[6.704,44.539],[6.681,44.541],[6.683,44.531],[6.679,44.52],[6.674,44.517],[6.673,44.507],[6.669,44.5],[6.662,44.495],[6.652,44.494],[6.642,44.486],[6.632,44.447],[6.607,44.446],[6.599,44.449],[6.59,44.446],[6.578,44.449],[6.562,44.445],[6.547,44.447],[6.536,44.452],[6.52,44.448],[6.509,44.451],[6.498,44.449],[6.482,44.454],[6.469,44.451],[6.464,44.461],[6.459,44.466],[6.445,44.466],[6.435,44.475],[6.424,44.468],[6.412,44.47],[6.407,44.477],[6.408,44.481],[6.398,44.492],[6.399,44.494],[6.385,44.499],[6.37,44.51],[6.362,44.522],[6.357,44.523],[6.348,44.515],[6.332,44.51],[6.348,44.498],[6.341,44.488],[6.339,44.471],[6.327,44.468],[6.327,44.463],[6.312,44.467],[6.298,44.475],[6.293,44.481],[6.269,44.472],[6.266,44.466],[6.233,44.463],[6.236,44.461],[6.24,44.448],[6.244,44.447],[6.248,44.437],[6.253,44.434],[6.262,44.412],[6.248,44.392],[6.248,44.389],[6.228,44.382],[6.202,44.414],[6.185,44.423],[6.182,44.432],[6.175,44.439],[6.16,44.435],[6.159,44.44],[6.156,44.442],[6.156,44.462],[6.126,44.468],[6.116,44.475],[6.102,44.472],[6.098,44.475],[6.084,44.478],[6.077,44.469],[6.081,44.468],[6.083,44.463],[6.071,44.451],[6.076,44.445],[6.076,44.438],[6.06,44.446],[6.062,44.45],[6.057,44.452],[6.055,44.447],[6.026,44.435],[6.018,44.419],[5.981,44.41],[5.957,44.397],[5.946,44.383],[5.937,44.359],[5.924,44.349],[5.918,44.339],[5.903,44.337],[5.906,44.329],[5.896,44.32],[5.898,44.316],[5.912,44.311],[5.925,44.315],[5.923,44.301],[5.926,44.293],[5.913,44.289],[5.917,44.28],[5.912,44.273],[5.913,44.268],[5.925,44.267],[5.92,44.255],[5.922,44.248],[5.913,44.249],[5.88,44.271],[5.875,44.277],[5.877,44.289],[5.867,44.296],[5.848,44.301],[5.836,44.298],[5.837,44.292],[5.824,44.279],[5.823,44.27],[5.827,44.263],[5.86,44.245],[5.861,44.236],[5.872,44.228],[5.876,44.214],[5.895,44.207],[5.908,44.207],[5.915,44.203],[5.909,44.19],[5.89,44.19],[5.888,44.194],[5.867,44.193],[5.845,44.2],[5.829,44.201],[5.814,44.21],[5.795,44.213],[5.777,44.206],[5.751,44.209],[5.737,44.201],[5.714,44.199],[5.712,44.195],[5.692,44.186],[5.676,44.191],[5.685,44.193],[5.686,44.197],[5.676,44.212],[5.682,44.234],[5.673,44.24],[5.675,44.244],[5.673,44.246],[5.674,44.256],[5.687,44.267],[5.676,44.276],[5.658,44.272],[5.647,44.267],[5.648,44.272],[5.632,44.284],[5.633,44.29],[5.643,44.294],[5.638,44.299],[5.627,44.301],[5.616,44.309],[5.608,44.307],[5.611,44.316],[5.616,44.317],[5.629,44.328],[5.633,44.328],[5.631,44.333],[5.624,44.335],[5.618,44.332],[5.604,44.334],[5.595,44.332],[5.574,44.334],[5.568,44.332],[5.561,44.336],[5.547,44.33],[5.537,44.334],[5.54,44.343],[5.529,44.343],[5.521,44.351],[5.491,44.338],[5.482,44.35],[5.468,44.352],[5.466,44.365],[5.463,44.367],[5.438,44.367],[5.432,44.371],[5.43,44.377],[5.444,44.379],[5.441,44.384],[5.443,44.391],[5.431,44.414],[5.423,44.416],[5.418,44.425],[5.437,44.434],[5.45,44.431],[5.476,44.42],[5.487,44.429],[5.494,44.428],[5.498,44.438],[5.464,44.448],[5.464,44.457],[5.461,44.46],[5.459,44.469],[5.468,44.473],[5.459,44.489],[5.458,44.499],[5.471,44.5],[5.48,44.491],[5.516,44.492],[5.545,44.483],[5.559,44.473],[5.57,44.477],[5.579,44.472],[5.603,44.465],[5.618,44.475],[5.621,44.482],[5.625,44.485],[5.625,44.495],[5.63,44.501],[5.641,44.502],[5.65,44.499],[5.665,44.502],[5.653,44.515],[5.627,44.535],[5.615,44.533],[5.597,44.543],[5.607,44.568],[5.615,44.573],[5.618,44.584],[5.626,44.587],[5.627,44.595],[5.637,44.605],[5.635,44.609],[5.646,44.609],[5.647,44.612],[5.649,44.619],[5.643,44.622],[5.639,44.636],[5.642,44.639],[5.642,44.651],[5.654,44.655],[5.656,44.651],[5.668,44.648],[5.68,44.652],[5.707,44.642],[5.715,44.644],[5.728,44.639],[5.739,44.641],[5.735,44.646],[5.737,44.65],[5.754,44.649],[5.747,44.655],[5.75,44.656],[5.75,44.661],[5.754,44.663],[5.764,44.656],[5.791,44.653],[5.793,44.661],[5.798,44.663],[5.799,44.674],[5.826,44.686],[5.83,44.691],[5.825,44.701],[5.801,44.707],[5.803,44.71],[5.811,44.713],[5.818,44.731],[5.829,44.742],[5.827,44.76],[5.838,44.758],[5.847,44.752],[5.867,44.752],[5.882,44.747],[5.889,44.749],[5.892,44.756],[5.9,44.758],[5.911,44.758],[5.919,44.751],[5.925,44.757],[5.936,44.76],[5.937,44.764],[5.951,44.76],[5.953,44.771],[5.98,44.781],[5.978,44.791],[5.962,44.796],[5.96,44.8],[5.954,44.8],[5.95,44.805],[5.96,44.812],[5.979,44.819],[5.996,44.818],[6.006,44.821],[6.009,44.83],[6.022,44.838],[6.03,44.838],[6.05,44.818],[6.057,44.816],[6.073,44.828],[6.097,44.837],[6.101,44.843],[6.111,44.843],[6.133,44.865],[6.144,44.858],[6.159,44.859],[6.168,44.852],[6.17,44.854],[6.188,44.854],[6.196,44.859],[6.225,44.852],[6.25,44.852],[6.258,44.864],[6.269,44.87],[6.281,44.87],[6.289,44.874],[6.304,44.873],[6.309,44.866],[6.317,44.862],[6.319,44.855],[6.324,44.852],[6.336,44.848],[6.354,44.853],[6.351,44.881],[6.359,44.888],[6.358,44.894],[6.354,44.897],[6.359,44.907],[6.357,44.911],[6.357,44.922],[6.353,44.925],[6.359,44.941],[6.339,44.947],[6.331,44.946],[6.323,44.953],[6.323,44.962],[6.33,44.969],[6.323,44.972],[6.315,44.98],[6.316,44.99],[6.324,44.999],[6.318,45.004],[6.306,45.005],[6.253,44.995],[6.204,45.012],[6.203,45.023],[6.21,45.029],[6.209,45.041],[6.216,45.048],[6.22,45.065],[6.24,45.068],[6.245,45.072],[6.239,45.075],[6.237,45.086],[6.229,45.1],[6.229,45.108],[6.24,45.113],[6.247,45.12],[6.257,45.122],[6.261,45.127]]]}},{"type":"Feature","properties":{"code":"06","nom":"Alpes-Maritimes"},"geometry":{"type":"MultiPolygon","coordinates":[[[[7.067,43.514],[7.043,43.516],[7.032,43.521],[7.032,43.523],[7.037,43.522],[7.048,43.524],[7.071,43.517],[7.067,43.514]]],[[[7.048,43.505],[7.037,43.509],[7.055,43.508],[7.048,43.505]]],[[[6.887,44.361],[6.906,44.358],[6.912,44.353],[6.923,44.351],[6.921,44.345],[6.927,44.332],[6.953,44.319],[6.961,44.311],[6.956,44.297],[6.958,44.295],[6.97,44.294],[6.969,44.287],[6.972,44.284],[6.981,44.287],[6.996,44.28],[6.995,44.265],[6.998,44.259],[6.997,44.252],[7.009,44.235],[7.03,44.231],[7.033,44.225],[7.039,44.224],[7.056,44.229],[7.062,44.227],[7.07,44.233],[7.077,44.232],[7.087,44.229],[7.093,44.22],[7.1,44.221],[7.114,44.218],[7.144,44.2],[7.148,44.2],[7.163,44.208],[7.167,44.202],[7.178,44.197],[7.186,44.201],[7.189,44.2],[7.194,44.187],[7.201,44.187],[7.205,44.179],[7.214,44.175],[7.219,44.168],[7.228,44.168],[7.236,44.175],[7.241,44.173],[7.252,44.156],[7.257,44.155],[7.263,44.148],[7.272,44.148],[7.281,44.141],[7.288,44.145],[7.308,44.144],[7.311,44.147],[7.321,44.143],[7.342,44.146],[7.346,44.143],[7.346,44.136],[7.358,44.116],[7.368,44.116],[7.393,44.125],[7.407,44.118],[7.415,44.119],[7.425,44.112],[7.427,44.113],[7.43,44.13],[7.461,44.126],[7.472,44.133],[7.483,44.133],[7.493,44.14],[7.507,44.144],[7.515,44.138],[7.52,44.138],[7.527,44.14],[7.535,44.148],[7.543,44.145],[7.555,44.146],[7.565,44.151],[7.565,44.155],[7.572,44.151],[7.577,44.153],[7.59,44.15],[7.598,44.153],[7.603,44.15],[7.62,44.15],[7.627,44.159],[7.627,44.163],[7.631,44.167],[7.63,44.17],[7.637,44.177],[7.678,44.177],[7.685,44.174],[7.684,44.172],[7.681,44.164],[7.672,44.158],[7.671,44.153],[7.679,44.147],[7.667,44.131],[7.674,44.118],[7.69,44.108],[7.697,44.098],[7.719,44.083],[7.713,44.075],[7.714,44.061],[7.705,44.055],[7.7,44.041],[7.691,44.04],[7.675,44.029],[7.666,44.031],[7.662,44.028],[7.662,44.018],[7.67,43.998],[7.664,43.992],[7.664,43.987],[7.656,43.985],[7.655,43.977],[7.652,43.974],[7.643,43.974],[7.631,43.964],[7.611,43.954],[7.598,43.957],[7.588,43.955],[7.581,43.948],[7.569,43.947],[7.567,43.943],[7.574,43.936],[7.571,43.929],[7.567,43.926],[7.568,43.923],[7.558,43.918],[7.562,43.91],[7.562,43.9],[7.55,43.894],[7.539,43.893],[7.527,43.886],[7.52,43.886],[7.517,43.882],[7.512,43.885],[7.51,43.879],[7.498,43.872],[7.5,43.867],[7.495,43.864],[7.497,43.85],[7.499,43.845],[7.508,43.841],[7.519,43.803],[7.53,43.788],[7.529,43.784],[7.511,43.781],[7.506,43.773],[7.502,43.774],[7.49,43.767],[7.482,43.757],[7.488,43.752],[7.487,43.749],[7.475,43.751],[7.462,43.76],[7.458,43.76],[7.453,43.758],[7.445,43.75],[7.439,43.749],[7.438,43.751],[7.431,43.749],[7.425,43.741],[7.412,43.734],[7.413,43.732],[7.409,43.73],[7.416,43.726],[7.406,43.719],[7.389,43.72],[7.389,43.723],[7.373,43.718],[7.364,43.722],[7.356,43.721],[7.351,43.715],[7.338,43.712],[7.339,43.71],[7.336,43.71],[7.337,43.707],[7.334,43.703],[7.33,43.702],[7.334,43.69],[7.341,43.686],[7.35,43.687],[7.342,43.683],[7.335,43.686],[7.335,43.678],[7.331,43.675],[7.326,43.674],[7.324,43.677],[7.325,43.681],[7.32,43.69],[7.325,43.693],[7.325,43.7],[7.321,43.7],[7.321,43.704],[7.315,43.707],[7.307,43.698],[7.309,43.693],[7.304,43.685],[7.294,43.687],[7.293,43.691],[7.285,43.694],[7.284,43.698],[7.285,43.693],[7.262,43.694],[7.241,43.688],[7.231,43.679],[7.23,43.665],[7.225,43.659],[7.213,43.653],[7.212,43.647],[7.201,43.645],[7.199,43.647],[7.203,43.651],[7.195,43.658],[7.176,43.656],[7.168,43.657],[7.157,43.653],[7.147,43.645],[7.14,43.635],[7.137,43.636],[7.139,43.633],[7.13,43.618],[7.126,43.605],[7.126,43.595],[7.13,43.59],[7.122,43.587],[7.13,43.583],[7.125,43.574],[7.132,43.569],[7.141,43.569],[7.135,43.556],[7.145,43.552],[7.139,43.549],[7.136,43.545],[7.123,43.546],[7.121,43.544],[7.123,43.543],[7.119,43.543],[7.12,43.545],[7.117,43.548],[7.122,43.552],[7.122,43.56],[7.113,43.567],[7.096,43.571],[7.084,43.57],[7.069,43.563],[7.055,43.547],[7.041,43.542],[7.038,43.535],[7.033,43.539],[7.033,43.546],[7.024,43.549],[7.017,43.548],[7.017,43.551],[7.013,43.55],[7.012,43.547],[6.994,43.549],[6.972,43.545],[6.955,43.537],[6.948,43.531],[6.95,43.528],[6.946,43.526],[6.938,43.516],[6.938,43.509],[6.952,43.506],[6.957,43.501],[6.956,43.497],[6.95,43.495],[6.947,43.489],[6.949,43.485],[6.946,43.483],[6.931,43.484],[6.934,43.48],[6.914,43.483],[6.913,43.494],[6.9,43.496],[6.893,43.501],[6.884,43.503],[6.895,43.519],[6.896,43.527],[6.879,43.529],[6.888,43.553],[6.898,43.557],[6.901,43.564],[6.908,43.564],[6.908,43.573],[6.898,43.582],[6.912,43.598],[6.903,43.603],[6.894,43.612],[6.885,43.607],[6.872,43.607],[6.867,43.603],[6.857,43.611],[6.853,43.609],[6.854,43.605],[6.852,43.604],[6.845,43.613],[6.839,43.614],[6.841,43.615],[6.839,43.617],[6.825,43.623],[6.817,43.63],[6.799,43.628],[6.792,43.634],[6.794,43.639],[6.784,43.649],[6.783,43.654],[6.776,43.66],[6.766,43.66],[6.761,43.666],[6.761,43.681],[6.765,43.685],[6.764,43.688],[6.774,43.693],[6.772,43.698],[6.774,43.704],[6.767,43.711],[6.767,43.722],[6.756,43.727],[6.757,43.734],[6.752,43.741],[6.746,43.737],[6.715,43.739],[6.713,43.74],[6.714,43.746],[6.701,43.754],[6.683,43.758],[6.671,43.752],[6.657,43.749],[6.652,43.765],[6.64,43.769],[6.646,43.775],[6.644,43.779],[6.636,43.782],[6.636,43.789],[6.642,43.795],[6.691,43.804],[6.706,43.808],[6.712,43.815],[6.703,43.824],[6.668,43.831],[6.678,43.852],[6.703,43.856],[6.698,43.859],[6.696,43.876],[6.678,43.879],[6.673,43.883],[6.673,43.888],[6.748,43.872],[6.782,43.884],[6.79,43.897],[6.8,43.906],[6.799,43.91],[6.832,43.918],[6.833,43.915],[6.853,43.915],[6.854,43.907],[6.865,43.907],[6.877,43.899],[6.885,43.889],[6.902,43.893],[6.933,43.895],[6.944,43.9],[6.939,43.906],[6.929,43.91],[6.913,43.928],[6.898,43.927],[6.884,43.935],[6.876,43.945],[6.875,43.953],[6.848,43.954],[6.846,43.978],[6.835,43.983],[6.839,43.99],[6.798,44.005],[6.789,44.023],[6.776,44.024],[6.747,44.041],[6.748,44.065],[6.756,44.08],[6.719,44.119],[6.708,44.124],[6.704,44.136],[6.707,44.144],[6.698,44.149],[6.7,44.157],[6.687,44.169],[6.702,44.178],[6.703,44.184],[6.698,44.19],[6.705,44.195],[6.706,44.201],[6.718,44.208],[6.714,44.218],[6.725,44.226],[6.726,44.23],[6.722,44.235],[6.726,44.242],[6.724,44.25],[6.738,44.253],[6.742,44.259],[6.759,44.262],[6.758,44.274],[6.764,44.28],[6.79,44.272],[6.786,44.289],[6.796,44.298],[6.796,44.316],[6.807,44.321],[6.806,44.326],[6.809,44.331],[6.822,44.333],[6.84,44.346],[6.86,44.344],[6.887,44.361]]]]}},{"type":"Feature","properties":{"code":"07","nom":"Ardèche"},"geometry":{"type":"Polygon","coordinates":[[[4.483,45.236],[4.488,45.232],[4.499,45.234],[4.508,45.231],[4.513,45.235],[4.509,45.245],[4.529,45.24],[4.531,45.234],[4.541,45.235],[4.542,45.237],[4.538,45.243],[4.541,45.244],[4.566,45.248],[4.573,45.245],[4.581,45.247],[4.585,45.244],[4.595,45.251],[4.602,45.251],[4.607,45.255],[4.606,45.263],[4.6,45.269],[4.592,45.27],[4.591,45.273],[4.597,45.281],[4.599,45.289],[4.623,45.291],[4.623,45.296],[4.615,45.3],[4.617,45.302],[4.616,45.312],[4.624,45.311],[4.632,45.316],[4.641,45.317],[4.643,45.319],[4.639,45.326],[4.662,45.34],[4.68,45.346],[4.698,45.345],[4.703,45.35],[4.722,45.354],[4.726,45.362],[4.756,45.366],[4.774,45.353],[4.774,45.346],[4.768,45.344],[4.764,45.345],[4.762,45.342],[4.762,45.324],[4.77,45.316],[4.8,45.298],[4.809,45.29],[4.81,45.264],[4.801,45.243],[4.803,45.227],[4.813,45.204],[4.805,45.194],[4.812,45.182],[4.809,45.169],[4.814,45.163],[4.824,45.161],[4.829,45.157],[4.824,45.148],[4.804,45.133],[4.803,45.125],[4.83,45.097],[4.832,45.09],[4.828,45.078],[4.83,45.072],[4.854,45.063],[4.861,45.055],[4.857,45.049],[4.84,45.036],[4.84,45.029],[4.846,45.02],[4.836,45.008],[4.851,44.995],[4.853,44.98],[4.86,44.966],[4.876,44.955],[4.887,44.937],[4.874,44.922],[4.868,44.909],[4.856,44.901],[4.855,44.89],[4.861,44.881],[4.861,44.874],[4.845,44.858],[4.844,44.846],[4.84,44.842],[4.823,44.839],[4.82,44.836],[4.823,44.817],[4.8,44.813],[4.801,44.806],[4.796,44.803],[4.796,44.794],[4.783,44.783],[4.766,44.779],[4.761,44.772],[4.763,44.765],[4.769,44.76],[4.759,44.748],[4.764,44.735],[4.763,44.717],[4.772,44.706],[4.774,44.697],[4.781,44.683],[4.776,44.665],[4.779,44.655],[4.773,44.642],[4.758,44.631],[4.758,44.627],[4.74,44.602],[4.744,44.601],[4.742,44.589],[4.71,44.582],[4.705,44.574],[4.707,44.566],[4.705,44.562],[4.702,44.56],[4.698,44.564],[4.693,44.559],[4.694,44.542],[4.707,44.534],[4.703,44.524],[4.693,44.517],[4.688,44.506],[4.689,44.493],[4.7,44.479],[4.7,44.46],[4.694,44.444],[4.672,44.436],[4.667,44.431],[4.664,44.418],[4.664,44.396],[4.649,44.372],[4.647,44.347],[4.651,44.33],[4.649,44.312],[4.654,44.297],[4.649,44.27],[4.641,44.274],[4.635,44.285],[4.616,44.278],[4.612,44.286],[4.605,44.291],[4.587,44.295],[4.577,44.3],[4.57,44.299],[4.559,44.302],[4.544,44.321],[4.549,44.326],[4.532,44.323],[4.523,44.33],[4.513,44.328],[4.513,44.334],[4.507,44.337],[4.507,44.343],[4.504,44.344],[4.503,44.339],[4.499,44.338],[4.482,44.337],[4.475,44.342],[4.454,44.34],[4.451,44.333],[4.448,44.297],[4.453,44.298],[4.44,44.283],[4.435,44.283],[4.431,44.288],[4.433,44.291],[4.42,44.287],[4.401,44.288],[4.395,44.291],[4.392,44.298],[4.394,44.3],[4.39,44.301],[4.403,44.334],[4.391,44.347],[4.368,44.339],[4.326,44.338],[4.33,44.332],[4.317,44.321],[4.303,44.315],[4.288,44.315],[4.291,44.309],[4.289,44.292],[4.28,44.282],[4.278,44.275],[4.258,44.265],[4.241,44.27],[4.215,44.291],[4.187,44.299],[4.178,44.313],[4.178,44.318],[4.165,44.312],[4.143,44.313],[4.14,44.328],[4.135,44.329],[4.132,44.336],[4.127,44.338],[4.116,44.327],[4.104,44.334],[4.094,44.335],[4.093,44.331],[4.074,44.33],[4.069,44.325],[4.051,44.317],[4.047,44.319],[4.049,44.321],[4.046,44.322],[4.047,44.324],[4.036,44.33],[4.048,44.334],[4.054,44.339],[4.051,44.347],[4.055,44.35],[4.053,44.36],[4.056,44.36],[4.058,44.363],[4.051,44.374],[4.053,44.379],[4.044,44.385],[4.04,44.391],[4.048,44.398],[4.056,44.393],[4.065,44.395],[4.063,44.399],[4.068,44.405],[4.057,44.414],[4.035,44.42],[4.046,44.433],[4.038,44.446],[4.023,44.446],[4.022,44.45],[4.014,44.451],[4.014,44.455],[3.998,44.46],[3.997,44.466],[3.993,44.467],[3.986,44.478],[3.987,44.491],[3.984,44.494],[3.987,44.495],[3.988,44.5],[3.986,44.502],[3.988,44.504],[3.983,44.509],[3.982,44.516],[3.978,44.516],[3.979,44.522],[3.97,44.529],[3.955,44.567],[3.945,44.574],[3.937,44.574],[3.929,44.569],[3.924,44.571],[3.916,44.583],[3.92,44.586],[3.918,44.588],[3.905,44.593],[3.904,44.597],[3.907,44.602],[3.907,44.611],[3.894,44.614],[3.893,44.627],[3.896,44.638],[3.894,44.641],[3.897,44.645],[3.89,44.657],[3.883,44.658],[3.884,44.665],[3.878,44.668],[3.879,44.674],[3.87,44.678],[3.877,44.685],[3.877,44.689],[3.884,44.693],[3.884,44.698],[3.87,44.697],[3.867,44.702],[3.873,44.707],[3.862,44.712],[3.867,44.728],[3.878,44.732],[3.878,44.737],[3.875,44.741],[3.863,44.744],[3.869,44.755],[3.876,44.757],[3.893,44.751],[3.899,44.753],[3.896,44.754],[3.9,44.764],[3.914,44.765],[3.925,44.77],[3.911,44.779],[3.923,44.777],[3.926,44.791],[3.937,44.795],[3.945,44.825],[3.963,44.83],[3.97,44.818],[3.982,44.812],[3.989,44.812],[3.987,44.818],[3.98,44.826],[3.982,44.833],[3.991,44.834],[3.995,44.822],[4,44.819],[4.001,44.824],[4.007,44.83],[4.004,44.833],[4.005,44.838],[4.013,44.837],[4.014,44.829],[4.027,44.831],[4.029,44.838],[4.02,44.846],[4.025,44.85],[4.024,44.859],[4.034,44.872],[4.04,44.873],[4.046,44.87],[4.056,44.873],[4.071,44.867],[4.074,44.871],[4.08,44.868],[4.093,44.87],[4.103,44.874],[4.104,44.877],[4.117,44.879],[4.131,44.876],[4.133,44.874],[4.157,44.873],[4.165,44.882],[4.179,44.887],[4.182,44.908],[4.191,44.912],[4.19,44.914],[4.203,44.925],[4.202,44.927],[4.217,44.934],[4.217,44.939],[4.223,44.949],[4.22,44.956],[4.222,44.961],[4.227,44.966],[4.236,44.97],[4.238,44.967],[4.246,44.965],[4.253,44.959],[4.278,44.967],[4.294,44.967],[4.314,44.974],[4.313,44.98],[4.308,44.983],[4.308,44.986],[4.293,44.992],[4.29,44.997],[4.292,45.007],[4.297,45.011],[4.297,45.019],[4.304,45.019],[4.302,45.026],[4.311,45.025],[4.31,45.032],[4.341,45.026],[4.349,45.03],[4.352,45.028],[4.356,45.034],[4.366,45.034],[4.367,45.037],[4.379,45.036],[4.382,45.042],[4.378,45.055],[4.36,45.056],[4.352,45.064],[4.347,45.065],[4.346,45.069],[4.348,45.07],[4.347,45.077],[4.354,45.076],[4.36,45.08],[4.355,45.085],[4.357,45.087],[4.367,45.089],[4.363,45.091],[4.364,45.095],[4.359,45.099],[4.37,45.102],[4.372,45.106],[4.385,45.101],[4.388,45.105],[4.4,45.105],[4.4,45.118],[4.391,45.119],[4.39,45.123],[4.377,45.123],[4.374,45.128],[4.369,45.129],[4.377,45.136],[4.374,45.144],[4.389,45.143],[4.397,45.139],[4.414,45.142],[4.414,45.14],[4.423,45.137],[4.432,45.128],[4.431,45.122],[4.428,45.122],[4.426,45.118],[4.431,45.116],[4.428,45.115],[4.436,45.109],[4.441,45.111],[4.435,45.118],[4.438,45.122],[4.44,45.123],[4.444,45.118],[4.456,45.119],[4.458,45.123],[4.455,45.126],[4.446,45.131],[4.443,45.145],[4.447,45.152],[4.448,45.163],[4.458,45.168],[4.459,45.175],[4.473,45.179],[4.473,45.185],[4.481,45.195],[4.478,45.2],[4.479,45.208],[4.477,45.212],[4.481,45.216],[4.488,45.216],[4.487,45.221],[4.491,45.224],[4.483,45.232],[4.483,45.236]]]}},{"type":"Feature","properties":{"code":"08","nom":"Ardennes"},"geometry":{"type":"Polygon","coordinates":[[[4.233,49.958],[4.269,49.965],[4.297,49.965],[4.309,49.97],[4.323,49.963],[4.337,49.962],[4.35,49.952],[4.371,49.951],[4.382,49.954],[4.392,49.947],[4.404,49.949],[4.418,49.947],[4.447,49.938],[4.482,49.948],[4.51,49.947],[4.519,49.952],[4.523,49.95],[4.531,49.961],[4.542,49.969],[4.564,49.97],[4.572,49.974],[4.574,49.98],[4.582,49.984],[4.633,49.987],[4.664,49.994],[4.666,49.997],[4.694,49.996],[4.685,50.007],[4.689,50.011],[4.686,50.016],[4.687,50.025],[4.685,50.027],[4.697,50.043],[4.696,50.049],[4.7,50.054],[4.696,50.059],[4.686,50.058],[4.68,50.066],[4.688,50.073],[4.693,50.085],[4.702,50.096],[4.713,50.097],[4.716,50.101],[4.751,50.112],[4.753,50.117],[4.748,50.122],[4.756,50.122],[4.762,50.136],[4.806,50.153],[4.825,50.169],[4.824,50.161],[4.832,50.153],[4.876,50.154],[4.88,50.152],[4.881,50.141],[4.895,50.14],[4.897,50.138],[4.885,50.13],[4.878,50.131],[4.878,50.127],[4.871,50.125],[4.867,50.119],[4.874,50.108],[4.868,50.097],[4.876,50.094],[4.872,50.088],[4.861,50.093],[4.862,50.097],[4.859,50.1],[4.851,50.101],[4.838,50.093],[4.842,50.091],[4.846,50.085],[4.841,50.083],[4.843,50.077],[4.838,50.067],[4.819,50.066],[4.821,50.065],[4.819,50.061],[4.829,50.057],[4.827,50.05],[4.832,50.047],[4.84,50.046],[4.841,50.04],[4.819,50.026],[4.822,50.022],[4.818,50.02],[4.817,50.016],[4.821,50.012],[4.816,50.003],[4.819,49.995],[4.804,49.983],[4.793,49.982],[4.795,49.977],[4.79,49.97],[4.791,49.958],[4.83,49.949],[4.847,49.949],[4.859,49.932],[4.881,49.922],[4.88,49.917],[4.89,49.909],[4.886,49.906],[4.877,49.905],[4.876,49.901],[4.885,49.902],[4.887,49.899],[4.877,49.894],[4.869,49.884],[4.871,49.879],[4.866,49.878],[4.863,49.875],[4.863,49.867],[4.851,49.865],[4.852,49.854],[4.858,49.846],[4.858,49.842],[4.867,49.842],[4.869,49.823],[4.877,49.819],[4.865,49.813],[4.863,49.802],[4.851,49.794],[4.864,49.789],[4.871,49.789],[4.87,49.793],[4.879,49.793],[4.887,49.788],[4.898,49.789],[4.906,49.785],[4.922,49.789],[4.931,49.787],[4.939,49.793],[4.944,49.792],[4.947,49.798],[4.957,49.802],[4.963,49.798],[4.968,49.799],[4.969,49.802],[4.999,49.8],[4.998,49.795],[5.007,49.788],[5.007,49.783],[5.014,49.78],[5.037,49.772],[5.061,49.767],[5.063,49.762],[5.084,49.763],[5.088,49.766],[5.094,49.764],[5.119,49.738],[5.125,49.727],[5.123,49.717],[5.126,49.712],[5.139,49.714],[5.144,49.709],[5.151,49.718],[5.158,49.717],[5.165,49.712],[5.164,49.699],[5.166,49.693],[5.192,49.695],[5.199,49.692],[5.205,49.696],[5.218,49.687],[5.232,49.691],[5.243,49.689],[5.243,49.686],[5.249,49.688],[5.256,49.694],[5.271,49.695],[5.287,49.682],[5.309,49.672],[5.332,49.655],[5.333,49.653],[5.318,49.646],[5.305,49.63],[5.305,49.625],[5.314,49.611],[5.326,49.616],[5.34,49.617],[5.344,49.628],[5.347,49.631],[5.364,49.623],[5.373,49.624],[5.394,49.617],[5.381,49.604],[5.378,49.593],[5.366,49.593],[5.351,49.588],[5.34,49.595],[5.329,49.58],[5.318,49.574],[5.317,49.567],[5.308,49.563],[5.312,49.559],[5.285,49.553],[5.276,49.544],[5.268,49.545],[5.263,49.542],[5.258,49.545],[5.254,49.556],[5.235,49.562],[5.236,49.569],[5.209,49.574],[5.198,49.567],[5.184,49.57],[5.163,49.563],[5.159,49.572],[5.153,49.577],[5.151,49.586],[5.144,49.591],[5.114,49.592],[5.105,49.576],[5.11,49.574],[5.11,49.57],[5.112,49.569],[5.108,49.562],[5.113,49.561],[5.108,49.555],[5.096,49.558],[5.094,49.55],[5.088,49.545],[5.091,49.54],[5.088,49.537],[5.09,49.535],[5.1,49.537],[5.098,49.534],[5.099,49.532],[5.091,49.526],[5.09,49.521],[5.086,49.52],[5.079,49.509],[5.062,49.507],[5.06,49.501],[5.067,49.497],[5.075,49.486],[5.084,49.484],[5.083,49.47],[5.095,49.46],[5.106,49.461],[5.111,49.458],[5.107,49.454],[5.109,49.447],[5.1,49.444],[5.1,49.441],[5.106,49.432],[5.105,49.426],[5.116,49.422],[5.115,49.419],[5.107,49.415],[5.097,49.414],[5.091,49.407],[5.077,49.403],[5.088,49.402],[5.09,49.401],[5.086,49.399],[5.104,49.39],[5.099,49.385],[5.101,49.378],[5.085,49.37],[5.061,49.372],[5.053,49.366],[5.057,49.361],[5.056,49.359],[5.034,49.34],[5.026,49.336],[5.026,49.333],[5.029,49.33],[5.027,49.327],[5.038,49.316],[5.025,49.31],[5.036,49.307],[5.042,49.298],[5.038,49.297],[5.04,49.295],[5.054,49.295],[5.059,49.29],[5.049,49.285],[5.051,49.274],[5.034,49.271],[5.026,49.274],[4.996,49.264],[4.999,49.259],[4.968,49.249],[4.961,49.241],[4.951,49.237],[4.95,49.241],[4.946,49.244],[4.922,49.252],[4.934,49.26],[4.934,49.262],[4.927,49.262],[4.917,49.26],[4.924,49.267],[4.901,49.262],[4.893,49.258],[4.877,49.263],[4.883,49.257],[4.878,49.256],[4.878,49.249],[4.869,49.247],[4.862,49.24],[4.862,49.237],[4.867,49.236],[4.866,49.227],[4.863,49.23],[4.842,49.232],[4.837,49.236],[4.831,49.233],[4.826,49.237],[4.831,49.241],[4.83,49.243],[4.817,49.241],[4.815,49.25],[4.802,49.248],[4.801,49.244],[4.791,49.241],[4.773,49.245],[4.744,49.241],[4.743,49.245],[4.727,49.254],[4.704,49.251],[4.704,49.255],[4.689,49.257],[4.68,49.253],[4.671,49.241],[4.66,49.24],[4.646,49.233],[4.634,49.232],[4.632,49.235],[4.619,49.239],[4.62,49.247],[4.611,49.257],[4.608,49.269],[4.595,49.271],[4.595,49.273],[4.592,49.273],[4.591,49.277],[4.594,49.28],[4.59,49.281],[4.6,49.289],[4.598,49.291],[4.584,49.291],[4.584,49.293],[4.576,49.297],[4.573,49.294],[4.568,49.297],[4.557,49.295],[4.541,49.286],[4.515,49.282],[4.516,49.28],[4.484,49.281],[4.46,49.278],[4.447,49.273],[4.44,49.28],[4.423,49.281],[4.417,49.288],[4.409,49.287],[4.408,49.291],[4.403,49.293],[4.396,49.292],[4.374,49.32],[4.376,49.324],[4.344,49.314],[4.342,49.315],[4.346,49.322],[4.338,49.326],[4.308,49.327],[4.288,49.349],[4.294,49.353],[4.292,49.354],[4.286,49.35],[4.284,49.354],[4.277,49.351],[4.268,49.36],[4.258,49.364],[4.256,49.366],[4.259,49.37],[4.248,49.378],[4.248,49.382],[4.237,49.381],[4.214,49.388],[4.201,49.384],[4.189,49.399],[4.191,49.401],[4.157,49.401],[4.143,49.404],[4.132,49.402],[4.077,49.402],[4.073,49.404],[4.048,49.406],[4.05,49.416],[4.042,49.417],[4.044,49.429],[4.041,49.43],[4.038,49.438],[4.05,49.448],[4.052,49.444],[4.06,49.447],[4.068,49.445],[4.061,49.452],[4.058,49.451],[4.055,49.459],[4.042,49.469],[4.041,49.509],[4.058,49.508],[4.057,49.511],[4.062,49.513],[4.057,49.521],[4.062,49.523],[4.065,49.523],[4.072,49.516],[4.076,49.518],[4.074,49.524],[4.077,49.525],[4.076,49.541],[4.049,49.545],[4.05,49.552],[4.058,49.553],[4.063,49.556],[4.06,49.558],[4.062,49.561],[4.064,49.56],[4.067,49.564],[4.075,49.566],[4.077,49.571],[4.063,49.571],[4.059,49.576],[4.062,49.586],[4.062,49.589],[4.058,49.589],[4.058,49.592],[4.065,49.592],[4.066,49.594],[4.054,49.595],[4.052,49.6],[4.047,49.6],[4.025,49.621],[4.038,49.623],[4.038,49.628],[4.043,49.633],[4.04,49.634],[4.041,49.638],[4.056,49.634],[4.069,49.638],[4.081,49.634],[4.086,49.629],[4.099,49.628],[4.102,49.633],[4.116,49.633],[4.119,49.639],[4.117,49.641],[4.126,49.651],[4.122,49.658],[4.127,49.678],[4.137,49.676],[4.137,49.678],[4.149,49.678],[4.144,49.689],[4.185,49.699],[4.184,49.703],[4.192,49.712],[4.191,49.716],[4.206,49.724],[4.214,49.724],[4.232,49.73],[4.226,49.733],[4.23,49.747],[4.25,49.757],[4.242,49.762],[4.243,49.767],[4.234,49.769],[4.229,49.773],[4.214,49.771],[4.206,49.778],[4.222,49.787],[4.227,49.793],[4.219,49.8],[4.222,49.805],[4.214,49.806],[4.22,49.814],[4.224,49.834],[4.23,49.836],[4.233,49.848],[4.249,49.857],[4.253,49.87],[4.254,49.887],[4.251,49.889],[4.256,49.903],[4.235,49.904],[4.233,49.909],[4.222,49.91],[4.217,49.914],[4.221,49.937],[4.23,49.946],[4.233,49.958]]]}},{"type":"Feature","properties":{"code":"09","nom":"Ariège"},"geometry":{"type":"Polygon","coordinates":[[[1.688,43.274],[1.701,43.262],[1.702,43.257],[1.7,43.249],[1.695,43.247],[1.7,43.245],[1.705,43.246],[1.707,43.244],[1.702,43.24],[1.709,43.237],[1.718,43.229],[1.716,43.228],[1.724,43.225],[1.721,43.223],[1.721,43.219],[1.726,43.212],[1.714,43.205],[1.713,43.201],[1.708,43.198],[1.711,43.187],[1.724,43.188],[1.741,43.184],[1.744,43.183],[1.745,43.176],[1.781,43.16],[1.784,43.151],[1.793,43.159],[1.805,43.157],[1.825,43.146],[1.849,43.146],[1.852,43.148],[1.842,43.155],[1.843,43.158],[1.85,43.157],[1.852,43.161],[1.857,43.145],[1.877,43.143],[1.88,43.147],[1.881,43.127],[1.891,43.125],[1.889,43.119],[1.894,43.115],[1.902,43.123],[1.902,43.13],[1.914,43.134],[1.927,43.129],[1.928,43.124],[1.949,43.121],[1.953,43.113],[1.95,43.106],[1.956,43.085],[1.951,43.084],[1.95,43.08],[1.957,43.08],[1.958,43.076],[1.964,43.069],[1.951,43.066],[1.943,43.067],[1.94,43.063],[1.943,43.055],[1.941,43.053],[1.951,43.047],[1.961,43.05],[1.973,43.046],[1.975,43.04],[1.985,43.033],[1.985,43.022],[1.971,43.01],[1.987,43.003],[1.985,42.997],[1.988,42.993],[1.982,42.988],[1.987,42.972],[1.985,42.967],[1.998,42.961],[2.006,42.962],[1.995,42.953],[1.989,42.953],[1.98,42.961],[1.963,42.961],[1.958,42.964],[1.956,42.958],[1.936,42.954],[1.934,42.939],[1.981,42.93],[1.981,42.923],[1.988,42.917],[1.992,42.905],[1.985,42.903],[1.987,42.896],[1.983,42.89],[1.981,42.878],[1.987,42.871],[1.946,42.856],[1.876,42.853],[1.876,42.84],[1.86,42.828],[1.86,42.82],[1.871,42.815],[1.896,42.809],[1.898,42.803],[1.906,42.798],[1.92,42.781],[1.929,42.775],[1.922,42.77],[1.909,42.769],[1.914,42.758],[1.93,42.755],[1.931,42.751],[1.946,42.746],[1.948,42.739],[1.952,42.737],[2,42.736],[2.004,42.733],[2.014,42.74],[2.025,42.739],[2.031,42.741],[2.031,42.747],[2.042,42.746],[2.056,42.756],[2.086,42.752],[2.087,42.739],[2.092,42.735],[2.14,42.712],[2.141,42.706],[2.147,42.701],[2.16,42.702],[2.168,42.696],[2.176,42.681],[2.167,42.673],[2.166,42.664],[2.151,42.662],[2.128,42.672],[2.109,42.664],[2.085,42.667],[2.081,42.665],[2.07,42.666],[2.061,42.662],[2.047,42.664],[2.043,42.658],[2.028,42.653],[2.019,42.653],[2.012,42.657],[2.012,42.659],[1.999,42.661],[1.972,42.617],[1.95,42.618],[1.944,42.613],[1.944,42.609],[1.933,42.605],[1.927,42.609],[1.907,42.609],[1.9,42.615],[1.893,42.606],[1.895,42.602],[1.891,42.593],[1.884,42.59],[1.874,42.59],[1.874,42.581],[1.864,42.579],[1.86,42.584],[1.854,42.581],[1.852,42.584],[1.837,42.585],[1.801,42.572],[1.786,42.574],[1.781,42.583],[1.761,42.581],[1.742,42.588],[1.726,42.59],[1.726,42.6],[1.738,42.611],[1.736,42.617],[1.714,42.615],[1.698,42.623],[1.684,42.625],[1.664,42.619],[1.657,42.621],[1.654,42.626],[1.637,42.63],[1.628,42.626],[1.609,42.629],[1.602,42.625],[1.593,42.633],[1.586,42.634],[1.58,42.638],[1.575,42.648],[1.549,42.656],[1.534,42.65],[1.526,42.651],[1.519,42.645],[1.501,42.645],[1.494,42.653],[1.479,42.652],[1.477,42.641],[1.47,42.636],[1.468,42.631],[1.477,42.613],[1.469,42.607],[1.457,42.602],[1.438,42.603],[1.429,42.613],[1.431,42.617],[1.421,42.625],[1.414,42.656],[1.405,42.657],[1.397,42.668],[1.388,42.668],[1.389,42.687],[1.377,42.695],[1.365,42.695],[1.351,42.703],[1.353,42.711],[1.358,42.715],[1.357,42.719],[1.338,42.719],[1.335,42.724],[1.325,42.724],[1.309,42.717],[1.293,42.719],[1.278,42.714],[1.275,42.718],[1.269,42.718],[1.253,42.715],[1.247,42.722],[1.229,42.728],[1.217,42.72],[1.189,42.717],[1.176,42.709],[1.166,42.709],[1.149,42.721],[1.133,42.728],[1.135,42.736],[1.131,42.739],[1.13,42.746],[1.133,42.75],[1.128,42.755],[1.12,42.763],[1.109,42.766],[1.107,42.772],[1.086,42.778],[1.079,42.788],[1.073,42.782],[1.047,42.781],[1.042,42.786],[1.031,42.785],[1.006,42.791],[0.986,42.787],[0.978,42.79],[0.976,42.796],[0.96,42.806],[0.938,42.796],[0.934,42.79],[0.926,42.789],[0.915,42.796],[0.908,42.797],[0.906,42.801],[0.885,42.813],[0.87,42.817],[0.858,42.826],[0.86,42.838],[0.857,42.84],[0.848,42.857],[0.848,42.865],[0.84,42.866],[0.835,42.872],[0.844,42.89],[0.841,42.897],[0.833,42.902],[0.834,42.909],[0.826,42.914],[0.827,42.916],[0.845,42.926],[0.858,42.924],[0.868,42.929],[0.874,42.926],[0.884,42.931],[0.885,42.937],[0.879,42.943],[0.875,42.958],[0.906,42.958],[0.928,42.967],[0.952,42.966],[0.976,42.973],[0.995,42.991],[1.003,43.005],[1.022,43.01],[1.013,43.01],[1.006,43.02],[0.987,43.025],[0.984,43.044],[0.993,43.04],[0.994,43.046],[0.993,43.048],[0.989,43.047],[0.984,43.051],[0.986,43.065],[0.979,43.073],[0.996,43.072],[1.006,43.082],[0.997,43.086],[0.991,43.092],[0.992,43.098],[1,43.099],[0.998,43.101],[1.004,43.104],[1.002,43.114],[1.009,43.114],[1.012,43.11],[1.019,43.108],[1.018,43.105],[1.025,43.104],[1.026,43.101],[1.036,43.099],[1.051,43.119],[1.052,43.134],[1.047,43.137],[1.052,43.139],[1.054,43.145],[1.06,43.138],[1.071,43.139],[1.088,43.134],[1.087,43.138],[1.09,43.142],[1.113,43.145],[1.111,43.148],[1.124,43.156],[1.14,43.145],[1.145,43.144],[1.142,43.142],[1.145,43.138],[1.166,43.13],[1.175,43.141],[1.201,43.121],[1.208,43.119],[1.213,43.11],[1.211,43.104],[1.218,43.098],[1.224,43.086],[1.262,43.092],[1.259,43.097],[1.259,43.1],[1.263,43.101],[1.259,43.106],[1.26,43.109],[1.281,43.111],[1.289,43.123],[1.303,43.123],[1.276,43.142],[1.274,43.148],[1.262,43.146],[1.219,43.153],[1.216,43.158],[1.218,43.159],[1.214,43.162],[1.222,43.166],[1.224,43.172],[1.228,43.174],[1.227,43.183],[1.232,43.188],[1.244,43.19],[1.251,43.183],[1.263,43.186],[1.268,43.191],[1.267,43.192],[1.274,43.196],[1.296,43.189],[1.306,43.195],[1.315,43.19],[1.321,43.19],[1.33,43.197],[1.328,43.205],[1.338,43.207],[1.345,43.212],[1.36,43.213],[1.368,43.209],[1.374,43.214],[1.383,43.229],[1.382,43.234],[1.375,43.238],[1.374,43.245],[1.367,43.242],[1.34,43.244],[1.336,43.25],[1.327,43.249],[1.318,43.251],[1.332,43.257],[1.331,43.263],[1.321,43.261],[1.294,43.264],[1.294,43.268],[1.302,43.271],[1.293,43.288],[1.303,43.286],[1.301,43.289],[1.306,43.291],[1.305,43.298],[1.318,43.296],[1.324,43.309],[1.332,43.316],[1.337,43.314],[1.35,43.316],[1.373,43.31],[1.364,43.308],[1.367,43.304],[1.365,43.302],[1.378,43.296],[1.376,43.289],[1.383,43.288],[1.391,43.281],[1.402,43.278],[1.414,43.269],[1.412,43.266],[1.419,43.265],[1.42,43.261],[1.424,43.26],[1.424,43.257],[1.429,43.254],[1.425,43.248],[1.427,43.246],[1.425,43.241],[1.417,43.237],[1.42,43.232],[1.416,43.226],[1.426,43.224],[1.434,43.217],[1.468,43.209],[1.478,43.223],[1.487,43.227],[1.499,43.222],[1.508,43.221],[1.503,43.225],[1.504,43.233],[1.493,43.238],[1.498,43.24],[1.504,43.25],[1.498,43.255],[1.492,43.254],[1.489,43.258],[1.493,43.263],[1.489,43.27],[1.497,43.276],[1.493,43.282],[1.497,43.292],[1.507,43.286],[1.512,43.293],[1.518,43.289],[1.515,43.286],[1.517,43.281],[1.515,43.279],[1.519,43.269],[1.541,43.278],[1.542,43.275],[1.546,43.277],[1.565,43.253],[1.573,43.262],[1.574,43.265],[1.568,43.27],[1.572,43.276],[1.574,43.273],[1.579,43.275],[1.583,43.269],[1.602,43.266],[1.607,43.26],[1.637,43.255],[1.635,43.237],[1.644,43.237],[1.656,43.244],[1.657,43.25],[1.651,43.254],[1.65,43.261],[1.674,43.281],[1.688,43.274]]]}},{"type":"Feature","properties":{"code":"10","nom":"Aube"},"geometry":{"type":"Polygon","coordinates":[[[3.415,48.39],[3.422,48.416],[3.403,48.415],[3.402,48.418],[3.408,48.416],[3.411,48.417],[3.412,48.421],[3.397,48.425],[3.392,48.423],[3.397,48.433],[3.395,48.437],[3.402,48.436],[3.405,48.439],[3.406,48.452],[3.394,48.463],[3.4,48.468],[3.391,48.47],[3.389,48.477],[3.383,48.479],[3.392,48.482],[3.393,48.484],[3.399,48.484],[3.398,48.486],[3.404,48.486],[3.405,48.489],[3.41,48.486],[3.42,48.492],[3.435,48.49],[3.435,48.496],[3.424,48.515],[3.405,48.528],[3.414,48.533],[3.423,48.534],[3.44,48.528],[3.457,48.53],[3.476,48.541],[3.482,48.541],[3.479,48.546],[3.486,48.545],[3.486,48.547],[3.476,48.552],[3.474,48.564],[3.466,48.57],[3.473,48.577],[3.485,48.58],[3.493,48.59],[3.516,48.59],[3.503,48.605],[3.535,48.61],[3.54,48.613],[3.541,48.616],[3.557,48.616],[3.558,48.618],[3.556,48.62],[3.563,48.613],[3.563,48.603],[3.58,48.605],[3.583,48.585],[3.593,48.588],[3.603,48.58],[3.601,48.579],[3.604,48.572],[3.621,48.58],[3.626,48.578],[3.633,48.569],[3.629,48.562],[3.634,48.548],[3.632,48.547],[3.634,48.542],[3.64,48.538],[3.644,48.541],[3.644,48.536],[3.651,48.539],[3.652,48.536],[3.657,48.538],[3.662,48.535],[3.677,48.539],[3.681,48.537],[3.688,48.54],[3.704,48.533],[3.738,48.538],[3.742,48.534],[3.759,48.532],[3.766,48.528],[3.798,48.529],[3.803,48.524],[3.826,48.515],[3.844,48.523],[3.851,48.523],[3.866,48.538],[3.866,48.544],[3.86,48.544],[3.859,48.558],[3.862,48.562],[3.863,48.569],[3.865,48.568],[3.864,48.572],[3.855,48.573],[3.854,48.58],[3.863,48.578],[3.872,48.581],[3.882,48.577],[3.888,48.579],[3.892,48.575],[3.9,48.575],[3.901,48.58],[3.897,48.58],[3.906,48.587],[3.908,48.602],[3.915,48.602],[3.916,48.606],[3.921,48.606],[3.949,48.603],[3.959,48.623],[3.968,48.632],[3.97,48.627],[3.979,48.626],[3.981,48.629],[3.977,48.629],[3.977,48.631],[3.985,48.653],[3.997,48.659],[4.002,48.664],[4.03,48.659],[4.037,48.662],[4.047,48.662],[4.053,48.669],[4.058,48.666],[4.069,48.679],[4.069,48.682],[4.063,48.682],[4.065,48.687],[4.08,48.701],[4.131,48.686],[4.149,48.701],[4.165,48.708],[4.178,48.709],[4.2,48.704],[4.219,48.705],[4.233,48.702],[4.243,48.717],[4.249,48.715],[4.246,48.713],[4.252,48.709],[4.264,48.706],[4.273,48.71],[4.285,48.71],[4.299,48.715],[4.308,48.709],[4.312,48.711],[4.326,48.7],[4.328,48.693],[4.323,48.684],[4.325,48.68],[4.33,48.681],[4.334,48.675],[4.333,48.671],[4.323,48.664],[4.328,48.656],[4.317,48.652],[4.33,48.635],[4.334,48.632],[4.315,48.616],[4.331,48.602],[4.35,48.598],[4.348,48.596],[4.397,48.564],[4.421,48.555],[4.44,48.55],[4.47,48.547],[4.494,48.539],[4.511,48.548],[4.514,48.545],[4.522,48.545],[4.521,48.54],[4.529,48.54],[4.526,48.528],[4.536,48.529],[4.545,48.525],[4.549,48.537],[4.552,48.536],[4.554,48.54],[4.568,48.548],[4.591,48.548],[4.596,48.552],[4.615,48.554],[4.621,48.552],[4.626,48.555],[4.641,48.554],[4.642,48.552],[4.635,48.552],[4.637,48.548],[4.635,48.544],[4.638,48.542],[4.646,48.542],[4.651,48.537],[4.666,48.538],[4.67,48.532],[4.676,48.523],[4.677,48.517],[4.658,48.506],[4.659,48.493],[4.65,48.477],[4.653,48.471],[4.644,48.471],[4.635,48.467],[4.628,48.469],[4.631,48.465],[4.629,48.461],[4.635,48.459],[4.636,48.456],[4.656,48.451],[4.66,48.446],[4.672,48.445],[4.678,48.441],[4.678,48.432],[4.682,48.432],[4.683,48.428],[4.69,48.425],[4.682,48.418],[4.694,48.415],[4.708,48.401],[4.7,48.396],[4.705,48.391],[4.714,48.392],[4.717,48.396],[4.73,48.392],[4.748,48.392],[4.76,48.388],[4.755,48.367],[4.779,48.356],[4.785,48.359],[4.788,48.355],[4.794,48.357],[4.816,48.345],[4.832,48.346],[4.84,48.342],[4.841,48.339],[4.823,48.331],[4.814,48.323],[4.825,48.312],[4.828,48.307],[4.826,48.302],[4.838,48.304],[4.84,48.299],[4.851,48.296],[4.842,48.284],[4.848,48.276],[4.862,48.266],[4.857,48.26],[4.845,48.257],[4.848,48.251],[4.843,48.247],[4.846,48.247],[4.846,48.243],[4.839,48.237],[4.848,48.239],[4.854,48.229],[4.839,48.225],[4.835,48.221],[4.842,48.214],[4.862,48.211],[4.864,48.199],[4.857,48.194],[4.847,48.18],[4.851,48.176],[4.837,48.168],[4.835,48.162],[4.84,48.158],[4.837,48.151],[4.852,48.143],[4.846,48.142],[4.841,48.134],[4.829,48.129],[4.835,48.115],[4.834,48.105],[4.804,48.105],[4.763,48.116],[4.744,48.115],[4.732,48.119],[4.724,48.106],[4.714,48.101],[4.704,48.1],[4.704,48.097],[4.707,48.095],[4.706,48.09],[4.678,48.081],[4.668,48.083],[4.658,48.079],[4.69,48.073],[4.7,48.066],[4.711,48.05],[4.723,48.046],[4.722,48.04],[4.711,48.036],[4.705,48.028],[4.715,48.021],[4.704,48.02],[4.699,48.024],[4.673,48.015],[4.666,48.021],[4.656,48.017],[4.655,48.021],[4.648,48.026],[4.622,48.024],[4.617,48.031],[4.607,48.028],[4.6,48.03],[4.579,48.029],[4.563,48.015],[4.556,48.014],[4.549,48.004],[4.536,48.007],[4.541,47.992],[4.555,47.986],[4.557,47.982],[4.56,47.971],[4.554,47.967],[4.532,47.97],[4.515,47.966],[4.493,47.968],[4.483,47.963],[4.447,47.956],[4.418,47.968],[4.384,47.96],[4.369,47.962],[4.37,47.96],[4.366,47.958],[4.343,47.956],[4.313,47.963],[4.309,47.961],[4.303,47.951],[4.298,47.95],[4.303,47.939],[4.293,47.926],[4.27,47.924],[4.245,47.93],[4.237,47.941],[4.222,47.95],[4.228,47.961],[4.228,47.969],[4.226,47.972],[4.202,47.973],[4.193,47.965],[4.203,47.96],[4.213,47.962],[4.203,47.959],[4.208,47.947],[4.202,47.941],[4.185,47.94],[4.184,47.955],[4.166,47.96],[4.156,47.956],[4.14,47.943],[4.142,47.937],[4.13,47.937],[4.11,47.926],[4.107,47.93],[4.092,47.928],[4.094,47.934],[4.09,47.936],[4.093,47.943],[4.09,47.945],[4.078,47.943],[4.061,47.946],[4.056,47.941],[4.059,47.932],[4.045,47.925],[4.031,47.933],[4.026,47.928],[4.018,47.928],[4.013,47.932],[4.014,47.937],[4.004,47.942],[3.986,47.931],[3.963,47.936],[3.948,47.931],[3.945,47.935],[3.935,47.932],[3.926,47.935],[3.918,47.928],[3.912,47.93],[3.905,47.925],[3.894,47.929],[3.904,47.938],[3.899,47.941],[3.904,47.946],[3.905,47.958],[3.913,47.969],[3.915,47.976],[3.911,47.982],[3.9,47.998],[3.893,48.002],[3.882,48],[3.885,47.991],[3.878,47.987],[3.883,47.985],[3.88,47.979],[3.862,47.976],[3.866,47.984],[3.85,47.984],[3.847,47.995],[3.839,47.999],[3.84,48.004],[3.855,48.004],[3.864,48.007],[3.871,48.003],[3.871,48.017],[3.847,48.029],[3.843,48.036],[3.832,48.036],[3.822,48.044],[3.83,48.047],[3.824,48.053],[3.83,48.058],[3.824,48.062],[3.826,48.064],[3.805,48.082],[3.807,48.084],[3.798,48.087],[3.8,48.097],[3.806,48.101],[3.792,48.114],[3.792,48.118],[3.78,48.121],[3.776,48.124],[3.777,48.129],[3.768,48.134],[3.762,48.132],[3.757,48.125],[3.74,48.133],[3.739,48.138],[3.743,48.143],[3.755,48.15],[3.752,48.161],[3.747,48.166],[3.718,48.175],[3.714,48.174],[3.721,48.162],[3.722,48.155],[3.705,48.144],[3.7,48.145],[3.693,48.155],[3.694,48.148],[3.691,48.145],[3.668,48.139],[3.661,48.159],[3.651,48.168],[3.642,48.184],[3.635,48.188],[3.622,48.192],[3.594,48.179],[3.58,48.184],[3.575,48.189],[3.6,48.202],[3.622,48.226],[3.615,48.232],[3.608,48.233],[3.605,48.23],[3.6,48.236],[3.615,48.251],[3.624,48.255],[3.617,48.271],[3.602,48.276],[3.6,48.279],[3.587,48.28],[3.578,48.285],[3.578,48.287],[3.586,48.29],[3.588,48.301],[3.583,48.301],[3.58,48.306],[3.567,48.307],[3.561,48.312],[3.565,48.313],[3.563,48.321],[3.544,48.32],[3.545,48.335],[3.534,48.339],[3.52,48.349],[3.522,48.351],[3.514,48.36],[3.504,48.366],[3.498,48.37],[3.475,48.369],[3.467,48.376],[3.451,48.374],[3.448,48.372],[3.448,48.368],[3.427,48.358],[3.422,48.372],[3.413,48.376],[3.415,48.39]]]}},{"type":"Feature","properties":{"code":"11","nom":"Aude"},"geometry":{"type":"Polygon","coordinates":[[[1.688,43.274],[1.696,43.276],[1.698,43.281],[1.708,43.288],[1.709,43.292],[1.716,43.295],[1.704,43.303],[1.716,43.309],[1.726,43.31],[1.726,43.314],[1.736,43.314],[1.734,43.323],[1.727,43.324],[1.728,43.326],[1.724,43.33],[1.73,43.336],[1.724,43.341],[1.731,43.339],[1.734,43.335],[1.749,43.345],[1.749,43.349],[1.752,43.35],[1.772,43.337],[1.774,43.338],[1.772,43.341],[1.78,43.342],[1.783,43.346],[1.797,43.341],[1.813,43.341],[1.817,43.349],[1.804,43.358],[1.807,43.365],[1.803,43.368],[1.807,43.373],[1.801,43.376],[1.811,43.382],[1.802,43.387],[1.805,43.391],[1.803,43.393],[1.812,43.395],[1.819,43.392],[1.826,43.395],[1.817,43.404],[1.817,43.411],[1.826,43.418],[1.835,43.418],[1.842,43.415],[1.845,43.423],[1.848,43.426],[1.843,43.433],[1.846,43.434],[1.847,43.437],[1.853,43.437],[1.856,43.443],[1.872,43.438],[1.875,43.436],[1.873,43.429],[1.896,43.418],[1.898,43.412],[1.905,43.407],[1.901,43.407],[1.902,43.404],[1.898,43.403],[1.896,43.397],[1.905,43.393],[1.915,43.401],[1.91,43.406],[1.917,43.407],[1.921,43.414],[1.918,43.42],[1.92,43.422],[1.925,43.421],[1.934,43.425],[1.949,43.42],[1.954,43.426],[1.964,43.423],[1.962,43.419],[1.966,43.415],[1.972,43.421],[1.977,43.416],[1.978,43.418],[1.988,43.408],[1.998,43.413],[2.014,43.415],[2.021,43.423],[2.031,43.419],[2.037,43.422],[2.039,43.424],[2.031,43.431],[2.029,43.437],[2.053,43.43],[2.061,43.415],[2.072,43.406],[2.066,43.405],[2.075,43.395],[2.087,43.399],[2.092,43.394],[2.095,43.396],[2.109,43.395],[2.114,43.399],[2.128,43.399],[2.132,43.403],[2.141,43.404],[2.142,43.408],[2.15,43.41],[2.157,43.416],[2.17,43.417],[2.186,43.395],[2.214,43.383],[2.227,43.396],[2.224,43.402],[2.23,43.406],[2.229,43.411],[2.223,43.416],[2.224,43.425],[2.221,43.427],[2.223,43.432],[2.231,43.433],[2.241,43.441],[2.245,43.448],[2.256,43.453],[2.258,43.46],[2.282,43.441],[2.306,43.448],[2.311,43.442],[2.335,43.437],[2.363,43.425],[2.379,43.423],[2.384,43.419],[2.393,43.42],[2.397,43.417],[2.407,43.419],[2.403,43.425],[2.418,43.428],[2.429,43.436],[2.452,43.432],[2.464,43.436],[2.49,43.438],[2.497,43.437],[2.497,43.432],[2.502,43.429],[2.512,43.43],[2.519,43.424],[2.552,43.425],[2.561,43.42],[2.566,43.423],[2.577,43.418],[2.58,43.412],[2.593,43.413],[2.595,43.409],[2.593,43.404],[2.586,43.399],[2.569,43.4],[2.555,43.388],[2.556,43.385],[2.551,43.378],[2.557,43.367],[2.549,43.361],[2.546,43.352],[2.541,43.346],[2.545,43.345],[2.551,43.334],[2.556,43.338],[2.585,43.333],[2.592,43.318],[2.6,43.314],[2.598,43.31],[2.602,43.305],[2.601,43.298],[2.607,43.297],[2.617,43.289],[2.617,43.284],[2.627,43.289],[2.632,43.298],[2.639,43.295],[2.659,43.293],[2.659,43.296],[2.665,43.297],[2.672,43.303],[2.675,43.302],[2.678,43.307],[2.676,43.314],[2.688,43.317],[2.689,43.323],[2.698,43.316],[2.701,43.311],[2.698,43.303],[2.705,43.299],[2.703,43.295],[2.707,43.294],[2.699,43.281],[2.705,43.275],[2.713,43.274],[2.715,43.277],[2.726,43.273],[2.738,43.267],[2.753,43.255],[2.772,43.258],[2.775,43.264],[2.783,43.267],[2.788,43.272],[2.788,43.289],[2.818,43.31],[2.806,43.316],[2.806,43.32],[2.818,43.324],[2.838,43.322],[2.869,43.331],[2.872,43.338],[2.876,43.34],[2.871,43.342],[2.872,43.35],[2.869,43.359],[2.863,43.362],[2.863,43.365],[2.855,43.373],[2.857,43.377],[2.869,43.382],[2.873,43.379],[2.87,43.373],[2.89,43.365],[2.888,43.354],[2.892,43.344],[2.884,43.335],[2.89,43.328],[2.914,43.32],[2.921,43.326],[2.947,43.312],[3.004,43.32],[3.003,43.31],[3.007,43.309],[3.005,43.285],[3.013,43.282],[3.01,43.276],[3.011,43.274],[3.023,43.277],[3.022,43.282],[3.034,43.28],[3.037,43.283],[3.054,43.28],[3.078,43.262],[3.087,43.264],[3.111,43.253],[3.115,43.254],[3.12,43.262],[3.142,43.26],[3.148,43.253],[3.144,43.247],[3.158,43.242],[3.175,43.244],[3.187,43.251],[3.199,43.25],[3.204,43.242],[3.228,43.222],[3.226,43.22],[3.241,43.213],[3.197,43.182],[3.185,43.168],[3.181,43.168],[3.144,43.133],[3.129,43.114],[3.132,43.111],[3.122,43.107],[3.093,43.069],[3.066,43.022],[3.064,43.017],[3.066,43.014],[3.051,42.986],[3.039,42.942],[3.04,42.93],[3.054,42.926],[3.061,42.917],[3.051,42.876],[3.051,42.874],[3.054,42.874],[3.049,42.867],[3.044,42.838],[2.985,42.867],[2.917,42.885],[2.907,42.896],[2.883,42.9],[2.875,42.91],[2.865,42.918],[2.835,42.912],[2.834,42.909],[2.821,42.905],[2.818,42.9],[2.789,42.896],[2.762,42.874],[2.754,42.852],[2.744,42.84],[2.737,42.836],[2.717,42.834],[2.711,42.836],[2.698,42.83],[2.68,42.831],[2.665,42.837],[2.638,42.834],[2.628,42.837],[2.604,42.836],[2.552,42.847],[2.551,42.844],[2.536,42.845],[2.517,42.842],[2.505,42.851],[2.482,42.845],[2.475,42.84],[2.452,42.837],[2.415,42.841],[2.382,42.848],[2.354,42.844],[2.352,42.842],[2.337,42.841],[2.327,42.837],[2.324,42.834],[2.328,42.829],[2.321,42.828],[2.319,42.824],[2.332,42.82],[2.334,42.815],[2.333,42.802],[2.344,42.801],[2.343,42.775],[2.353,42.763],[2.35,42.758],[2.358,42.734],[2.355,42.727],[2.346,42.725],[2.32,42.706],[2.305,42.706],[2.297,42.701],[2.277,42.702],[2.265,42.709],[2.265,42.702],[2.255,42.698],[2.255,42.694],[2.247,42.681],[2.239,42.676],[2.22,42.673],[2.206,42.667],[2.192,42.659],[2.191,42.652],[2.177,42.649],[2.166,42.664],[2.167,42.673],[2.176,42.681],[2.168,42.696],[2.16,42.702],[2.147,42.701],[2.141,42.706],[2.14,42.712],[2.092,42.735],[2.087,42.739],[2.086,42.752],[2.056,42.756],[2.042,42.746],[2.031,42.747],[2.031,42.741],[2.025,42.739],[2.014,42.74],[2.004,42.733],[2,42.736],[1.952,42.737],[1.948,42.739],[1.946,42.746],[1.931,42.751],[1.93,42.755],[1.914,42.758],[1.909,42.769],[1.922,42.77],[1.929,42.775],[1.92,42.781],[1.906,42.798],[1.898,42.803],[1.896,42.809],[1.871,42.815],[1.86,42.82],[1.86,42.828],[1.876,42.84],[1.876,42.853],[1.946,42.856],[1.987,42.871],[1.981,42.878],[1.983,42.89],[1.987,42.896],[1.985,42.903],[1.992,42.905],[1.988,42.917],[1.981,42.923],[1.981,42.93],[1.934,42.939],[1.936,42.954],[1.956,42.958],[1.958,42.964],[1.963,42.961],[1.98,42.961],[1.989,42.953],[1.995,42.953],[2.006,42.962],[1.998,42.961],[1.985,42.967],[1.987,42.972],[1.982,42.988],[1.988,42.993],[1.985,42.997],[1.987,43.003],[1.971,43.01],[1.985,43.022],[1.985,43.033],[1.975,43.04],[1.973,43.046],[1.961,43.05],[1.951,43.047],[1.941,43.053],[1.943,43.055],[1.94,43.063],[1.943,43.067],[1.951,43.066],[1.964,43.069],[1.958,43.076],[1.957,43.08],[1.95,43.08],[1.951,43.084],[1.956,43.085],[1.95,43.106],[1.953,43.113],[1.949,43.121],[1.928,43.124],[1.927,43.129],[1.914,43.134],[1.902,43.13],[1.902,43.123],[1.894,43.115],[1.889,43.119],[1.891,43.125],[1.881,43.127],[1.88,43.147],[1.877,43.143],[1.857,43.145],[1.852,43.161],[1.85,43.157],[1.843,43.158],[1.842,43.155],[1.852,43.148],[1.849,43.146],[1.825,43.146],[1.805,43.157],[1.793,43.159],[1.784,43.151],[1.781,43.16],[1.745,43.176],[1.744,43.183],[1.741,43.184],[1.724,43.188],[1.711,43.187],[1.708,43.198],[1.713,43.201],[1.714,43.205],[1.726,43.212],[1.721,43.219],[1.721,43.223],[1.724,43.225],[1.716,43.228],[1.718,43.229],[1.709,43.237],[1.702,43.24],[1.707,43.244],[1.705,43.246],[1.7,43.245],[1.695,43.247],[1.7,43.249],[1.702,43.257],[1.701,43.262],[1.688,43.274]]]}},{"type":"Feature","properties":{"code":"12","nom":"Aveyron"},"geometry":{"type":"Polygon","coordinates":[[[2.207,44.616],[2.221,44.622],[2.212,44.631],[2.211,44.636],[2.213,44.637],[2.208,44.644],[2.216,44.651],[2.234,44.655],[2.251,44.652],[2.266,44.661],[2.274,44.661],[2.285,44.667],[2.293,44.667],[2.305,44.662],[2.327,44.67],[2.336,44.662],[2.338,44.657],[2.334,44.654],[2.333,44.649],[2.355,44.64],[2.367,44.641],[2.38,44.651],[2.389,44.649],[2.387,44.646],[2.391,44.644],[2.404,44.647],[2.417,44.643],[2.425,44.644],[2.435,44.639],[2.448,44.649],[2.468,44.643],[2.471,44.652],[2.483,44.65],[2.487,44.657],[2.491,44.657],[2.488,44.668],[2.5,44.69],[2.511,44.696],[2.514,44.693],[2.52,44.701],[2.518,44.704],[2.54,44.712],[2.549,44.716],[2.55,44.719],[2.56,44.721],[2.558,44.725],[2.561,44.727],[2.557,44.728],[2.56,44.731],[2.554,44.725],[2.545,44.725],[2.552,44.733],[2.556,44.734],[2.551,44.737],[2.555,44.745],[2.55,44.748],[2.554,44.748],[2.551,44.756],[2.561,44.759],[2.56,44.762],[2.565,44.773],[2.563,44.778],[2.574,44.785],[2.587,44.784],[2.6,44.793],[2.599,44.802],[2.602,44.808],[2.597,44.82],[2.607,44.824],[2.612,44.831],[2.603,44.843],[2.615,44.853],[2.619,44.852],[2.618,44.857],[2.623,44.866],[2.631,44.873],[2.654,44.87],[2.659,44.877],[2.658,44.887],[2.665,44.89],[2.676,44.904],[2.68,44.904],[2.68,44.907],[2.687,44.906],[2.69,44.902],[2.694,44.908],[2.697,44.904],[2.708,44.908],[2.711,44.919],[2.716,44.924],[2.714,44.927],[2.716,44.929],[2.724,44.925],[2.729,44.937],[2.738,44.941],[2.743,44.937],[2.742,44.93],[2.752,44.934],[2.755,44.933],[2.772,44.918],[2.776,44.909],[2.772,44.898],[2.779,44.888],[2.774,44.88],[2.771,44.88],[2.771,44.871],[2.767,44.866],[2.774,44.855],[2.804,44.874],[2.814,44.869],[2.819,44.872],[2.848,44.872],[2.86,44.874],[2.861,44.868],[2.856,44.865],[2.855,44.85],[2.865,44.847],[2.866,44.844],[2.86,44.843],[2.86,44.839],[2.87,44.829],[2.872,44.818],[2.876,44.815],[2.88,44.803],[2.889,44.792],[2.888,44.789],[2.905,44.784],[2.912,44.791],[2.92,44.794],[2.938,44.775],[2.934,44.771],[2.936,44.767],[2.931,44.762],[2.917,44.767],[2.911,44.762],[2.92,44.755],[2.927,44.757],[2.934,44.75],[2.935,44.745],[2.932,44.738],[2.923,44.729],[2.935,44.705],[2.933,44.697],[2.94,44.692],[2.944,44.685],[2.938,44.681],[2.955,44.668],[2.955,44.661],[2.963,44.659],[2.962,44.654],[2.973,44.646],[2.982,44.645],[2.986,44.644],[2.991,44.637],[3.012,44.623],[3.02,44.61],[3.03,44.603],[3.033,44.597],[3.05,44.591],[3.06,44.58],[3.076,44.573],[3.084,44.56],[3.075,44.533],[3.077,44.519],[3.069,44.501],[3.076,44.494],[3.082,44.493],[3.1,44.48],[3.116,44.476],[3.125,44.461],[3.137,44.456],[3.135,44.441],[3.143,44.435],[3.142,44.426],[3.13,44.422],[3.127,44.414],[3.137,44.411],[3.14,44.392],[3.122,44.389],[3.118,44.384],[3.124,44.38],[3.119,44.364],[3.132,44.357],[3.127,44.347],[3.135,44.335],[3.134,44.33],[3.146,44.333],[3.154,44.331],[3.145,44.318],[3.146,44.314],[3.152,44.315],[3.154,44.308],[3.134,44.293],[3.133,44.29],[3.123,44.285],[3.126,44.281],[3.125,44.273],[3.12,44.262],[3.131,44.261],[3.138,44.264],[3.146,44.277],[3.155,44.272],[3.16,44.259],[3.157,44.25],[3.162,44.245],[3.189,44.247],[3.192,44.241],[3.2,44.24],[3.224,44.23],[3.231,44.23],[3.229,44.224],[3.223,44.22],[3.225,44.212],[3.212,44.195],[3.204,44.194],[3.204,44.19],[3.238,44.19],[3.267,44.201],[3.288,44.2],[3.294,44.207],[3.307,44.205],[3.318,44.2],[3.335,44.204],[3.346,44.201],[3.363,44.202],[3.362,44.198],[3.357,44.198],[3.357,44.193],[3.362,44.191],[3.361,44.188],[3.368,44.187],[3.371,44.18],[3.375,44.179],[3.372,44.173],[3.374,44.171],[3.357,44.168],[3.344,44.159],[3.335,44.159],[3.332,44.142],[3.32,44.136],[3.324,44.124],[3.323,44.11],[3.312,44.104],[3.291,44.106],[3.277,44.096],[3.272,44.098],[3.263,44.093],[3.269,44.088],[3.277,44.088],[3.275,44.084],[3.289,44.072],[3.297,44.072],[3.295,44.068],[3.307,44.069],[3.318,44.079],[3.324,44.08],[3.325,44.077],[3.329,44.079],[3.337,44.067],[3.338,44.058],[3.352,44.05],[3.367,44.058],[3.372,44.056],[3.371,44.049],[3.377,44.051],[3.381,44.056],[3.39,44.058],[3.393,44.048],[3.401,44.043],[3.417,44.042],[3.422,44.036],[3.452,44.021],[3.449,44.02],[3.449,44.012],[3.446,44.005],[3.439,43.998],[3.418,43.993],[3.406,43.97],[3.378,43.968],[3.376,43.956],[3.357,43.949],[3.351,43.932],[3.354,43.93],[3.352,43.929],[3.353,43.923],[3.357,43.921],[3.356,43.916],[3.358,43.914],[3.34,43.902],[3.343,43.894],[3.319,43.891],[3.293,43.896],[3.283,43.893],[3.275,43.898],[3.265,43.895],[3.259,43.881],[3.254,43.877],[3.243,43.875],[3.238,43.87],[3.234,43.859],[3.24,43.849],[3.251,43.843],[3.249,43.83],[3.229,43.825],[3.223,43.818],[3.211,43.813],[3.181,43.813],[3.158,43.818],[3.15,43.814],[3.132,43.816],[3.124,43.818],[3.111,43.828],[3.086,43.836],[3.065,43.836],[3.059,43.831],[3.058,43.819],[3.064,43.815],[3.063,43.809],[3.053,43.807],[3.049,43.802],[3.056,43.793],[3.059,43.78],[3.065,43.776],[3.065,43.773],[3.076,43.769],[3.069,43.762],[3.068,43.757],[3.056,43.755],[3.053,43.746],[3.059,43.738],[3.052,43.732],[3.058,43.727],[3.053,43.716],[3.069,43.707],[3.062,43.702],[3.062,43.695],[3.06,43.693],[3.045,43.697],[3.033,43.692],[3.027,43.693],[3.016,43.698],[3.012,43.704],[3.009,43.702],[2.993,43.708],[2.987,43.706],[2.985,43.709],[2.958,43.7],[2.947,43.693],[2.938,43.69],[2.935,43.695],[2.936,43.698],[2.925,43.706],[2.924,43.725],[2.918,43.731],[2.922,43.735],[2.92,43.736],[2.903,43.742],[2.87,43.739],[2.862,43.748],[2.832,43.752],[2.824,43.762],[2.808,43.76],[2.788,43.752],[2.781,43.737],[2.763,43.732],[2.747,43.732],[2.743,43.729],[2.738,43.729],[2.729,43.736],[2.712,43.743],[2.682,43.744],[2.677,43.748],[2.67,43.75],[2.66,43.757],[2.653,43.766],[2.629,43.78],[2.624,43.79],[2.61,43.799],[2.612,43.803],[2.608,43.809],[2.601,43.811],[2.6,43.817],[2.588,43.819],[2.577,43.836],[2.562,43.844],[2.565,43.853],[2.564,43.866],[2.578,43.873],[2.58,43.879],[2.55,43.892],[2.556,43.918],[2.55,43.923],[2.554,43.925],[2.544,43.925],[2.546,43.929],[2.538,43.925],[2.535,43.928],[2.538,43.933],[2.533,43.937],[2.514,43.944],[2.509,43.942],[2.508,43.948],[2.499,43.945],[2.503,43.954],[2.519,43.958],[2.525,43.977],[2.521,43.982],[2.502,43.986],[2.492,44.004],[2.496,44.008],[2.49,44.015],[2.492,44.019],[2.478,44.029],[2.464,44.033],[2.46,44.051],[2.41,44.056],[2.412,44.057],[2.412,44.07],[2.405,44.076],[2.402,44.076],[2.402,44.082],[2.389,44.091],[2.389,44.095],[2.386,44.093],[2.376,44.098],[2.366,44.098],[2.346,44.11],[2.341,44.11],[2.341,44.112],[2.332,44.123],[2.318,44.123],[2.308,44.118],[2.296,44.124],[2.29,44.122],[2.297,44.133],[2.298,44.138],[2.285,44.145],[2.277,44.145],[2.272,44.148],[2.238,44.134],[2.224,44.139],[2.182,44.139],[2.181,44.142],[2.189,44.144],[2.193,44.149],[2.199,44.146],[2.198,44.143],[2.213,44.146],[2.214,44.152],[2.232,44.155],[2.238,44.159],[2.236,44.164],[2.23,44.162],[2.225,44.168],[2.206,44.171],[2.202,44.166],[2.192,44.162],[2.18,44.171],[2.183,44.178],[2.181,44.179],[2.155,44.18],[2.155,44.184],[2.162,44.187],[2.151,44.191],[2.153,44.197],[2.149,44.201],[2.142,44.201],[2.134,44.201],[2.128,44.196],[2.106,44.194],[2.103,44.192],[2.107,44.181],[2.097,44.175],[2.094,44.176],[2.098,44.181],[2.094,44.184],[2.096,44.188],[2.094,44.189],[2.081,44.18],[2.069,44.184],[2.069,44.19],[2.052,44.189],[2.052,44.183],[2.059,44.178],[2.059,44.172],[2.03,44.169],[2.027,44.165],[2.031,44.162],[2.03,44.157],[1.99,44.149],[1.992,44.154],[2.001,44.159],[1.977,44.162],[1.973,44.172],[1.98,44.176],[1.978,44.18],[1.962,44.184],[1.945,44.183],[1.941,44.17],[1.931,44.178],[1.935,44.181],[1.933,44.188],[1.925,44.191],[1.921,44.191],[1.924,44.188],[1.911,44.185],[1.912,44.19],[1.903,44.193],[1.907,44.201],[1.89,44.208],[1.891,44.213],[1.904,44.21],[1.912,44.214],[1.914,44.22],[1.918,44.22],[1.919,44.225],[1.933,44.241],[1.933,44.246],[1.941,44.245],[1.943,44.248],[1.949,44.243],[1.962,44.242],[1.961,44.249],[1.965,44.255],[1.964,44.266],[1.971,44.273],[1.97,44.276],[1.958,44.28],[1.943,44.279],[1.941,44.282],[1.9,44.279],[1.869,44.292],[1.882,44.304],[1.859,44.32],[1.865,44.328],[1.878,44.336],[1.886,44.335],[1.882,44.34],[1.892,44.353],[1.896,44.35],[1.899,44.352],[1.909,44.35],[1.912,44.357],[1.909,44.364],[1.893,44.371],[1.891,44.38],[1.867,44.398],[1.876,44.407],[1.872,44.411],[1.871,44.421],[1.873,44.424],[1.85,44.436],[1.851,44.444],[1.846,44.445],[1.846,44.447],[1.851,44.451],[1.848,44.453],[1.848,44.458],[1.852,44.457],[1.853,44.46],[1.85,44.462],[1.853,44.463],[1.84,44.476],[1.842,44.482],[1.862,44.487],[1.884,44.485],[1.884,44.498],[1.89,44.506],[1.905,44.501],[1.908,44.488],[1.916,44.486],[1.921,44.492],[1.912,44.5],[1.913,44.505],[1.93,44.505],[1.937,44.515],[1.96,44.52],[1.987,44.55],[2.002,44.557],[2.02,44.556],[2.029,44.558],[2.036,44.563],[2.035,44.571],[2.057,44.583],[2.064,44.582],[2.068,44.576],[2.059,44.571],[2.058,44.568],[2.061,44.565],[2.068,44.567],[2.073,44.579],[2.081,44.587],[2.102,44.572],[2.113,44.572],[2.125,44.579],[2.133,44.569],[2.154,44.572],[2.153,44.575],[2.168,44.591],[2.179,44.594],[2.181,44.588],[2.187,44.591],[2.186,44.587],[2.194,44.585],[2.194,44.591],[2.202,44.596],[2.194,44.6],[2.198,44.604],[2.208,44.602],[2.211,44.605],[2.207,44.616]]]}},{"type":"Feature","properties":{"code":"13","nom":"Bouches-du-Rhône"},"geometry":{"type":"MultiPolygon","coordinates":[[[[5.397,43.173],[5.386,43.173],[5.372,43.18],[5.38,43.18],[5.396,43.176],[5.398,43.174],[5.397,43.173]]],[[[5.389,43.185],[5.381,43.19],[5.391,43.186],[5.389,43.185]]],[[[5.619,43.157],[5.615,43.162],[5.619,43.161],[5.619,43.157]]],[[[5.306,43.277],[5.312,43.276],[5.302,43.272],[5.299,43.267],[5.288,43.261],[5.286,43.266],[5.304,43.276],[5.301,43.28],[5.292,43.28],[5.303,43.281],[5.305,43.283],[5.301,43.284],[5.311,43.284],[5.313,43.287],[5.324,43.286],[5.319,43.282],[5.304,43.279],[5.306,43.277]]],[[[5.338,43.208],[5.329,43.212],[5.337,43.213],[5.34,43.21],[5.338,43.208]]],[[[5.362,43.2],[5.371,43.194],[5.361,43.197],[5.362,43.2]]],[[[5.335,43.337],[5.341,43.334],[5.362,43.309],[5.358,43.299],[5.361,43.309],[5.353,43.318],[5.34,43.335],[5.319,43.347],[5.335,43.337]]],[[[4.878,43.365],[4.875,43.362],[4.874,43.368],[4.877,43.368],[4.878,43.365]]],[[[4.739,43.924],[4.822,43.913],[4.853,43.911],[4.885,43.9],[4.902,43.888],[4.926,43.886],[4.966,43.872],[4.975,43.866],[4.996,43.846],[5.03,43.828],[5.041,43.811],[5.045,43.793],[5.05,43.789],[5.173,43.739],[5.188,43.735],[5.23,43.748],[5.256,43.747],[5.275,43.741],[5.316,43.736],[5.341,43.72],[5.438,43.682],[5.531,43.659],[5.575,43.662],[5.607,43.659],[5.614,43.664],[5.642,43.672],[5.658,43.686],[5.674,43.694],[5.705,43.69],[5.714,43.691],[5.737,43.716],[5.754,43.725],[5.777,43.722],[5.775,43.719],[5.785,43.718],[5.788,43.716],[5.782,43.707],[5.788,43.697],[5.794,43.692],[5.806,43.693],[5.813,43.689],[5.804,43.68],[5.799,43.661],[5.771,43.661],[5.745,43.657],[5.719,43.65],[5.71,43.641],[5.702,43.644],[5.699,43.642],[5.702,43.637],[5.684,43.618],[5.688,43.615],[5.679,43.614],[5.678,43.611],[5.681,43.611],[5.683,43.6],[5.692,43.584],[5.656,43.577],[5.656,43.574],[5.669,43.565],[5.691,43.564],[5.715,43.551],[5.725,43.551],[5.72,43.545],[5.716,43.517],[5.712,43.513],[5.714,43.509],[5.711,43.505],[5.716,43.503],[5.712,43.497],[5.703,43.496],[5.703,43.489],[5.699,43.483],[5.704,43.483],[5.704,43.479],[5.713,43.478],[5.715,43.476],[5.714,43.475],[5.728,43.467],[5.745,43.443],[5.749,43.442],[5.747,43.438],[5.751,43.435],[5.776,43.421],[5.788,43.42],[5.786,43.414],[5.755,43.402],[5.75,43.402],[5.724,43.409],[5.701,43.408],[5.683,43.399],[5.69,43.388],[5.695,43.364],[5.705,43.356],[5.686,43.34],[5.69,43.327],[5.685,43.323],[5.676,43.32],[5.683,43.319],[5.691,43.313],[5.727,43.317],[5.735,43.304],[5.75,43.289],[5.763,43.282],[5.76,43.277],[5.761,43.267],[5.711,43.253],[5.709,43.249],[5.702,43.248],[5.705,43.242],[5.702,43.239],[5.684,43.236],[5.678,43.22],[5.679,43.205],[5.672,43.179],[5.66,43.182],[5.651,43.188],[5.624,43.187],[5.613,43.181],[5.611,43.173],[5.607,43.174],[5.61,43.171],[5.608,43.169],[5.61,43.168],[5.615,43.169],[5.611,43.166],[5.606,43.166],[5.607,43.16],[5.604,43.16],[5.569,43.175],[5.548,43.196],[5.549,43.208],[5.545,43.21],[5.539,43.209],[5.536,43.214],[5.516,43.203],[5.515,43.206],[5.513,43.205],[5.513,43.201],[5.509,43.198],[5.508,43.201],[5.503,43.201],[5.504,43.199],[5.5,43.197],[5.493,43.204],[5.483,43.206],[5.478,43.204],[5.459,43.211],[5.445,43.211],[5.455,43.202],[5.421,43.211],[5.427,43.203],[5.404,43.213],[5.363,43.207],[5.342,43.213],[5.343,43.217],[5.346,43.217],[5.345,43.221],[5.348,43.229],[5.359,43.236],[5.363,43.243],[5.373,43.245],[5.376,43.255],[5.375,43.26],[5.368,43.264],[5.37,43.267],[5.363,43.27],[5.353,43.28],[5.345,43.282],[5.354,43.289],[5.354,43.294],[5.373,43.294],[5.36,43.296],[5.364,43.312],[5.361,43.311],[5.364,43.315],[5.359,43.315],[5.361,43.318],[5.357,43.319],[5.362,43.322],[5.359,43.326],[5.355,43.321],[5.356,43.324],[5.352,43.323],[5.353,43.325],[5.347,43.33],[5.35,43.331],[5.345,43.333],[5.353,43.333],[5.351,43.335],[5.343,43.335],[5.346,43.336],[5.343,43.339],[5.328,43.345],[5.339,43.341],[5.341,43.345],[5.324,43.354],[5.317,43.354],[5.321,43.352],[5.314,43.355],[5.317,43.356],[5.323,43.354],[5.323,43.357],[5.308,43.361],[5.296,43.36],[5.282,43.354],[5.259,43.338],[5.229,43.329],[5.199,43.332],[5.192,43.33],[5.185,43.332],[5.179,43.331],[5.175,43.334],[5.169,43.328],[5.156,43.327],[5.152,43.33],[5.15,43.327],[5.144,43.327],[5.142,43.329],[5.117,43.328],[5.109,43.331],[5.099,43.328],[5.088,43.332],[5.082,43.328],[5.07,43.329],[5.069,43.332],[5.062,43.331],[5.06,43.327],[5.05,43.325],[5.048,43.326],[5.05,43.332],[5.046,43.329],[5.043,43.331],[5.041,43.327],[5.02,43.342],[5.018,43.347],[5.025,43.346],[5.022,43.349],[5.023,43.353],[5.026,43.352],[5.025,43.356],[5.017,43.358],[5.011,43.365],[5.014,43.369],[5.009,43.369],[5,43.376],[5.001,43.379],[4.99,43.386],[4.992,43.388],[4.987,43.392],[5.001,43.398],[4.996,43.403],[4.987,43.403],[4.988,43.407],[4.986,43.403],[4.983,43.404],[4.982,43.397],[4.975,43.401],[4.978,43.407],[4.972,43.413],[4.974,43.42],[4.97,43.425],[4.949,43.429],[4.939,43.427],[4.939,43.432],[4.931,43.433],[4.919,43.431],[4.911,43.427],[4.906,43.42],[4.888,43.412],[4.894,43.404],[4.885,43.414],[4.892,43.423],[4.903,43.43],[4.893,43.429],[4.882,43.419],[4.872,43.433],[4.867,43.432],[4.861,43.454],[4.85,43.451],[4.859,43.442],[4.877,43.411],[4.866,43.405],[4.83,43.43],[4.824,43.424],[4.861,43.401],[4.85,43.398],[4.842,43.404],[4.836,43.398],[4.839,43.395],[4.842,43.396],[4.849,43.392],[4.853,43.394],[4.854,43.39],[4.852,43.39],[4.854,43.389],[4.872,43.39],[4.854,43.389],[4.853,43.383],[4.849,43.383],[4.851,43.378],[4.829,43.376],[4.842,43.376],[4.848,43.371],[4.852,43.376],[4.859,43.367],[4.861,43.37],[4.865,43.365],[4.867,43.37],[4.873,43.361],[4.883,43.357],[4.883,43.364],[4.909,43.375],[4.914,43.383],[4.911,43.387],[4.916,43.384],[4.918,43.38],[4.855,43.333],[4.848,43.334],[4.835,43.329],[4.814,43.34],[4.774,43.349],[4.731,43.351],[4.681,43.346],[4.659,43.346],[4.586,43.36],[4.563,43.372],[4.556,43.383],[4.557,43.388],[4.563,43.392],[4.566,43.393],[4.567,43.391],[4.574,43.394],[4.593,43.406],[4.588,43.423],[4.582,43.431],[4.568,43.44],[4.531,43.453],[4.458,43.457],[4.44,43.455],[4.436,43.452],[4.437,43.451],[4.428,43.449],[4.401,43.447],[4.382,43.452],[4.23,43.46],[4.231,43.479],[4.239,43.494],[4.24,43.499],[4.259,43.508],[4.271,43.508],[4.296,43.515],[4.309,43.524],[4.325,43.528],[4.308,43.545],[4.311,43.551],[4.317,43.552],[4.314,43.556],[4.319,43.557],[4.323,43.554],[4.316,43.545],[4.334,43.535],[4.349,43.543],[4.35,43.547],[4.365,43.547],[4.382,43.553],[4.387,43.562],[4.404,43.559],[4.409,43.561],[4.416,43.567],[4.417,43.571],[4.403,43.573],[4.426,43.585],[4.447,43.583],[4.461,43.589],[4.467,43.599],[4.474,43.604],[4.475,43.608],[4.473,43.612],[4.467,43.615],[4.44,43.611],[4.427,43.621],[4.426,43.624],[4.434,43.634],[4.441,43.649],[4.451,43.664],[4.477,43.673],[4.476,43.684],[4.479,43.691],[4.487,43.699],[4.524,43.702],[4.54,43.707],[4.558,43.7],[4.579,43.698],[4.593,43.687],[4.606,43.686],[4.617,43.689],[4.627,43.685],[4.625,43.696],[4.615,43.709],[4.612,43.725],[4.626,43.749],[4.629,43.762],[4.652,43.784],[4.655,43.808],[4.652,43.818],[4.642,43.831],[4.65,43.839],[4.667,43.846],[4.665,43.851],[4.66,43.853],[4.641,43.851],[4.648,43.859],[4.642,43.867],[4.659,43.876],[4.662,43.871],[4.67,43.878],[4.692,43.884],[4.709,43.898],[4.699,43.897],[4.701,43.898],[4.723,43.906],[4.74,43.92],[4.739,43.924]],[[5.118,43.513],[5.117,43.52],[5.109,43.525],[5.059,43.528],[5.046,43.522],[5.043,43.527],[5.034,43.536],[5.033,43.545],[5.029,43.549],[5.025,43.549],[5.022,43.556],[5.013,43.554],[5.012,43.544],[5.016,43.527],[5.002,43.513],[4.998,43.501],[5.004,43.486],[5.001,43.474],[5.006,43.47],[5.041,43.47],[5.052,43.464],[5.055,43.452],[5.054,43.441],[5.061,43.421],[5.058,43.408],[5.061,43.403],[5.082,43.4],[5.118,43.405],[5.126,43.4],[5.137,43.4],[5.168,43.416],[5.194,43.437],[5.204,43.442],[5.195,43.449],[5.198,43.451],[5.209,43.444],[5.227,43.453],[5.228,43.463],[5.23,43.465],[5.225,43.476],[5.225,43.481],[5.219,43.488],[5.206,43.492],[5.187,43.485],[5.168,43.471],[5.163,43.471],[5.154,43.46],[5.155,43.456],[5.146,43.458],[5.142,43.465],[5.133,43.472],[5.114,43.505],[5.113,43.511],[5.118,43.513]]]]}},{"type":"Feature","properties":{"code":"14","nom":"Calvados"},"geometry":{"type":"Polygon","coordinates":[[[-1.12,49.356],[-1.116,49.352],[-1.118,49.361],[-1.089,49.382],[-1.073,49.39],[-1.055,49.391],[-1.047,49.388],[-0.989,49.397],[-0.947,49.396],[-0.924,49.392],[-0.896,49.377],[-0.851,49.363],[-0.755,49.349],[-0.649,49.347],[-0.624,49.341],[-0.603,49.34],[-0.558,49.346],[-0.529,49.346],[-0.453,49.335],[-0.397,49.333],[-0.362,49.323],[-0.303,49.298],[-0.254,49.29],[-0.226,49.282],[-0.215,49.286],[-0.158,49.287],[-0.087,49.298],[-0.073,49.305],[-0.009,49.322],[0.011,49.331],[0.054,49.353],[0.07,49.363],[0.07,49.367],[0.075,49.366],[0.112,49.395],[0.13,49.403],[0.177,49.413],[0.224,49.428],[0.297,49.43],[0.297,49.41],[0.301,49.406],[0.309,49.389],[0.302,49.371],[0.311,49.353],[0.321,49.345],[0.321,49.342],[0.326,49.34],[0.317,49.332],[0.313,49.323],[0.298,49.314],[0.316,49.311],[0.315,49.304],[0.323,49.297],[0.309,49.283],[0.326,49.278],[0.328,49.284],[0.343,49.296],[0.355,49.294],[0.362,49.297],[0.384,49.286],[0.381,49.279],[0.383,49.264],[0.366,49.26],[0.365,49.263],[0.339,49.253],[0.32,49.252],[0.321,49.248],[0.338,49.231],[0.356,49.224],[0.367,49.216],[0.389,49.216],[0.388,49.212],[0.395,49.208],[0.389,49.198],[0.39,49.193],[0.388,49.19],[0.391,49.19],[0.387,49.185],[0.393,49.178],[0.392,49.16],[0.386,49.154],[0.391,49.15],[0.407,49.15],[0.412,49.146],[0.424,49.148],[0.427,49.147],[0.427,49.143],[0.433,49.141],[0.428,49.14],[0.429,49.137],[0.426,49.136],[0.425,49.13],[0.408,49.129],[0.41,49.122],[0.407,49.112],[0.402,49.111],[0.403,49.108],[0.399,49.099],[0.4,49.097],[0.415,49.096],[0.397,49.091],[0.399,49.087],[0.416,49.088],[0.419,49.083],[0.417,49.073],[0.408,49.077],[0.391,49.078],[0.387,49.073],[0.379,49.071],[0.381,49.06],[0.367,49.052],[0.379,49.051],[0.377,49.049],[0.383,49.045],[0.381,49.041],[0.385,49.036],[0.428,49.032],[0.431,49.026],[0.435,49.026],[0.431,49.023],[0.442,49.025],[0.443,49.02],[0.446,49.019],[0.446,49.014],[0.434,49.005],[0.43,48.987],[0.425,48.985],[0.428,48.98],[0.433,48.979],[0.431,48.967],[0.413,48.951],[0.4,48.953],[0.406,48.963],[0.384,48.967],[0.377,48.973],[0.368,48.959],[0.357,48.95],[0.333,48.943],[0.331,48.945],[0.324,48.944],[0.309,48.954],[0.29,48.949],[0.277,48.95],[0.281,48.953],[0.277,48.957],[0.281,48.959],[0.277,48.961],[0.28,48.963],[0.278,48.965],[0.263,48.965],[0.245,48.959],[0.239,48.952],[0.242,48.944],[0.233,48.939],[0.225,48.94],[0.217,48.946],[0.195,48.944],[0.184,48.939],[0.18,48.93],[0.154,48.924],[0.148,48.929],[0.143,48.945],[0.136,48.951],[0.128,48.952],[0.104,48.94],[0.101,48.934],[0.081,48.938],[0.067,48.927],[0.056,48.902],[0.031,48.894],[0.026,48.896],[-0.007,48.885],[-0.01,48.884],[-0.007,48.872],[-0.013,48.878],[-0.019,48.874],[-0.023,48.878],[-0.027,48.876],[-0.035,48.866],[-0.059,48.853],[-0.069,48.84],[-0.069,48.843],[-0.075,48.841],[-0.083,48.845],[-0.101,48.843],[-0.107,48.84],[-0.109,48.842],[-0.114,48.839],[-0.124,48.847],[-0.127,48.846],[-0.124,48.844],[-0.126,48.842],[-0.123,48.84],[-0.133,48.835],[-0.146,48.834],[-0.143,48.828],[-0.128,48.816],[-0.147,48.823],[-0.152,48.82],[-0.17,48.825],[-0.169,48.827],[-0.179,48.829],[-0.176,48.833],[-0.178,48.835],[-0.191,48.84],[-0.195,48.838],[-0.204,48.846],[-0.213,48.84],[-0.23,48.843],[-0.232,48.847],[-0.242,48.849],[-0.261,48.849],[-0.262,48.854],[-0.281,48.854],[-0.296,48.852],[-0.299,48.849],[-0.305,48.858],[-0.329,48.858],[-0.336,48.846],[-0.327,48.839],[-0.346,48.822],[-0.363,48.831],[-0.364,48.835],[-0.373,48.835],[-0.368,48.84],[-0.375,48.84],[-0.361,48.842],[-0.358,48.845],[-0.36,48.847],[-0.363,48.849],[-0.376,48.846],[-0.381,48.849],[-0.386,48.845],[-0.394,48.855],[-0.404,48.861],[-0.406,48.87],[-0.41,48.871],[-0.426,48.866],[-0.428,48.867],[-0.424,48.868],[-0.425,48.872],[-0.432,48.875],[-0.437,48.872],[-0.433,48.871],[-0.434,48.869],[-0.438,48.87],[-0.439,48.873],[-0.45,48.869],[-0.464,48.871],[-0.472,48.866],[-0.476,48.859],[-0.497,48.858],[-0.5,48.855],[-0.495,48.852],[-0.494,48.849],[-0.502,48.846],[-0.509,48.846],[-0.515,48.85],[-0.523,48.85],[-0.55,48.847],[-0.56,48.834],[-0.572,48.83],[-0.581,48.838],[-0.605,48.834],[-0.624,48.827],[-0.645,48.827],[-0.642,48.832],[-0.643,48.841],[-0.656,48.838],[-0.66,48.841],[-0.67,48.839],[-0.672,48.844],[-0.681,48.841],[-0.686,48.842],[-0.687,48.846],[-0.693,48.847],[-0.706,48.838],[-0.69,48.824],[-0.682,48.822],[-0.704,48.811],[-0.713,48.801],[-0.728,48.799],[-0.742,48.792],[-0.761,48.788],[-0.781,48.787],[-0.781,48.784],[-0.794,48.777],[-0.795,48.771],[-0.808,48.76],[-0.822,48.753],[-0.841,48.752],[-0.834,48.761],[-0.825,48.764],[-0.82,48.77],[-0.823,48.772],[-0.833,48.765],[-0.854,48.764],[-0.874,48.756],[-0.883,48.756],[-0.884,48.761],[-0.894,48.767],[-0.909,48.768],[-0.917,48.772],[-0.919,48.77],[-0.936,48.775],[-0.951,48.789],[-0.961,48.785],[-0.967,48.786],[-0.972,48.78],[-0.971,48.773],[-0.991,48.778],[-1.007,48.777],[-1.013,48.772],[-1.037,48.783],[-1.045,48.783],[-1.059,48.773],[-1.083,48.778],[-1.101,48.79],[-1.098,48.794],[-1.091,48.793],[-1.092,48.8],[-1.095,48.801],[-1.102,48.814],[-1.112,48.815],[-1.116,48.818],[-1.128,48.817],[-1.13,48.82],[-1.141,48.82],[-1.143,48.824],[-1.153,48.822],[-1.159,48.826],[-1.157,48.836],[-1.15,48.835],[-1.142,48.838],[-1.141,48.842],[-1.131,48.849],[-1.121,48.848],[-1.122,48.855],[-1.115,48.862],[-1.109,48.862],[-1.099,48.868],[-1.099,48.876],[-1.091,48.879],[-1.086,48.872],[-1.078,48.868],[-1.07,48.87],[-1.065,48.876],[-1.059,48.877],[-1.049,48.894],[-1.029,48.901],[-1.013,48.915],[-1.016,48.919],[-1.014,48.922],[-1.019,48.923],[-1.018,48.926],[-1.02,48.927],[-1.04,48.922],[-1.05,48.924],[-1.066,48.92],[-1.032,48.938],[-1.026,48.936],[-1.012,48.941],[-1.005,48.935],[-0.993,48.942],[-0.989,48.946],[-0.989,48.952],[-0.966,48.959],[-0.96,48.965],[-0.942,48.968],[-0.911,48.994],[-0.905,49.011],[-0.901,49.013],[-0.898,49.01],[-0.887,49.022],[-0.869,49.027],[-0.863,49.026],[-0.861,49.031],[-0.862,49.035],[-0.868,49.034],[-0.87,49.039],[-0.885,49.039],[-0.892,49.046],[-0.877,49.055],[-0.869,49.068],[-0.871,49.08],[-0.881,49.091],[-0.877,49.096],[-0.878,49.107],[-0.876,49.112],[-0.878,49.117],[-0.886,49.115],[-0.891,49.119],[-0.925,49.102],[-0.913,49.115],[-0.908,49.114],[-0.891,49.122],[-0.887,49.129],[-0.906,49.133],[-0.904,49.136],[-0.908,49.139],[-0.923,49.141],[-0.924,49.145],[-0.93,49.144],[-0.941,49.152],[-0.931,49.158],[-0.959,49.161],[-0.956,49.166],[-0.95,49.168],[-0.945,49.163],[-0.937,49.161],[-0.926,49.164],[-0.921,49.178],[-0.914,49.179],[-0.916,49.184],[-0.906,49.184],[-0.911,49.186],[-0.911,49.189],[-0.916,49.189],[-0.907,49.195],[-0.887,49.201],[-0.889,49.204],[-0.901,49.203],[-0.908,49.212],[-0.921,49.221],[-0.925,49.229],[-0.921,49.231],[-0.926,49.232],[-0.933,49.226],[-0.929,49.225],[-0.933,49.216],[-0.941,49.218],[-0.947,49.215],[-0.942,49.212],[-0.952,49.207],[-0.954,49.2],[-0.965,49.197],[-0.974,49.191],[-0.988,49.195],[-0.987,49.198],[-0.996,49.201],[-1.007,49.201],[-1.008,49.204],[-1.023,49.203],[-1.026,49.208],[-1.025,49.21],[-1.032,49.214],[-1.033,49.218],[-1.036,49.217],[-1.034,49.22],[-1.037,49.222],[-1.048,49.22],[-1.05,49.228],[-1.061,49.225],[-1.062,49.229],[-1.078,49.234],[-1.08,49.239],[-1.088,49.242],[-1.088,49.246],[-1.093,49.244],[-1.095,49.246],[-1.096,49.254],[-1.104,49.252],[-1.114,49.262],[-1.112,49.263],[-1.124,49.266],[-1.124,49.27],[-1.126,49.272],[-1.127,49.267],[-1.136,49.27],[-1.132,49.274],[-1.134,49.279],[-1.124,49.274],[-1.121,49.279],[-1.135,49.287],[-1.14,49.297],[-1.141,49.306],[-1.14,49.31],[-1.113,49.327],[-1.12,49.356]]]}},{"type":"Feature","properties":{"code":"15","nom":"Cantal"},"geometry":{"type":"Polygon","coordinates":[[[2.508,45.479],[2.52,45.483],[2.544,45.479],[2.538,45.468],[2.537,45.457],[2.546,45.463],[2.56,45.463],[2.564,45.466],[2.571,45.462],[2.573,45.457],[2.588,45.45],[2.593,45.453],[2.604,45.45],[2.617,45.464],[2.618,45.47],[2.624,45.466],[2.622,45.46],[2.626,45.447],[2.625,45.444],[2.636,45.446],[2.65,45.443],[2.657,45.435],[2.663,45.434],[2.678,45.44],[2.68,45.437],[2.688,45.438],[2.69,45.43],[2.68,45.423],[2.681,45.407],[2.693,45.406],[2.691,45.402],[2.695,45.398],[2.704,45.399],[2.701,45.391],[2.714,45.382],[2.721,45.384],[2.728,45.39],[2.742,45.393],[2.761,45.386],[2.775,45.387],[2.785,45.385],[2.786,45.39],[2.797,45.394],[2.801,45.392],[2.814,45.402],[2.822,45.4],[2.825,45.396],[2.823,45.392],[2.831,45.39],[2.852,45.392],[2.851,45.39],[2.858,45.386],[2.857,45.382],[2.868,45.376],[2.874,45.375],[2.874,45.381],[2.886,45.383],[2.9,45.377],[2.901,45.371],[2.914,45.366],[2.922,45.368],[2.92,45.363],[2.926,45.343],[2.934,45.326],[2.946,45.316],[2.949,45.309],[2.969,45.307],[2.998,45.294],[2.999,45.291],[3.018,45.287],[3.021,45.288],[3.022,45.295],[3.052,45.303],[3.058,45.308],[3.056,45.311],[3.059,45.314],[3.066,45.316],[3.062,45.329],[3.069,45.337],[3.082,45.336],[3.087,45.339],[3.091,45.341],[3.089,45.344],[3.092,45.348],[3.104,45.354],[3.113,45.352],[3.11,45.345],[3.113,45.343],[3.113,45.336],[3.116,45.334],[3.113,45.331],[3.113,45.327],[3.094,45.327],[3.09,45.323],[3.1,45.316],[3.112,45.314],[3.114,45.309],[3.105,45.3],[3.085,45.299],[3.086,45.297],[3.083,45.289],[3.099,45.292],[3.105,45.291],[3.111,45.284],[3.118,45.284],[3.137,45.29],[3.147,45.288],[3.154,45.294],[3.161,45.295],[3.159,45.293],[3.163,45.289],[3.161,45.288],[3.167,45.286],[3.168,45.28],[3.17,45.28],[3.167,45.276],[3.169,45.275],[3.163,45.27],[3.165,45.269],[3.188,45.277],[3.184,45.279],[3.202,45.282],[3.211,45.281],[3.217,45.276],[3.223,45.277],[3.22,45.272],[3.227,45.272],[3.229,45.265],[3.224,45.263],[3.225,45.256],[3.228,45.255],[3.221,45.245],[3.234,45.238],[3.235,45.22],[3.243,45.216],[3.254,45.216],[3.252,45.211],[3.255,45.21],[3.266,45.214],[3.273,45.208],[3.27,45.203],[3.271,45.19],[3.262,45.184],[3.263,45.176],[3.261,45.171],[3.264,45.161],[3.27,45.157],[3.267,45.155],[3.274,45.152],[3.278,45.155],[3.282,45.152],[3.28,45.147],[3.274,45.145],[3.278,45.141],[3.277,45.134],[3.283,45.131],[3.288,45.12],[3.299,45.125],[3.312,45.118],[3.328,45.115],[3.327,45.112],[3.331,45.109],[3.348,45.113],[3.352,45.112],[3.351,45.104],[3.361,45.104],[3.358,45.101],[3.341,45.101],[3.326,45.095],[3.305,45.101],[3.305,45.107],[3.297,45.107],[3.282,45.103],[3.29,45.087],[3.298,45.091],[3.315,45.085],[3.31,45.073],[3.307,45.072],[3.309,45.068],[3.302,45.064],[3.307,45.063],[3.3,45.061],[3.301,45.055],[3.299,45.052],[3.305,45.045],[3.297,45.038],[3.3,45.031],[3.311,45.02],[3.327,45.031],[3.337,45.025],[3.325,45.01],[3.33,45.008],[3.347,45.014],[3.35,45.013],[3.35,45.002],[3.37,45.005],[3.371,45.002],[3.364,44.99],[3.345,44.986],[3.348,44.974],[3.361,44.971],[3.355,44.955],[3.338,44.956],[3.315,44.944],[3.316,44.941],[3.313,44.938],[3.31,44.938],[3.307,44.941],[3.299,44.939],[3.286,44.926],[3.272,44.927],[3.262,44.932],[3.267,44.942],[3.248,44.94],[3.251,44.935],[3.242,44.934],[3.248,44.93],[3.244,44.927],[3.25,44.916],[3.226,44.91],[3.229,44.906],[3.228,44.896],[3.236,44.888],[3.229,44.886],[3.216,44.874],[3.199,44.875],[3.193,44.87],[3.192,44.863],[3.189,44.861],[3.182,44.864],[3.174,44.873],[3.165,44.874],[3.165,44.878],[3.16,44.885],[3.141,44.903],[3.128,44.904],[3.121,44.895],[3.124,44.89],[3.118,44.89],[3.115,44.894],[3.112,44.888],[3.104,44.887],[3.107,44.88],[3.103,44.87],[3.108,44.866],[3.093,44.854],[3.099,44.849],[3.097,44.847],[3.1,44.845],[3.097,44.842],[3.099,44.833],[3.085,44.833],[3.073,44.837],[3.072,44.833],[3.077,44.824],[3.062,44.819],[3.057,44.81],[3.048,44.804],[3.046,44.798],[3.052,44.785],[3.05,44.785],[3.05,44.779],[3.043,44.772],[3.049,44.763],[3.039,44.759],[3.031,44.749],[3.031,44.737],[3.026,44.729],[3.034,44.729],[3.039,44.715],[3.026,44.717],[3.023,44.713],[3.017,44.714],[3.013,44.709],[3.014,44.703],[3.007,44.695],[3.009,44.694],[3.001,44.689],[3.003,44.686],[2.998,44.673],[2.984,44.657],[2.982,44.652],[2.985,44.65],[2.982,44.645],[2.973,44.646],[2.962,44.654],[2.963,44.659],[2.955,44.661],[2.955,44.668],[2.938,44.681],[2.944,44.685],[2.94,44.692],[2.933,44.697],[2.935,44.705],[2.923,44.729],[2.932,44.738],[2.935,44.745],[2.934,44.75],[2.927,44.757],[2.92,44.755],[2.911,44.762],[2.917,44.767],[2.931,44.762],[2.936,44.767],[2.934,44.771],[2.938,44.775],[2.92,44.794],[2.912,44.791],[2.905,44.784],[2.888,44.789],[2.889,44.792],[2.88,44.803],[2.876,44.815],[2.872,44.818],[2.87,44.829],[2.86,44.839],[2.86,44.843],[2.866,44.844],[2.865,44.847],[2.855,44.85],[2.856,44.865],[2.861,44.868],[2.86,44.874],[2.848,44.872],[2.819,44.872],[2.814,44.869],[2.804,44.874],[2.774,44.855],[2.767,44.866],[2.771,44.871],[2.771,44.88],[2.774,44.88],[2.779,44.888],[2.772,44.898],[2.776,44.909],[2.772,44.918],[2.755,44.933],[2.752,44.934],[2.742,44.93],[2.743,44.937],[2.738,44.941],[2.729,44.937],[2.724,44.925],[2.716,44.929],[2.714,44.927],[2.716,44.924],[2.711,44.919],[2.708,44.908],[2.697,44.904],[2.694,44.908],[2.69,44.902],[2.687,44.906],[2.68,44.907],[2.68,44.904],[2.676,44.904],[2.665,44.89],[2.658,44.887],[2.659,44.877],[2.654,44.87],[2.631,44.873],[2.623,44.866],[2.618,44.857],[2.619,44.852],[2.615,44.853],[2.603,44.843],[2.612,44.831],[2.607,44.824],[2.597,44.82],[2.602,44.808],[2.599,44.802],[2.6,44.793],[2.587,44.784],[2.574,44.785],[2.563,44.778],[2.565,44.773],[2.56,44.762],[2.561,44.759],[2.551,44.756],[2.554,44.748],[2.55,44.748],[2.555,44.745],[2.551,44.737],[2.556,44.734],[2.552,44.733],[2.545,44.725],[2.554,44.725],[2.56,44.731],[2.557,44.728],[2.561,44.727],[2.558,44.725],[2.56,44.721],[2.55,44.719],[2.549,44.716],[2.54,44.712],[2.518,44.704],[2.52,44.701],[2.514,44.693],[2.511,44.696],[2.5,44.69],[2.488,44.668],[2.491,44.657],[2.487,44.657],[2.483,44.65],[2.471,44.652],[2.468,44.643],[2.448,44.649],[2.435,44.639],[2.425,44.644],[2.417,44.643],[2.404,44.647],[2.391,44.644],[2.387,44.646],[2.389,44.649],[2.38,44.651],[2.367,44.641],[2.355,44.64],[2.333,44.649],[2.334,44.654],[2.338,44.657],[2.336,44.662],[2.327,44.67],[2.305,44.662],[2.293,44.667],[2.285,44.667],[2.274,44.661],[2.266,44.661],[2.251,44.652],[2.234,44.655],[2.216,44.651],[2.208,44.644],[2.213,44.637],[2.211,44.636],[2.212,44.631],[2.221,44.622],[2.207,44.616],[2.193,44.625],[2.194,44.628],[2.186,44.629],[2.18,44.635],[2.174,44.635],[2.169,44.639],[2.169,44.648],[2.174,44.651],[2.174,44.654],[2.162,44.663],[2.172,44.666],[2.179,44.674],[2.165,44.687],[2.16,44.697],[2.153,44.7],[2.148,44.695],[2.138,44.694],[2.13,44.699],[2.133,44.704],[2.131,44.709],[2.149,44.722],[2.148,44.726],[2.152,44.736],[2.151,44.741],[2.156,44.742],[2.152,44.746],[2.156,44.749],[2.151,44.757],[2.152,44.76],[2.147,44.763],[2.15,44.765],[2.148,44.767],[2.154,44.772],[2.166,44.772],[2.166,44.777],[2.17,44.777],[2.168,44.783],[2.172,44.79],[2.165,44.804],[2.168,44.811],[2.135,44.827],[2.127,44.838],[2.128,44.845],[2.117,44.848],[2.102,44.867],[2.094,44.872],[2.09,44.882],[2.084,44.886],[2.086,44.904],[2.098,44.905],[2.107,44.91],[2.102,44.916],[2.105,44.92],[2.078,44.934],[2.076,44.941],[2.08,44.944],[2.081,44.953],[2.071,44.963],[2.068,44.973],[2.063,44.977],[2.074,44.978],[2.093,44.986],[2.1,44.984],[2.102,44.98],[2.114,44.986],[2.13,44.984],[2.136,44.99],[2.137,44.995],[2.142,45],[2.139,45.003],[2.141,45.007],[2.128,45.012],[2.123,45.02],[2.116,45.022],[2.11,45.034],[2.111,45.041],[2.099,45.048],[2.095,45.056],[2.101,45.056],[2.098,45.061],[2.103,45.062],[2.104,45.067],[2.114,45.072],[2.121,45.07],[2.12,45.073],[2.13,45.078],[2.132,45.082],[2.138,45.082],[2.14,45.087],[2.147,45.086],[2.148,45.083],[2.157,45.086],[2.165,45.085],[2.167,45.081],[2.175,45.082],[2.174,45.088],[2.18,45.095],[2.18,45.099],[2.177,45.102],[2.181,45.105],[2.181,45.113],[2.188,45.113],[2.19,45.116],[2.184,45.119],[2.185,45.123],[2.181,45.127],[2.182,45.132],[2.179,45.136],[2.194,45.135],[2.203,45.139],[2.212,45.148],[2.208,45.16],[2.222,45.16],[2.232,45.164],[2.232,45.17],[2.222,45.17],[2.219,45.174],[2.201,45.18],[2.198,45.192],[2.2,45.198],[2.19,45.204],[2.197,45.216],[2.189,45.222],[2.202,45.222],[2.202,45.227],[2.221,45.238],[2.226,45.245],[2.24,45.248],[2.238,45.259],[2.243,45.265],[2.259,45.27],[2.262,45.283],[2.269,45.289],[2.29,45.288],[2.316,45.322],[2.352,45.328],[2.36,45.337],[2.35,45.346],[2.357,45.354],[2.363,45.353],[2.365,45.356],[2.364,45.363],[2.368,45.366],[2.363,45.378],[2.369,45.387],[2.363,45.397],[2.355,45.401],[2.351,45.413],[2.37,45.416],[2.388,45.412],[2.395,45.407],[2.399,45.4],[2.423,45.397],[2.426,45.394],[2.433,45.393],[2.442,45.384],[2.459,45.386],[2.475,45.381],[2.47,45.374],[2.476,45.374],[2.477,45.37],[2.48,45.37],[2.483,45.373],[2.481,45.377],[2.486,45.379],[2.501,45.381],[2.506,45.378],[2.516,45.384],[2.523,45.383],[2.528,45.392],[2.522,45.397],[2.524,45.399],[2.521,45.403],[2.518,45.402],[2.488,45.418],[2.493,45.424],[2.492,45.429],[2.496,45.436],[2.493,45.439],[2.496,45.446],[2.503,45.448],[2.499,45.46],[2.507,45.464],[2.505,45.469],[2.51,45.473],[2.508,45.479]]]}},{"type":"Feature","properties":{"code":"16","nom":"Charente"},"geometry":{"type":"Polygon","coordinates":[[[-0.103,45.97],[-0.075,45.98],[-0.072,45.978],[-0.063,45.982],[-0.062,45.98],[-0.058,45.987],[-0.043,45.99],[-0.044,45.995],[-0.038,45.992],[-0.041,45.999],[-0.057,45.999],[-0.048,46.004],[-0.05,46.009],[-0.046,46.013],[-0.045,46.02],[-0.031,46.022],[-0.026,46.029],[-0.021,46.029],[-0.038,46.044],[-0.039,46.053],[-0.024,46.057],[-0.001,46.056],[0.005,46.059],[0.019,46.053],[0.028,46.058],[0.033,46.067],[0.037,46.067],[0.038,46.07],[0.042,46.068],[0.063,46.073],[0.051,46.079],[0.066,46.091],[0.079,46.094],[0.097,46.089],[0.1,46.092],[0.093,46.103],[0.097,46.106],[0.107,46.097],[0.116,46.096],[0.136,46.104],[0.146,46.096],[0.149,46.097],[0.163,46.089],[0.17,46.081],[0.178,46.083],[0.188,46.092],[0.192,46.092],[0.191,46.095],[0.197,46.096],[0.199,46.097],[0.22,46.094],[0.24,46.081],[0.257,46.08],[0.261,46.072],[0.276,46.067],[0.273,46.063],[0.278,46.061],[0.299,46.059],[0.31,46.061],[0.314,46.065],[0.326,46.061],[0.329,46.067],[0.334,46.064],[0.355,46.064],[0.36,46.067],[0.379,46.062],[0.389,46.068],[0.403,46.063],[0.413,46.049],[0.425,46.048],[0.432,46.052],[0.442,46.05],[0.456,46.054],[0.469,46.062],[0.469,46.068],[0.481,46.065],[0.472,46.073],[0.478,46.085],[0.464,46.089],[0.448,46.085],[0.445,46.091],[0.45,46.097],[0.443,46.102],[0.453,46.106],[0.452,46.108],[0.455,46.107],[0.462,46.11],[0.471,46.129],[0.488,46.128],[0.493,46.136],[0.509,46.132],[0.504,46.123],[0.499,46.122],[0.508,46.116],[0.515,46.117],[0.521,46.114],[0.523,46.107],[0.538,46.095],[0.54,46.086],[0.554,46.091],[0.564,46.09],[0.575,46.08],[0.594,46.081],[0.596,46.073],[0.601,46.076],[0.61,46.077],[0.605,46.085],[0.609,46.086],[0.609,46.09],[0.615,46.089],[0.617,46.093],[0.635,46.091],[0.652,46.096],[0.687,46.097],[0.684,46.105],[0.675,46.112],[0.688,46.123],[0.711,46.13],[0.713,46.14],[0.728,46.135],[0.738,46.136],[0.744,46.14],[0.751,46.137],[0.758,46.138],[0.762,46.135],[0.761,46.132],[0.77,46.134],[0.774,46.132],[0.781,46.134],[0.787,46.129],[0.789,46.133],[0.801,46.131],[0.804,46.137],[0.812,46.138],[0.812,46.135],[0.823,46.129],[0.814,46.127],[0.81,46.125],[0.814,46.123],[0.809,46.121],[0.815,46.115],[0.818,46.117],[0.816,46.114],[0.818,46.113],[0.821,46.116],[0.824,46.116],[0.824,46.113],[0.834,46.106],[0.835,46.096],[0.831,46.089],[0.825,46.088],[0.827,46.086],[0.819,46.077],[0.819,46.073],[0.828,46.069],[0.827,46.065],[0.823,46.061],[0.816,46.059],[0.816,46.049],[0.829,46.046],[0.83,46.042],[0.839,46.041],[0.852,46.034],[0.859,46.026],[0.858,46.018],[0.864,46.016],[0.886,46.032],[0.896,46.027],[0.894,46.023],[0.899,46.02],[0.919,46.013],[0.918,46.009],[0.925,46.011],[0.926,46.009],[0.923,46.004],[0.918,46.002],[0.918,45.997],[0.934,45.993],[0.934,45.988],[0.931,45.984],[0.937,45.982],[0.932,45.978],[0.94,45.973],[0.946,45.974],[0.947,45.97],[0.944,45.97],[0.941,45.965],[0.944,45.965],[0.941,45.963],[0.943,45.957],[0.93,45.953],[0.922,45.954],[0.922,45.949],[0.928,45.948],[0.921,45.945],[0.921,45.938],[0.905,45.939],[0.902,45.933],[0.877,45.921],[0.869,45.923],[0.86,45.918],[0.852,45.924],[0.836,45.923],[0.822,45.932],[0.812,45.931],[0.809,45.922],[0.816,45.918],[0.817,45.902],[0.813,45.897],[0.824,45.889],[0.827,45.883],[0.817,45.878],[0.808,45.87],[0.821,45.867],[0.817,45.858],[0.796,45.829],[0.788,45.827],[0.782,45.821],[0.78,45.816],[0.783,45.815],[0.786,45.808],[0.777,45.805],[0.777,45.801],[0.784,45.792],[0.777,45.788],[0.768,45.789],[0.769,45.793],[0.763,45.794],[0.763,45.799],[0.75,45.796],[0.747,45.803],[0.741,45.806],[0.735,45.802],[0.717,45.806],[0.712,45.804],[0.708,45.795],[0.711,45.79],[0.711,45.783],[0.706,45.778],[0.715,45.772],[0.715,45.763],[0.691,45.761],[0.683,45.754],[0.673,45.752],[0.67,45.748],[0.666,45.748],[0.665,45.739],[0.653,45.74],[0.648,45.73],[0.651,45.726],[0.645,45.716],[0.633,45.721],[0.63,45.715],[0.626,45.713],[0.629,45.708],[0.622,45.699],[0.614,45.699],[0.615,45.695],[0.61,45.692],[0.604,45.694],[0.602,45.68],[0.591,45.676],[0.6,45.672],[0.586,45.668],[0.589,45.661],[0.587,45.66],[0.578,45.661],[0.578,45.657],[0.574,45.658],[0.567,45.653],[0.575,45.641],[0.568,45.636],[0.558,45.632],[0.547,45.635],[0.544,45.634],[0.547,45.629],[0.541,45.632],[0.538,45.629],[0.534,45.636],[0.537,45.637],[0.536,45.642],[0.525,45.644],[0.527,45.64],[0.51,45.631],[0.512,45.625],[0.508,45.62],[0.501,45.619],[0.5,45.617],[0.503,45.611],[0.513,45.607],[0.517,45.599],[0.51,45.597],[0.516,45.588],[0.501,45.573],[0.505,45.569],[0.499,45.565],[0.509,45.56],[0.506,45.554],[0.5,45.545],[0.494,45.547],[0.493,45.542],[0.486,45.543],[0.486,45.538],[0.466,45.54],[0.459,45.526],[0.45,45.524],[0.45,45.517],[0.439,45.51],[0.437,45.505],[0.432,45.504],[0.432,45.486],[0.421,45.485],[0.409,45.492],[0.391,45.485],[0.382,45.486],[0.377,45.476],[0.367,45.475],[0.361,45.477],[0.359,45.466],[0.346,45.461],[0.338,45.463],[0.333,45.459],[0.334,45.45],[0.329,45.443],[0.322,45.452],[0.308,45.461],[0.303,45.459],[0.3,45.452],[0.302,45.446],[0.312,45.442],[0.318,45.436],[0.312,45.433],[0.293,45.434],[0.275,45.426],[0.271,45.42],[0.272,45.416],[0.265,45.406],[0.267,45.403],[0.259,45.395],[0.252,45.374],[0.248,45.369],[0.267,45.332],[0.27,45.311],[0.267,45.298],[0.249,45.289],[0.244,45.292],[0.236,45.293],[0.22,45.289],[0.22,45.285],[0.214,45.284],[0.21,45.271],[0.203,45.262],[0.191,45.263],[0.189,45.26],[0.175,45.261],[0.178,45.254],[0.172,45.252],[0.169,45.243],[0.172,45.239],[0.166,45.23],[0.162,45.23],[0.159,45.226],[0.147,45.225],[0.145,45.214],[0.136,45.216],[0.136,45.21],[0.131,45.208],[0.116,45.214],[0.099,45.227],[0.092,45.228],[0.079,45.22],[0.066,45.221],[0.056,45.227],[0.038,45.216],[0.035,45.209],[0.008,45.202],[0.004,45.192],[-0.002,45.195],[-0.002,45.199],[-0.001,45.209],[0.006,45.22],[0.004,45.229],[-0.018,45.229],[-0.033,45.234],[-0.04,45.247],[-0.048,45.249],[-0.077,45.246],[-0.115,45.248],[-0.117,45.251],[-0.112,45.257],[-0.113,45.282],[-0.109,45.283],[-0.11,45.29],[-0.124,45.294],[-0.134,45.294],[-0.145,45.288],[-0.144,45.295],[-0.158,45.306],[-0.182,45.309],[-0.195,45.305],[-0.201,45.306],[-0.2,45.312],[-0.21,45.312],[-0.22,45.317],[-0.22,45.322],[-0.229,45.322],[-0.232,45.314],[-0.238,45.316],[-0.248,45.311],[-0.254,45.312],[-0.259,45.307],[-0.258,45.299],[-0.273,45.302],[-0.284,45.309],[-0.283,45.319],[-0.285,45.325],[-0.29,45.327],[-0.278,45.337],[-0.283,45.339],[-0.277,45.344],[-0.278,45.348],[-0.275,45.348],[-0.265,45.339],[-0.261,45.343],[-0.25,45.341],[-0.245,45.348],[-0.245,45.361],[-0.251,45.357],[-0.272,45.359],[-0.281,45.355],[-0.28,45.365],[-0.294,45.366],[-0.29,45.371],[-0.309,45.373],[-0.312,45.377],[-0.311,45.385],[-0.31,45.387],[-0.303,45.386],[-0.301,45.389],[-0.283,45.388],[-0.281,45.392],[-0.277,45.391],[-0.278,45.399],[-0.258,45.402],[-0.254,45.399],[-0.251,45.401],[-0.25,45.41],[-0.235,45.411],[-0.233,45.42],[-0.254,45.418],[-0.251,45.426],[-0.255,45.43],[-0.247,45.435],[-0.262,45.448],[-0.266,45.448],[-0.267,45.455],[-0.277,45.459],[-0.286,45.457],[-0.281,45.474],[-0.265,45.471],[-0.263,45.477],[-0.257,45.482],[-0.258,45.489],[-0.253,45.489],[-0.249,45.493],[-0.242,45.49],[-0.241,45.495],[-0.246,45.497],[-0.242,45.503],[-0.253,45.501],[-0.268,45.509],[-0.264,45.513],[-0.254,45.517],[-0.255,45.521],[-0.27,45.526],[-0.282,45.521],[-0.279,45.525],[-0.291,45.532],[-0.297,45.527],[-0.305,45.528],[-0.322,45.535],[-0.322,45.541],[-0.318,45.545],[-0.311,45.544],[-0.31,45.549],[-0.307,45.549],[-0.297,45.565],[-0.301,45.565],[-0.315,45.579],[-0.324,45.581],[-0.331,45.588],[-0.341,45.587],[-0.341,45.59],[-0.347,45.595],[-0.361,45.598],[-0.365,45.605],[-0.377,45.609],[-0.38,45.622],[-0.387,45.627],[-0.414,45.616],[-0.433,45.625],[-0.421,45.636],[-0.417,45.648],[-0.413,45.649],[-0.409,45.656],[-0.398,45.652],[-0.382,45.655],[-0.383,45.66],[-0.411,45.683],[-0.419,45.683],[-0.423,45.686],[-0.415,45.697],[-0.422,45.709],[-0.42,45.714],[-0.42,45.725],[-0.4,45.735],[-0.416,45.742],[-0.46,45.739],[-0.463,45.752],[-0.453,45.759],[-0.449,45.766],[-0.432,45.767],[-0.428,45.763],[-0.414,45.771],[-0.409,45.767],[-0.403,45.771],[-0.402,45.787],[-0.376,45.784],[-0.369,45.78],[-0.338,45.787],[-0.321,45.785],[-0.306,45.788],[-0.296,45.797],[-0.299,45.802],[-0.289,45.806],[-0.277,45.803],[-0.277,45.806],[-0.274,45.807],[-0.238,45.804],[-0.244,45.796],[-0.235,45.795],[-0.233,45.789],[-0.221,45.775],[-0.2,45.779],[-0.191,45.79],[-0.188,45.788],[-0.186,45.791],[-0.18,45.788],[-0.174,45.79],[-0.166,45.788],[-0.163,45.793],[-0.156,45.789],[-0.165,45.781],[-0.156,45.78],[-0.148,45.789],[-0.151,45.79],[-0.148,45.793],[-0.155,45.798],[-0.146,45.802],[-0.142,45.812],[-0.135,45.819],[-0.141,45.833],[-0.14,45.836],[-0.146,45.837],[-0.145,45.84],[-0.137,45.847],[-0.122,45.85],[-0.121,45.855],[-0.125,45.856],[-0.111,45.872],[-0.127,45.873],[-0.131,45.878],[-0.131,45.891],[-0.142,45.889],[-0.144,45.892],[-0.149,45.901],[-0.138,45.904],[-0.132,45.91],[-0.136,45.91],[-0.142,45.917],[-0.151,45.914],[-0.146,45.925],[-0.151,45.927],[-0.14,45.932],[-0.13,45.927],[-0.114,45.93],[-0.105,45.927],[-0.097,45.928],[-0.095,45.933],[-0.098,45.935],[-0.089,45.944],[-0.092,45.945],[-0.086,45.948],[-0.086,45.951],[-0.092,45.952],[-0.095,45.962],[-0.106,45.959],[-0.103,45.97]]]}},{"type":"Feature","properties":{"code":"17","nom":"Charente-Maritime"},"geometry":{"type":"MultiPolygon","coordinates":[[[[-1.114,45.952],[-1.119,45.957],[-1.119,45.961],[-1.111,45.961],[-1.105,45.954],[-1.114,45.952]]],[[[-1.481,46.21],[-1.483,46.212],[-1.479,46.215],[-1.467,46.217],[-1.465,46.223],[-1.457,46.224],[-1.458,46.229],[-1.413,46.23],[-1.411,46.227],[-1.418,46.226],[-1.419,46.219],[-1.437,46.217],[-1.439,46.21],[-1.431,46.21],[-1.426,46.205],[-1.404,46.203],[-1.365,46.208],[-1.355,46.206],[-1.321,46.187],[-1.306,46.191],[-1.293,46.187],[-1.287,46.181],[-1.289,46.178],[-1.282,46.173],[-1.282,46.165],[-1.274,46.16],[-1.255,46.164],[-1.274,46.151],[-1.28,46.144],[-1.285,46.146],[-1.305,46.143],[-1.322,46.145],[-1.329,46.149],[-1.353,46.155],[-1.371,46.167],[-1.392,46.177],[-1.462,46.202],[-1.487,46.2],[-1.504,46.194],[-1.534,46.202],[-1.544,46.22],[-1.561,46.236],[-1.563,46.244],[-1.541,46.244],[-1.513,46.258],[-1.495,46.256],[-1.482,46.247],[-1.481,46.24],[-1.475,46.233],[-1.482,46.229],[-1.488,46.229],[-1.499,46.235],[-1.506,46.227],[-1.514,46.232],[-1.515,46.227],[-1.513,46.223],[-1.506,46.218],[-1.507,46.215],[-1.5,46.217],[-1.493,46.213],[-1.496,46.208],[-1.494,46.205],[-1.489,46.208],[-1.488,46.204],[-1.484,46.202],[-1.485,46.208],[-1.481,46.21]]],[[[-1.176,46.008],[-1.179,46.013],[-1.175,46.024],[-1.162,46.024],[-1.154,46.019],[-1.171,46.019],[-1.17,46.013],[-1.176,46.008]]],[[[-1.129,46.31],[-1.123,46.316],[-1.124,46.322],[-1.121,46.324],[-1.116,46.322],[-1.116,46.317],[-1.105,46.315],[-1.102,46.316],[-1.098,46.312],[-1.091,46.317],[-1.075,46.318],[-1.075,46.32],[-1.081,46.323],[-1.073,46.327],[-1.053,46.349],[-1.053,46.343],[-1.014,46.356],[-1.013,46.349],[-1,46.355],[-0.995,46.35],[-0.975,46.351],[-0.965,46.365],[-0.951,46.36],[-0.942,46.368],[-0.937,46.366],[-0.93,46.372],[-0.927,46.371],[-0.939,46.352],[-0.943,46.337],[-0.963,46.323],[-0.943,46.318],[-0.931,46.31],[-0.926,46.316],[-0.921,46.312],[-0.915,46.316],[-0.911,46.313],[-0.894,46.317],[-0.893,46.323],[-0.887,46.327],[-0.87,46.322],[-0.865,46.327],[-0.86,46.325],[-0.863,46.319],[-0.852,46.317],[-0.845,46.325],[-0.849,46.333],[-0.84,46.34],[-0.831,46.342],[-0.823,46.336],[-0.8,46.342],[-0.797,46.339],[-0.807,46.333],[-0.803,46.325],[-0.794,46.325],[-0.785,46.319],[-0.775,46.318],[-0.769,46.312],[-0.758,46.311],[-0.75,46.304],[-0.755,46.302],[-0.748,46.283],[-0.735,46.268],[-0.755,46.253],[-0.751,46.245],[-0.688,46.217],[-0.685,46.208],[-0.687,46.208],[-0.686,46.203],[-0.68,46.197],[-0.687,46.195],[-0.694,46.197],[-0.698,46.192],[-0.688,46.191],[-0.696,46.186],[-0.69,46.182],[-0.691,46.18],[-0.688,46.178],[-0.681,46.183],[-0.67,46.185],[-0.662,46.181],[-0.655,46.169],[-0.645,46.165],[-0.629,46.165],[-0.628,46.161],[-0.61,46.161],[-0.601,46.156],[-0.607,46.153],[-0.624,46.154],[-0.632,46.151],[-0.634,46.148],[-0.627,46.147],[-0.628,46.143],[-0.619,46.137],[-0.616,46.137],[-0.613,46.142],[-0.6,46.144],[-0.583,46.14],[-0.579,46.148],[-0.564,46.142],[-0.547,46.144],[-0.533,46.14],[-0.531,46.135],[-0.527,46.136],[-0.526,46.132],[-0.529,46.13],[-0.517,46.127],[-0.512,46.13],[-0.511,46.128],[-0.519,46.124],[-0.51,46.118],[-0.516,46.112],[-0.506,46.107],[-0.491,46.108],[-0.468,46.102],[-0.452,46.103],[-0.44,46.095],[-0.437,46.098],[-0.44,46.105],[-0.422,46.113],[-0.423,46.094],[-0.401,46.084],[-0.391,46.095],[-0.383,46.098],[-0.381,46.093],[-0.372,46.093],[-0.365,46.085],[-0.359,46.083],[-0.365,46.079],[-0.363,46.076],[-0.331,46.083],[-0.304,46.078],[-0.292,46.087],[-0.28,46.079],[-0.279,46.072],[-0.274,46.068],[-0.273,46.057],[-0.213,46.044],[-0.2,46.048],[-0.193,46.054],[-0.193,46.049],[-0.196,46.045],[-0.191,46.044],[-0.189,46.026],[-0.166,46.037],[-0.16,46.037],[-0.172,46.023],[-0.163,46.022],[-0.165,46.011],[-0.157,46.008],[-0.159,46.005],[-0.145,46.005],[-0.139,45.999],[-0.137,45.987],[-0.133,45.988],[-0.135,45.985],[-0.132,45.984],[-0.137,45.979],[-0.116,45.977],[-0.103,45.97],[-0.106,45.959],[-0.095,45.962],[-0.092,45.952],[-0.086,45.951],[-0.086,45.948],[-0.092,45.945],[-0.089,45.944],[-0.098,45.935],[-0.095,45.933],[-0.097,45.928],[-0.105,45.927],[-0.114,45.93],[-0.13,45.927],[-0.14,45.932],[-0.151,45.927],[-0.146,45.925],[-0.151,45.914],[-0.142,45.917],[-0.136,45.91],[-0.132,45.91],[-0.138,45.904],[-0.149,45.901],[-0.144,45.892],[-0.142,45.889],[-0.131,45.891],[-0.131,45.878],[-0.127,45.873],[-0.111,45.872],[-0.125,45.856],[-0.121,45.855],[-0.122,45.85],[-0.137,45.847],[-0.145,45.84],[-0.146,45.837],[-0.14,45.836],[-0.141,45.833],[-0.135,45.819],[-0.142,45.812],[-0.146,45.802],[-0.155,45.798],[-0.148,45.793],[-0.151,45.79],[-0.148,45.789],[-0.156,45.78],[-0.165,45.781],[-0.156,45.789],[-0.163,45.793],[-0.166,45.788],[-0.174,45.79],[-0.18,45.788],[-0.186,45.791],[-0.188,45.788],[-0.191,45.79],[-0.2,45.779],[-0.221,45.775],[-0.233,45.789],[-0.235,45.795],[-0.244,45.796],[-0.238,45.804],[-0.274,45.807],[-0.277,45.806],[-0.277,45.803],[-0.289,45.806],[-0.299,45.802],[-0.296,45.797],[-0.306,45.788],[-0.321,45.785],[-0.338,45.787],[-0.369,45.78],[-0.376,45.784],[-0.402,45.787],[-0.403,45.771],[-0.409,45.767],[-0.414,45.771],[-0.428,45.763],[-0.432,45.767],[-0.449,45.766],[-0.453,45.759],[-0.463,45.752],[-0.46,45.739],[-0.416,45.742],[-0.4,45.735],[-0.42,45.725],[-0.42,45.714],[-0.422,45.709],[-0.415,45.697],[-0.423,45.686],[-0.419,45.683],[-0.411,45.683],[-0.383,45.66],[-0.382,45.655],[-0.398,45.652],[-0.409,45.656],[-0.413,45.649],[-0.417,45.648],[-0.421,45.636],[-0.433,45.625],[-0.414,45.616],[-0.387,45.627],[-0.38,45.622],[-0.377,45.609],[-0.365,45.605],[-0.361,45.598],[-0.347,45.595],[-0.341,45.59],[-0.341,45.587],[-0.331,45.588],[-0.324,45.581],[-0.315,45.579],[-0.301,45.565],[-0.297,45.565],[-0.307,45.549],[-0.31,45.549],[-0.311,45.544],[-0.318,45.545],[-0.322,45.541],[-0.322,45.535],[-0.305,45.528],[-0.297,45.527],[-0.291,45.532],[-0.279,45.525],[-0.282,45.521],[-0.27,45.526],[-0.255,45.521],[-0.254,45.517],[-0.264,45.513],[-0.268,45.509],[-0.253,45.501],[-0.242,45.503],[-0.246,45.497],[-0.241,45.495],[-0.242,45.49],[-0.249,45.493],[-0.253,45.489],[-0.258,45.489],[-0.257,45.482],[-0.263,45.477],[-0.265,45.471],[-0.281,45.474],[-0.286,45.457],[-0.277,45.459],[-0.267,45.455],[-0.266,45.448],[-0.262,45.448],[-0.247,45.435],[-0.255,45.43],[-0.251,45.426],[-0.254,45.418],[-0.233,45.42],[-0.235,45.411],[-0.25,45.41],[-0.251,45.401],[-0.254,45.399],[-0.258,45.402],[-0.278,45.399],[-0.277,45.391],[-0.281,45.392],[-0.283,45.388],[-0.301,45.389],[-0.303,45.386],[-0.31,45.387],[-0.311,45.385],[-0.312,45.377],[-0.309,45.373],[-0.29,45.371],[-0.294,45.366],[-0.28,45.365],[-0.281,45.355],[-0.272,45.359],[-0.251,45.357],[-0.245,45.361],[-0.245,45.348],[-0.25,45.341],[-0.261,45.343],[-0.265,45.339],[-0.275,45.348],[-0.278,45.348],[-0.277,45.344],[-0.283,45.339],[-0.278,45.337],[-0.29,45.327],[-0.285,45.325],[-0.283,45.319],[-0.284,45.309],[-0.273,45.302],[-0.258,45.299],[-0.259,45.307],[-0.254,45.312],[-0.248,45.311],[-0.238,45.316],[-0.232,45.314],[-0.229,45.322],[-0.22,45.322],[-0.22,45.317],[-0.21,45.312],[-0.2,45.312],[-0.201,45.306],[-0.195,45.305],[-0.182,45.309],[-0.158,45.306],[-0.144,45.295],[-0.145,45.288],[-0.134,45.294],[-0.124,45.294],[-0.11,45.29],[-0.109,45.283],[-0.113,45.282],[-0.112,45.257],[-0.117,45.251],[-0.115,45.248],[-0.077,45.246],[-0.048,45.249],[-0.04,45.247],[-0.033,45.234],[-0.018,45.229],[0.004,45.229],[0.006,45.22],[-0.001,45.209],[-0.002,45.199],[-0.002,45.195],[0.004,45.192],[0.002,45.184],[-0.017,45.17],[-0.019,45.165],[-0.017,45.161],[-0.001,45.159],[0.005,45.154],[-0.021,45.146],[-0.026,45.142],[-0.037,45.141],[-0.029,45.128],[-0.041,45.115],[-0.04,45.102],[-0.048,45.098],[-0.053,45.101],[-0.064,45.099],[-0.072,45.108],[-0.085,45.116],[-0.088,45.121],[-0.098,45.121],[-0.113,45.115],[-0.12,45.108],[-0.128,45.105],[-0.131,45.097],[-0.142,45.09],[-0.154,45.089],[-0.164,45.093],[-0.191,45.094],[-0.21,45.1],[-0.219,45.107],[-0.247,45.109],[-0.259,45.115],[-0.258,45.118],[-0.267,45.127],[-0.268,45.134],[-0.275,45.135],[-0.275,45.141],[-0.281,45.144],[-0.308,45.149],[-0.314,45.138],[-0.319,45.145],[-0.321,45.156],[-0.339,45.167],[-0.349,45.17],[-0.364,45.17],[-0.369,45.163],[-0.38,45.156],[-0.385,45.146],[-0.397,45.17],[-0.402,45.188],[-0.421,45.209],[-0.416,45.213],[-0.414,45.228],[-0.405,45.24],[-0.407,45.248],[-0.425,45.248],[-0.415,45.269],[-0.419,45.274],[-0.445,45.286],[-0.464,45.289],[-0.473,45.294],[-0.486,45.294],[-0.514,45.286],[-0.53,45.292],[-0.548,45.293],[-0.561,45.299],[-0.566,45.296],[-0.57,45.299],[-0.575,45.316],[-0.569,45.332],[-0.585,45.343],[-0.594,45.335],[-0.594,45.321],[-0.604,45.322],[-0.605,45.324],[-0.615,45.323],[-0.623,45.319],[-0.645,45.315],[-0.644,45.322],[-0.714,45.328],[-0.753,45.322],[-0.774,45.369],[-0.841,45.435],[-0.927,45.496],[-1.026,45.575],[-0.993,45.577],[-0.989,45.581],[-0.994,45.598],[-1,45.601],[-1.008,45.6],[-1.008,45.598],[-1.013,45.6],[-1.015,45.603],[-1.009,45.607],[-1.01,45.611],[-1.02,45.622],[-1.028,45.623],[-1.027,45.619],[-1.031,45.617],[-1.035,45.619],[-1.043,45.618],[-1.043,45.62],[-1.053,45.622],[-1.051,45.626],[-1.057,45.625],[-1.07,45.633],[-1.07,45.635],[-1.077,45.635],[-1.075,45.638],[-1.083,45.637],[-1.088,45.642],[-1.095,45.64],[-1.102,45.645],[-1.115,45.647],[-1.162,45.674],[-1.209,45.697],[-1.227,45.694],[-1.231,45.691],[-1.224,45.68],[-1.221,45.677],[-1.217,45.678],[-1.219,45.675],[-1.196,45.674],[-1.213,45.671],[-1.228,45.675],[-1.237,45.706],[-1.244,45.77],[-1.243,45.782],[-1.231,45.789],[-1.221,45.79],[-1.209,45.796],[-1.199,45.794],[-1.198,45.792],[-1.204,45.793],[-1.192,45.789],[-1.175,45.794],[-1.159,45.802],[-1.145,45.797],[-1.136,45.801],[-1.132,45.805],[-1.137,45.82],[-1.152,45.832],[-1.149,45.836],[-1.153,45.837],[-1.155,45.845],[-1.168,45.845],[-1.168,45.849],[-1.164,45.851],[-1.17,45.856],[-1.151,45.852],[-1.15,45.854],[-1.155,45.859],[-1.153,45.862],[-1.121,45.856],[-1.114,45.859],[-1.109,45.868],[-1.101,45.872],[-1.099,45.882],[-1.076,45.907],[-1.074,45.921],[-1.077,45.937],[-1.1,45.944],[-1.096,45.949],[-1.064,45.95],[-1.065,45.956],[-1.075,45.958],[-1.081,45.963],[-1.086,45.981],[-1.096,45.984],[-1.099,45.991],[-1.109,45.999],[-1.121,46.003],[-1.111,46.002],[-1.093,45.992],[-1.081,45.997],[-1.063,45.994],[-1.053,46.003],[-1.053,46.013],[-1.061,46.025],[-1.056,46.034],[-1.062,46.045],[-1.077,46.053],[-1.089,46.054],[-1.093,46.062],[-1.094,46.077],[-1.101,46.094],[-1.115,46.102],[-1.132,46.102],[-1.136,46.106],[-1.141,46.104],[-1.143,46.106],[-1.14,46.11],[-1.132,46.109],[-1.124,46.112],[-1.128,46.127],[-1.146,46.127],[-1.154,46.137],[-1.173,46.138],[-1.171,46.147],[-1.161,46.149],[-1.161,46.155],[-1.187,46.153],[-1.206,46.146],[-1.224,46.151],[-1.228,46.15],[-1.242,46.157],[-1.241,46.163],[-1.237,46.166],[-1.222,46.167],[-1.219,46.17],[-1.218,46.18],[-1.202,46.189],[-1.199,46.199],[-1.207,46.204],[-1.199,46.213],[-1.183,46.222],[-1.175,46.222],[-1.157,46.236],[-1.148,46.238],[-1.143,46.244],[-1.139,46.254],[-1.129,46.254],[-1.118,46.261],[-1.111,46.261],[-1.121,46.289],[-1.115,46.292],[-1.122,46.29],[-1.123,46.294],[-1.12,46.295],[-1.129,46.31]]],[[[-1.25,45.846],[-1.259,45.868],[-1.27,45.882],[-1.293,45.9],[-1.305,45.901],[-1.318,45.911],[-1.341,45.919],[-1.386,45.952],[-1.389,45.958],[-1.386,45.963],[-1.396,45.977],[-1.389,45.989],[-1.388,46],[-1.401,46.016],[-1.412,46.048],[-1.37,46.039],[-1.372,46.032],[-1.37,46.03],[-1.349,46.018],[-1.336,46.014],[-1.315,45.994],[-1.286,45.988],[-1.247,45.99],[-1.238,45.984],[-1.238,45.975],[-1.233,45.971],[-1.233,45.967],[-1.235,45.965],[-1.236,45.968],[-1.242,45.955],[-1.226,45.941],[-1.23,45.938],[-1.228,45.933],[-1.234,45.927],[-1.22,45.91],[-1.202,45.901],[-1.201,45.896],[-1.187,45.887],[-1.188,45.883],[-1.194,45.88],[-1.193,45.874],[-1.2,45.866],[-1.197,45.863],[-1.2,45.863],[-1.204,45.859],[-1.203,45.854],[-1.208,45.85],[-1.195,45.829],[-1.205,45.825],[-1.216,45.814],[-1.224,45.811],[-1.229,45.806],[-1.226,45.804],[-1.232,45.802],[-1.239,45.808],[-1.246,45.821],[-1.25,45.846]]]]}},{"type":"Feature","properties":{"code":"18","nom":"Cher"},"geometry":{"type":"Polygon","coordinates":[[[2.239,47.621],[2.247,47.62],[2.29,47.629],[2.291,47.624],[2.325,47.608],[2.342,47.605],[2.36,47.592],[2.36,47.59],[2.365,47.591],[2.373,47.586],[2.381,47.592],[2.396,47.592],[2.401,47.599],[2.439,47.61],[2.45,47.606],[2.45,47.603],[2.455,47.599],[2.453,47.597],[2.476,47.579],[2.488,47.574],[2.491,47.568],[2.508,47.568],[2.522,47.573],[2.523,47.571],[2.547,47.575],[2.563,47.572],[2.569,47.569],[2.574,47.559],[2.594,47.558],[2.617,47.541],[2.612,47.528],[2.615,47.524],[2.63,47.522],[2.636,47.516],[2.647,47.516],[2.649,47.513],[2.654,47.512],[2.657,47.496],[2.655,47.492],[2.659,47.489],[2.658,47.487],[2.667,47.485],[2.69,47.484],[2.703,47.489],[2.715,47.488],[2.719,47.495],[2.725,47.494],[2.727,47.499],[2.72,47.505],[2.728,47.507],[2.724,47.516],[2.73,47.52],[2.722,47.521],[2.729,47.531],[2.727,47.536],[2.733,47.538],[2.739,47.528],[2.746,47.525],[2.767,47.525],[2.776,47.518],[2.785,47.516],[2.785,47.51],[2.796,47.506],[2.793,47.498],[2.803,47.498],[2.804,47.495],[2.808,47.494],[2.825,47.497],[2.839,47.511],[2.875,47.52],[2.888,47.509],[2.899,47.482],[2.914,47.471],[2.932,47.439],[2.931,47.433],[2.92,47.421],[2.918,47.406],[2.906,47.393],[2.893,47.369],[2.872,47.346],[2.87,47.34],[2.875,47.335],[2.872,47.332],[2.877,47.322],[2.886,47.316],[2.912,47.309],[2.939,47.287],[2.974,47.27],[2.983,47.261],[2.979,47.23],[3.01,47.179],[3.016,47.159],[3.021,47.153],[3.017,47.141],[3.028,47.129],[3.031,47.092],[3.021,47.078],[3.019,47.068],[3.03,47.058],[3.064,47.046],[3.075,47.029],[3.076,47.019],[3.066,47.002],[3.063,46.979],[3.072,46.964],[3.079,46.96],[3.079,46.955],[3.064,46.936],[3.062,46.928],[3.05,46.908],[3.061,46.898],[3.067,46.882],[3.065,46.864],[3.07,46.853],[3.067,46.848],[3.055,46.839],[3.059,46.826],[3.041,46.813],[3.033,46.8],[3.032,46.795],[3.025,46.794],[3.018,46.8],[2.993,46.797],[2.982,46.803],[2.963,46.804],[2.954,46.797],[2.953,46.791],[2.947,46.791],[2.942,46.795],[2.94,46.793],[2.938,46.796],[2.932,46.796],[2.913,46.791],[2.908,46.788],[2.91,46.779],[2.876,46.768],[2.877,46.761],[2.862,46.755],[2.845,46.743],[2.844,46.739],[2.847,46.727],[2.835,46.728],[2.827,46.735],[2.795,46.734],[2.786,46.727],[2.786,46.723],[2.774,46.718],[2.77,46.723],[2.759,46.718],[2.755,46.719],[2.757,46.725],[2.744,46.729],[2.736,46.738],[2.74,46.741],[2.735,46.746],[2.729,46.748],[2.719,46.742],[2.715,46.744],[2.705,46.739],[2.706,46.733],[2.701,46.728],[2.707,46.725],[2.702,46.718],[2.696,46.723],[2.692,46.723],[2.692,46.72],[2.686,46.723],[2.686,46.714],[2.672,46.709],[2.678,46.705],[2.674,46.702],[2.655,46.697],[2.645,46.687],[2.645,46.69],[2.64,46.692],[2.623,46.69],[2.62,46.68],[2.625,46.673],[2.634,46.675],[2.629,46.66],[2.624,46.657],[2.617,46.661],[2.607,46.661],[2.605,46.671],[2.598,46.665],[2.594,46.667],[2.575,46.661],[2.567,46.654],[2.569,46.651],[2.593,46.647],[2.597,46.637],[2.592,46.63],[2.584,46.626],[2.588,46.616],[2.568,46.609],[2.578,46.608],[2.582,46.593],[2.592,46.594],[2.594,46.597],[2.6,46.595],[2.597,46.593],[2.603,46.588],[2.602,46.581],[2.606,46.579],[2.606,46.575],[2.609,46.571],[2.608,46.567],[2.603,46.564],[2.61,46.563],[2.61,46.557],[2.615,46.556],[2.615,46.553],[2.584,46.543],[2.572,46.534],[2.553,46.529],[2.537,46.52],[2.529,46.523],[2.531,46.529],[2.521,46.531],[2.512,46.528],[2.512,46.524],[2.507,46.522],[2.497,46.522],[2.497,46.534],[2.483,46.533],[2.47,46.526],[2.458,46.525],[2.445,46.52],[2.442,46.525],[2.43,46.527],[2.422,46.526],[2.417,46.521],[2.368,46.518],[2.36,46.516],[2.335,46.501],[2.333,46.497],[2.329,46.495],[2.329,46.493],[2.324,46.49],[2.329,46.484],[2.33,46.479],[2.323,46.47],[2.317,46.469],[2.305,46.475],[2.301,46.472],[2.297,46.463],[2.283,46.449],[2.285,46.44],[2.277,46.425],[2.281,46.42],[2.255,46.423],[2.255,46.426],[2.25,46.426],[2.233,46.422],[2.228,46.425],[2.214,46.423],[2.199,46.428],[2.185,46.423],[2.168,46.424],[2.154,46.434],[2.158,46.44],[2.151,46.448],[2.154,46.455],[2.151,46.458],[2.157,46.462],[2.193,46.47],[2.204,46.484],[2.204,46.491],[2.194,46.496],[2.199,46.498],[2.199,46.502],[2.183,46.509],[2.181,46.529],[2.169,46.539],[2.159,46.558],[2.175,46.564],[2.172,46.567],[2.167,46.589],[2.169,46.595],[2.177,46.602],[2.181,46.6],[2.186,46.604],[2.184,46.612],[2.187,46.617],[2.18,46.628],[2.186,46.633],[2.189,46.642],[2.179,46.643],[2.176,46.651],[2.163,46.646],[2.163,46.654],[2.139,46.664],[2.137,46.677],[2.148,46.677],[2.144,46.682],[2.148,46.682],[2.155,46.692],[2.141,46.696],[2.131,46.706],[2.118,46.71],[2.107,46.711],[2.102,46.708],[2.087,46.713],[2.093,46.724],[2.091,46.727],[2.085,46.732],[2.082,46.73],[2.079,46.734],[2.072,46.735],[2.066,46.742],[2.067,46.752],[2.096,46.755],[2.098,46.761],[2.107,46.765],[2.11,46.772],[2.108,46.776],[2.115,46.774],[2.117,46.78],[2.096,46.801],[2.093,46.8],[2.081,46.807],[2.073,46.809],[2.051,46.827],[2.045,46.837],[2.076,46.835],[2.08,46.841],[2.096,46.855],[2.083,46.869],[2.107,46.872],[2.114,46.88],[2.126,46.88],[2.139,46.889],[2.155,46.912],[2.147,46.918],[2.11,46.913],[2.07,46.934],[2.07,46.954],[2.088,46.96],[2.091,46.968],[2.087,46.973],[2.093,46.979],[2.096,46.985],[2.092,46.988],[2.109,46.997],[2.103,47.007],[2.093,47.016],[2.086,47.016],[2.075,47.026],[2.064,47.028],[2.06,47.035],[2.052,47.04],[2.051,47.042],[2.031,47.042],[2.029,47.046],[2.038,47.056],[2.041,47.066],[2.056,47.072],[2.054,47.087],[2.047,47.094],[2.054,47.102],[2.048,47.105],[2.049,47.107],[2.025,47.104],[2.03,47.097],[2.029,47.095],[2.003,47.094],[2.007,47.108],[2.013,47.111],[2,47.114],[2.001,47.119],[1.998,47.123],[2,47.124],[1.997,47.127],[1.988,47.127],[1.973,47.121],[1.97,47.121],[1.969,47.125],[1.964,47.125],[1.926,47.107],[1.923,47.102],[1.905,47.109],[1.894,47.103],[1.888,47.105],[1.883,47.101],[1.849,47.109],[1.827,47.122],[1.809,47.122],[1.804,47.119],[1.794,47.121],[1.79,47.126],[1.775,47.131],[1.808,47.153],[1.811,47.164],[1.823,47.173],[1.842,47.178],[1.837,47.199],[1.84,47.208],[1.839,47.219],[1.85,47.218],[1.853,47.222],[1.868,47.213],[1.873,47.205],[1.894,47.215],[1.904,47.215],[1.917,47.236],[1.91,47.244],[1.892,47.249],[1.895,47.255],[1.925,47.265],[1.921,47.27],[1.923,47.275],[1.943,47.291],[1.948,47.286],[1.982,47.274],[1.998,47.264],[2.008,47.269],[2.025,47.265],[2.029,47.269],[2.077,47.286],[2.105,47.286],[2.11,47.284],[2.112,47.279],[2.127,47.282],[2.129,47.28],[2.138,47.284],[2.138,47.293],[2.158,47.299],[2.149,47.319],[2.145,47.315],[2.132,47.321],[2.132,47.327],[2.127,47.33],[2.129,47.333],[2.119,47.333],[2.128,47.345],[2.123,47.348],[2.114,47.37],[2.097,47.367],[2.103,47.393],[2.117,47.41],[2.115,47.421],[2.138,47.406],[2.189,47.438],[2.205,47.405],[2.23,47.408],[2.244,47.415],[2.245,47.438],[2.248,47.441],[2.242,47.451],[2.235,47.452],[2.245,47.458],[2.246,47.462],[2.237,47.471],[2.243,47.477],[2.242,47.484],[2.248,47.492],[2.228,47.497],[2.196,47.488],[2.213,47.513],[2.215,47.522],[2.207,47.53],[2.198,47.546],[2.196,47.549],[2.129,47.551],[2.124,47.56],[2.128,47.57],[2.12,47.583],[2.142,47.59],[2.151,47.601],[2.197,47.607],[2.229,47.62],[2.239,47.621]]]}},{"type":"Feature","properties":{"code":"19","nom":"Corrèze"},"geometry":{"type":"Polygon","coordinates":[[[1.899,45.698],[1.904,45.704],[1.914,45.704],[1.912,45.708],[1.922,45.714],[1.929,45.712],[1.933,45.706],[1.948,45.706],[1.941,45.711],[1.941,45.713],[1.947,45.716],[1.948,45.722],[1.957,45.725],[1.967,45.722],[1.979,45.725],[1.983,45.719],[1.991,45.721],[1.991,45.726],[1.999,45.732],[2,45.74],[1.998,45.741],[2.002,45.749],[2.018,45.755],[2.037,45.754],[2.047,45.764],[2.052,45.765],[2.058,45.754],[2.072,45.748],[2.084,45.746],[2.085,45.728],[2.097,45.734],[2.114,45.725],[2.121,45.732],[2.134,45.735],[2.135,45.729],[2.141,45.727],[2.145,45.723],[2.157,45.722],[2.161,45.736],[2.164,45.736],[2.176,45.732],[2.183,45.721],[2.201,45.719],[2.208,45.716],[2.199,45.712],[2.198,45.705],[2.191,45.702],[2.194,45.699],[2.205,45.699],[2.211,45.702],[2.212,45.713],[2.215,45.703],[2.221,45.702],[2.224,45.696],[2.228,45.695],[2.232,45.7],[2.236,45.694],[2.245,45.695],[2.253,45.689],[2.271,45.692],[2.273,45.687],[2.269,45.681],[2.271,45.67],[2.27,45.671],[2.269,45.663],[2.283,45.664],[2.308,45.676],[2.321,45.669],[2.326,45.672],[2.323,45.677],[2.328,45.676],[2.328,45.678],[2.338,45.681],[2.348,45.693],[2.344,45.707],[2.349,45.709],[2.368,45.713],[2.383,45.708],[2.385,45.71],[2.387,45.708],[2.41,45.71],[2.436,45.699],[2.444,45.708],[2.454,45.708],[2.458,45.714],[2.464,45.715],[2.463,45.718],[2.468,45.72],[2.473,45.719],[2.47,45.728],[2.492,45.738],[2.505,45.725],[2.509,45.724],[2.516,45.713],[2.523,45.711],[2.524,45.709],[2.519,45.706],[2.519,45.698],[2.527,45.692],[2.524,45.688],[2.529,45.682],[2.522,45.677],[2.518,45.678],[2.513,45.67],[2.515,45.664],[2.52,45.662],[2.519,45.659],[2.528,45.659],[2.518,45.646],[2.521,45.643],[2.517,45.639],[2.498,45.641],[2.492,45.638],[2.488,45.642],[2.483,45.639],[2.483,45.63],[2.479,45.622],[2.48,45.612],[2.461,45.596],[2.475,45.582],[2.471,45.579],[2.482,45.573],[2.481,45.571],[2.491,45.568],[2.491,45.56],[2.501,45.554],[2.517,45.553],[2.515,45.548],[2.519,45.546],[2.515,45.542],[2.515,45.537],[2.519,45.532],[2.512,45.525],[2.52,45.52],[2.508,45.503],[2.514,45.492],[2.508,45.483],[2.508,45.479],[2.51,45.473],[2.505,45.469],[2.507,45.464],[2.499,45.46],[2.503,45.448],[2.496,45.446],[2.493,45.439],[2.496,45.436],[2.492,45.429],[2.493,45.424],[2.488,45.418],[2.518,45.402],[2.521,45.403],[2.524,45.399],[2.522,45.397],[2.528,45.392],[2.523,45.383],[2.516,45.384],[2.506,45.378],[2.501,45.381],[2.486,45.379],[2.481,45.377],[2.483,45.373],[2.48,45.37],[2.477,45.37],[2.476,45.374],[2.47,45.374],[2.475,45.381],[2.459,45.386],[2.442,45.384],[2.433,45.393],[2.426,45.394],[2.423,45.397],[2.399,45.4],[2.395,45.407],[2.388,45.412],[2.37,45.416],[2.351,45.413],[2.355,45.401],[2.363,45.397],[2.369,45.387],[2.363,45.378],[2.368,45.366],[2.364,45.363],[2.365,45.356],[2.363,45.353],[2.357,45.354],[2.35,45.346],[2.36,45.337],[2.352,45.328],[2.316,45.322],[2.29,45.288],[2.269,45.289],[2.262,45.283],[2.259,45.27],[2.243,45.265],[2.238,45.259],[2.24,45.248],[2.226,45.245],[2.221,45.238],[2.202,45.227],[2.202,45.222],[2.189,45.222],[2.197,45.216],[2.19,45.204],[2.2,45.198],[2.198,45.192],[2.201,45.18],[2.219,45.174],[2.222,45.17],[2.232,45.17],[2.232,45.164],[2.222,45.16],[2.208,45.16],[2.212,45.148],[2.203,45.139],[2.194,45.135],[2.179,45.136],[2.182,45.132],[2.181,45.127],[2.185,45.123],[2.184,45.119],[2.19,45.116],[2.188,45.113],[2.181,45.113],[2.181,45.105],[2.177,45.102],[2.18,45.099],[2.18,45.095],[2.174,45.088],[2.175,45.082],[2.167,45.081],[2.165,45.085],[2.157,45.086],[2.148,45.083],[2.147,45.086],[2.14,45.087],[2.138,45.082],[2.132,45.082],[2.13,45.078],[2.12,45.073],[2.121,45.07],[2.114,45.072],[2.104,45.067],[2.103,45.062],[2.098,45.061],[2.101,45.056],[2.095,45.056],[2.099,45.048],[2.111,45.041],[2.11,45.034],[2.116,45.022],[2.123,45.02],[2.128,45.012],[2.141,45.007],[2.139,45.003],[2.142,45],[2.137,44.995],[2.136,44.99],[2.13,44.984],[2.114,44.986],[2.102,44.98],[2.1,44.984],[2.093,44.986],[2.074,44.978],[2.063,44.977],[2.059,44.975],[2.059,44.977],[2.053,44.976],[2.045,44.984],[2.008,44.976],[2.006,44.978],[1.991,44.976],[1.982,44.973],[1.966,44.962],[1.956,44.96],[1.949,44.953],[1.94,44.953],[1.942,44.959],[1.939,44.973],[1.929,44.979],[1.922,44.976],[1.909,44.978],[1.899,44.972],[1.899,44.968],[1.887,44.963],[1.887,44.957],[1.869,44.954],[1.863,44.948],[1.845,44.943],[1.843,44.937],[1.836,44.937],[1.837,44.945],[1.831,44.945],[1.829,44.934],[1.824,44.928],[1.809,44.928],[1.801,44.922],[1.802,44.926],[1.798,44.93],[1.791,44.932],[1.786,44.937],[1.786,44.931],[1.775,44.924],[1.767,44.934],[1.749,44.938],[1.756,44.946],[1.751,44.947],[1.751,44.956],[1.741,44.961],[1.734,44.959],[1.733,44.965],[1.725,44.968],[1.711,44.967],[1.703,44.988],[1.687,44.996],[1.684,45.003],[1.673,45.004],[1.67,45.009],[1.664,45.009],[1.665,45.012],[1.653,45.018],[1.652,45.025],[1.649,45.024],[1.646,45.028],[1.635,45.029],[1.63,45.034],[1.626,45.034],[1.623,45.03],[1.614,45.033],[1.608,45.032],[1.605,45.035],[1.593,45.035],[1.576,45.041],[1.554,45.029],[1.545,45.029],[1.54,45.047],[1.537,45.047],[1.528,45.045],[1.521,45.04],[1.507,45.04],[1.492,45.03],[1.488,45.032],[1.483,45.03],[1.481,45.027],[1.477,45.027],[1.477,45.019],[1.462,45.014],[1.448,45.019],[1.442,45.022],[1.426,45.035],[1.426,45.04],[1.422,45.042],[1.417,45.05],[1.408,45.053],[1.413,45.061],[1.406,45.059],[1.4,45.061],[1.407,45.07],[1.39,45.088],[1.395,45.092],[1.394,45.096],[1.386,45.103],[1.38,45.101],[1.378,45.105],[1.392,45.106],[1.41,45.113],[1.414,45.12],[1.413,45.125],[1.385,45.136],[1.355,45.132],[1.352,45.135],[1.352,45.142],[1.332,45.138],[1.321,45.143],[1.314,45.14],[1.31,45.135],[1.306,45.138],[1.3,45.138],[1.299,45.142],[1.294,45.139],[1.279,45.151],[1.272,45.151],[1.271,45.154],[1.255,45.159],[1.255,45.165],[1.269,45.165],[1.285,45.175],[1.292,45.187],[1.272,45.202],[1.263,45.198],[1.232,45.198],[1.229,45.203],[1.234,45.222],[1.264,45.231],[1.275,45.238],[1.279,45.25],[1.274,45.257],[1.255,45.255],[1.239,45.26],[1.242,45.266],[1.228,45.272],[1.232,45.291],[1.24,45.292],[1.238,45.296],[1.242,45.301],[1.238,45.303],[1.241,45.304],[1.236,45.322],[1.259,45.32],[1.265,45.323],[1.279,45.335],[1.286,45.348],[1.285,45.353],[1.316,45.361],[1.321,45.368],[1.318,45.371],[1.325,45.38],[1.294,45.398],[1.296,45.395],[1.294,45.391],[1.289,45.39],[1.288,45.386],[1.28,45.384],[1.277,45.387],[1.278,45.39],[1.274,45.393],[1.28,45.402],[1.276,45.403],[1.27,45.396],[1.26,45.398],[1.256,45.405],[1.259,45.42],[1.272,45.418],[1.278,45.413],[1.283,45.417],[1.286,45.416],[1.29,45.418],[1.29,45.422],[1.283,45.432],[1.288,45.434],[1.288,45.431],[1.294,45.434],[1.284,45.438],[1.276,45.434],[1.263,45.444],[1.253,45.444],[1.252,45.448],[1.257,45.452],[1.264,45.452],[1.262,45.455],[1.266,45.46],[1.263,45.468],[1.268,45.47],[1.269,45.476],[1.279,45.477],[1.287,45.482],[1.285,45.49],[1.307,45.482],[1.311,45.483],[1.328,45.473],[1.35,45.467],[1.359,45.48],[1.365,45.482],[1.366,45.488],[1.372,45.492],[1.377,45.496],[1.39,45.496],[1.39,45.506],[1.399,45.511],[1.398,45.516],[1.408,45.527],[1.426,45.531],[1.432,45.528],[1.433,45.521],[1.437,45.523],[1.44,45.52],[1.45,45.529],[1.454,45.538],[1.455,45.546],[1.451,45.55],[1.452,45.553],[1.476,45.553],[1.48,45.566],[1.492,45.561],[1.49,45.555],[1.493,45.55],[1.508,45.551],[1.518,45.556],[1.516,45.564],[1.519,45.564],[1.532,45.562],[1.53,45.56],[1.533,45.557],[1.547,45.554],[1.551,45.557],[1.551,45.551],[1.555,45.549],[1.57,45.556],[1.583,45.555],[1.59,45.564],[1.589,45.57],[1.594,45.577],[1.6,45.581],[1.603,45.578],[1.612,45.58],[1.618,45.577],[1.626,45.577],[1.629,45.583],[1.638,45.58],[1.637,45.584],[1.643,45.584],[1.646,45.59],[1.654,45.595],[1.658,45.594],[1.662,45.603],[1.659,45.604],[1.66,45.608],[1.681,45.625],[1.705,45.636],[1.709,45.642],[1.717,45.638],[1.727,45.638],[1.73,45.642],[1.744,45.647],[1.751,45.645],[1.75,45.649],[1.754,45.655],[1.758,45.654],[1.764,45.655],[1.765,45.658],[1.776,45.658],[1.786,45.683],[1.797,45.681],[1.798,45.673],[1.802,45.674],[1.801,45.677],[1.81,45.677],[1.815,45.681],[1.823,45.672],[1.825,45.667],[1.832,45.663],[1.844,45.665],[1.848,45.662],[1.855,45.672],[1.864,45.67],[1.866,45.665],[1.875,45.665],[1.882,45.668],[1.877,45.671],[1.882,45.674],[1.882,45.682],[1.888,45.679],[1.904,45.678],[1.911,45.681],[1.908,45.686],[1.909,45.692],[1.902,45.692],[1.898,45.695],[1.899,45.698]]]}},{"type":"Feature","properties":{"code":"21","nom":"Côte-d'Or"},"geometry":{"type":"MultiPolygon","coordinates":[[[[4.116,47.123],[4.107,47.13],[4.109,47.133],[4.117,47.132],[4.115,47.135],[4.119,47.136],[4.11,47.143],[4.115,47.146],[4.137,47.143],[4.182,47.151],[4.19,47.146],[4.187,47.144],[4.189,47.142],[4.188,47.134],[4.18,47.128],[4.18,47.125],[4.169,47.123],[4.18,47.115],[4.178,47.113],[4.161,47.122],[4.154,47.115],[4.147,47.114],[4.133,47.122],[4.134,47.125],[4.127,47.131],[4.116,47.123]]],[[[4.293,47.926],[4.303,47.939],[4.298,47.95],[4.303,47.951],[4.309,47.961],[4.313,47.963],[4.343,47.956],[4.366,47.958],[4.37,47.96],[4.369,47.962],[4.384,47.96],[4.418,47.968],[4.447,47.956],[4.483,47.963],[4.493,47.968],[4.515,47.966],[4.532,47.97],[4.554,47.967],[4.56,47.971],[4.557,47.982],[4.555,47.986],[4.541,47.992],[4.536,48.007],[4.549,48.004],[4.556,48.014],[4.563,48.015],[4.579,48.029],[4.6,48.03],[4.607,48.028],[4.617,48.031],[4.622,48.024],[4.648,48.026],[4.655,48.021],[4.656,48.017],[4.666,48.021],[4.673,48.015],[4.699,48.024],[4.704,48.02],[4.716,48.012],[4.722,48.01],[4.72,48.009],[4.735,48.006],[4.773,48.005],[4.789,48.008],[4.793,48.003],[4.793,47.997],[4.81,47.989],[4.795,47.984],[4.786,47.971],[4.787,47.964],[4.791,47.965],[4.794,47.962],[4.811,47.959],[4.819,47.96],[4.818,47.964],[4.82,47.964],[4.827,47.961],[4.845,47.961],[4.858,47.952],[4.866,47.941],[4.846,47.927],[4.847,47.921],[4.839,47.923],[4.831,47.918],[4.829,47.912],[4.834,47.907],[4.857,47.896],[4.86,47.896],[4.862,47.9],[4.859,47.902],[4.871,47.915],[4.869,47.917],[4.893,47.923],[4.903,47.921],[4.914,47.906],[4.915,47.898],[4.926,47.891],[4.929,47.886],[4.927,47.879],[4.93,47.875],[4.927,47.872],[4.94,47.867],[4.954,47.867],[4.963,47.852],[4.96,47.839],[4.966,47.839],[4.968,47.832],[4.985,47.829],[4.986,47.823],[4.994,47.82],[4.989,47.819],[4.994,47.813],[4.982,47.8],[4.918,47.777],[4.924,47.773],[4.921,47.773],[4.921,47.767],[4.917,47.767],[4.927,47.765],[4.923,47.759],[4.942,47.763],[4.947,47.767],[4.951,47.763],[4.959,47.762],[4.96,47.752],[4.966,47.741],[4.957,47.732],[4.97,47.736],[4.972,47.729],[4.963,47.722],[4.964,47.713],[4.954,47.707],[4.954,47.701],[4.972,47.692],[4.969,47.686],[4.997,47.69],[5.004,47.694],[5.005,47.701],[5.008,47.7],[5.013,47.706],[5.018,47.705],[5.029,47.71],[5.034,47.708],[5.032,47.704],[5.034,47.702],[5.029,47.697],[5.029,47.693],[5.054,47.694],[5.056,47.697],[5.061,47.695],[5.053,47.688],[5.05,47.68],[5.044,47.677],[5.054,47.668],[5.067,47.668],[5.067,47.665],[5.069,47.669],[5.072,47.664],[5.076,47.665],[5.078,47.66],[5.083,47.66],[5.086,47.657],[5.104,47.659],[5.103,47.654],[5.109,47.65],[5.117,47.652],[5.125,47.647],[5.129,47.65],[5.139,47.651],[5.135,47.654],[5.143,47.656],[5.155,47.667],[5.162,47.681],[5.178,47.681],[5.175,47.667],[5.173,47.666],[5.174,47.653],[5.211,47.642],[5.221,47.632],[5.23,47.63],[5.229,47.626],[5.237,47.621],[5.237,47.617],[5.251,47.622],[5.259,47.622],[5.238,47.597],[5.248,47.59],[5.253,47.577],[5.278,47.581],[5.278,47.59],[5.294,47.598],[5.298,47.604],[5.306,47.607],[5.315,47.606],[5.322,47.612],[5.341,47.608],[5.345,47.605],[5.341,47.596],[5.356,47.591],[5.367,47.605],[5.374,47.605],[5.386,47.601],[5.39,47.594],[5.399,47.597],[5.406,47.609],[5.414,47.614],[5.418,47.625],[5.426,47.632],[5.442,47.63],[5.447,47.623],[5.471,47.608],[5.478,47.609],[5.484,47.582],[5.488,47.577],[5.485,47.572],[5.487,47.569],[5.48,47.564],[5.491,47.563],[5.497,47.554],[5.497,47.544],[5.486,47.527],[5.472,47.527],[5.456,47.506],[5.453,47.507],[5.447,47.496],[5.439,47.492],[5.429,47.492],[5.434,47.496],[5.432,47.498],[5.427,47.496],[5.399,47.499],[5.388,47.482],[5.408,47.477],[5.377,47.465],[5.369,47.467],[5.367,47.464],[5.379,47.459],[5.386,47.459],[5.38,47.451],[5.407,47.462],[5.416,47.458],[5.413,47.456],[5.419,47.451],[5.418,47.449],[5.439,47.45],[5.441,47.445],[5.431,47.436],[5.433,47.432],[5.43,47.421],[5.445,47.404],[5.436,47.403],[5.434,47.393],[5.439,47.392],[5.452,47.383],[5.477,47.395],[5.497,47.39],[5.493,47.383],[5.495,47.376],[5.489,47.371],[5.488,47.362],[5.495,47.339],[5.487,47.327],[5.481,47.331],[5.477,47.331],[5.476,47.321],[5.473,47.321],[5.47,47.317],[5.475,47.313],[5.481,47.314],[5.481,47.317],[5.498,47.316],[5.505,47.313],[5.506,47.308],[5.513,47.308],[5.519,47.304],[5.507,47.291],[5.505,47.283],[5.488,47.289],[5.488,47.268],[5.48,47.256],[5.486,47.251],[5.483,47.246],[5.486,47.243],[5.483,47.239],[5.484,47.238],[5.474,47.231],[5.48,47.217],[5.473,47.216],[5.474,47.213],[5.464,47.207],[5.449,47.203],[5.446,47.2],[5.455,47.193],[5.459,47.183],[5.453,47.173],[5.451,47.162],[5.438,47.153],[5.439,47.142],[5.419,47.134],[5.409,47.127],[5.409,47.12],[5.412,47.12],[5.411,47.114],[5.398,47.106],[5.399,47.096],[5.392,47.092],[5.386,47.082],[5.37,47.077],[5.359,47.081],[5.357,47.078],[5.335,47.078],[5.327,47.075],[5.313,47.064],[5.311,47.058],[5.308,47.059],[5.306,47.063],[5.296,47.057],[5.296,47.054],[5.284,47.048],[5.275,47.027],[5.315,47.017],[5.318,47.013],[5.31,47.011],[5.305,47.012],[5.302,47.008],[5.305,47.006],[5.301,47.002],[5.274,46.998],[5.276,46.996],[5.272,46.993],[5.275,46.992],[5.255,46.98],[5.24,46.982],[5.241,46.984],[5.222,46.989],[5.212,46.98],[5.205,46.985],[5.194,46.977],[5.197,46.975],[5.196,46.97],[5.182,46.975],[5.178,46.97],[5.167,46.969],[5.17,46.967],[5.166,46.964],[5.154,46.967],[5.14,46.962],[5.12,46.963],[5.12,46.961],[5.107,46.959],[5.106,46.95],[5.098,46.945],[5.098,46.951],[5.103,46.958],[5.095,46.955],[5.091,46.96],[5.074,46.96],[5.073,46.967],[5.066,46.967],[5.067,46.971],[5.059,46.973],[5.049,46.982],[5.03,46.981],[5.019,46.973],[5.017,46.968],[5.01,46.973],[5.003,46.972],[4.995,46.961],[5.002,46.958],[4.966,46.962],[4.966,46.965],[4.955,46.963],[4.949,46.966],[4.895,46.966],[4.891,46.957],[4.894,46.951],[4.876,46.951],[4.862,46.945],[4.853,46.946],[4.834,46.939],[4.821,46.938],[4.817,46.936],[4.817,46.934],[4.809,46.931],[4.806,46.933],[4.788,46.932],[4.792,46.926],[4.775,46.917],[4.764,46.919],[4.755,46.917],[4.745,46.924],[4.74,46.921],[4.737,46.924],[4.728,46.919],[4.722,46.922],[4.719,46.92],[4.722,46.913],[4.715,46.912],[4.717,46.908],[4.687,46.9],[4.681,46.905],[4.672,46.907],[4.672,46.911],[4.665,46.914],[4.679,46.927],[4.679,46.93],[4.661,46.934],[4.65,46.941],[4.631,46.94],[4.616,46.941],[4.617,46.948],[4.601,46.95],[4.59,46.956],[4.593,46.965],[4.592,46.968],[4.574,46.973],[4.566,46.985],[4.57,46.985],[4.567,46.993],[4.555,46.99],[4.551,46.994],[4.548,46.992],[4.546,46.994],[4.547,46.998],[4.555,46.999],[4.558,47.008],[4.558,47.017],[4.555,47.02],[4.529,47.012],[4.512,47.012],[4.499,47.02],[4.499,47.026],[4.49,47.03],[4.49,47.033],[4.482,47.03],[4.472,47.03],[4.468,47.036],[4.457,47.038],[4.46,47.041],[4.455,47.042],[4.439,47.038],[4.433,47.041],[4.428,47.037],[4.422,47.047],[4.414,47.047],[4.406,47.05],[4.406,47.053],[4.401,47.053],[4.406,47.057],[4.402,47.059],[4.408,47.065],[4.404,47.067],[4.408,47.067],[4.405,47.07],[4.416,47.077],[4.406,47.079],[4.405,47.082],[4.4,47.083],[4.388,47.081],[4.383,47.083],[4.371,47.08],[4.37,47.075],[4.365,47.07],[4.365,47.066],[4.359,47.062],[4.352,47.065],[4.348,47.072],[4.344,47.072],[4.349,47.097],[4.347,47.101],[4.316,47.105],[4.307,47.103],[4.297,47.113],[4.275,47.107],[4.254,47.117],[4.256,47.122],[4.253,47.123],[4.257,47.126],[4.252,47.132],[4.243,47.133],[4.241,47.136],[4.244,47.141],[4.239,47.141],[4.237,47.143],[4.245,47.146],[4.242,47.148],[4.232,47.142],[4.226,47.147],[4.213,47.144],[4.216,47.148],[4.215,47.154],[4.21,47.155],[4.208,47.164],[4.213,47.174],[4.21,47.173],[4.213,47.175],[4.21,47.18],[4.223,47.189],[4.226,47.194],[4.229,47.193],[4.232,47.199],[4.226,47.208],[4.229,47.208],[4.22,47.214],[4.221,47.22],[4.192,47.234],[4.186,47.246],[4.18,47.248],[4.179,47.255],[4.173,47.25],[4.167,47.25],[4.136,47.238],[4.126,47.248],[4.126,47.259],[4.12,47.269],[4.125,47.274],[4.116,47.276],[4.115,47.293],[4.134,47.306],[4.124,47.303],[4.114,47.308],[4.129,47.317],[4.13,47.32],[4.124,47.328],[4.127,47.332],[4.125,47.336],[4.137,47.345],[4.136,47.35],[4.143,47.354],[4.138,47.357],[4.13,47.354],[4.124,47.344],[4.113,47.334],[4.106,47.335],[4.104,47.338],[4.106,47.339],[4.108,47.341],[4.107,47.352],[4.098,47.355],[4.098,47.362],[4.106,47.363],[4.107,47.376],[4.099,47.371],[4.093,47.378],[4.093,47.373],[4.088,47.372],[4.079,47.377],[4.077,47.384],[4.089,47.392],[4.09,47.395],[4.088,47.397],[4.081,47.394],[4.075,47.4],[4.067,47.399],[4.065,47.407],[4.072,47.407],[4.074,47.415],[4.085,47.421],[4.082,47.426],[4.086,47.43],[4.079,47.438],[4.08,47.441],[4.087,47.44],[4.099,47.43],[4.108,47.437],[4.101,47.444],[4.108,47.447],[4.113,47.444],[4.113,47.441],[4.119,47.444],[4.124,47.45],[4.124,47.457],[4.13,47.463],[4.126,47.468],[4.13,47.471],[4.13,47.475],[4.125,47.474],[4.126,47.478],[4.115,47.481],[4.117,47.487],[4.123,47.491],[4.112,47.504],[4.118,47.506],[4.115,47.515],[4.139,47.519],[4.139,47.523],[4.151,47.533],[4.146,47.54],[4.153,47.543],[4.157,47.552],[4.165,47.554],[4.172,47.55],[4.174,47.552],[4.188,47.573],[4.187,47.582],[4.199,47.596],[4.197,47.605],[4.204,47.601],[4.214,47.602],[4.212,47.605],[4.216,47.624],[4.212,47.628],[4.223,47.631],[4.228,47.643],[4.232,47.647],[4.237,47.647],[4.249,47.661],[4.226,47.671],[4.227,47.678],[4.25,47.677],[4.252,47.684],[4.273,47.681],[4.284,47.683],[4.276,47.688],[4.272,47.687],[4.266,47.69],[4.262,47.694],[4.268,47.705],[4.257,47.707],[4.253,47.716],[4.241,47.717],[4.238,47.72],[4.239,47.724],[4.258,47.726],[4.261,47.742],[4.278,47.739],[4.293,47.733],[4.309,47.751],[4.314,47.749],[4.332,47.757],[4.334,47.761],[4.329,47.77],[4.33,47.773],[4.335,47.774],[4.335,47.778],[4.327,47.786],[4.34,47.8],[4.32,47.811],[4.325,47.821],[4.321,47.825],[4.325,47.831],[4.321,47.832],[4.319,47.837],[4.33,47.838],[4.327,47.842],[4.33,47.846],[4.319,47.846],[4.315,47.849],[4.311,47.847],[4.301,47.849],[4.271,47.839],[4.261,47.844],[4.261,47.847],[4.265,47.848],[4.264,47.861],[4.262,47.864],[4.267,47.868],[4.265,47.874],[4.261,47.876],[4.246,47.874],[4.246,47.877],[4.269,47.888],[4.27,47.893],[4.278,47.9],[4.296,47.9],[4.311,47.904],[4.306,47.912],[4.306,47.92],[4.293,47.926]]]]}},{"type":"Feature","properties":{"code":"22","nom":"Côtes-d'Armor"},"geometry":{"type":"MultiPolygon","coordinates":[[[[-3.477,48.881],[-3.486,48.883],[-3.478,48.884],[-3.477,48.881]]],[[[-2.982,48.796],[-2.983,48.8],[-2.976,48.798],[-2.982,48.796]]],[[[-2.981,48.858],[-2.983,48.859],[-2.981,48.861],[-2.981,48.858]]],[[[-3.492,48.878],[-3.495,48.879],[-3.489,48.879],[-3.492,48.878]]],[[[-3.02,48.839],[-3.021,48.844],[-3.016,48.845],[-3.016,48.84],[-3.02,48.839]]],[[[-2.985,48.845],[-2.989,48.849],[-2.986,48.849],[-2.985,48.845]]],[[[-2.991,48.838],[-2.992,48.84],[-2.989,48.84],[-2.991,48.838]]],[[[-2.194,48.618],[-2.196,48.621],[-2.19,48.626],[-2.187,48.627],[-2.187,48.623],[-2.194,48.621],[-2.194,48.618]]],[[[-3.002,48.836],[-3.003,48.84],[-3.011,48.837],[-3.009,48.845],[-3.014,48.85],[-3,48.85],[-2.999,48.852],[-3.001,48.854],[-3.005,48.853],[-3.013,48.857],[-3,48.86],[-2.995,48.865],[-2.987,48.865],[-2.985,48.863],[-2.987,48.859],[-2.995,48.86],[-2.994,48.855],[-2.997,48.851],[-2.993,48.849],[-2.998,48.845],[-2.997,48.838],[-3.002,48.836]]],[[[-3.584,48.794],[-3.588,48.801],[-3.585,48.804],[-3.58,48.806],[-3.576,48.804],[-3.567,48.808],[-3.563,48.805],[-3.563,48.803],[-3.57,48.797],[-3.58,48.799],[-3.584,48.794]]],[[[-3.592,48.766],[-3.599,48.767],[-3.603,48.771],[-3.596,48.77],[-3.592,48.766]]],[[[-3.593,48.796],[-3.602,48.798],[-3.593,48.801],[-3.595,48.798],[-3.591,48.796],[-3.593,48.796]]],[[[-3.606,48.794],[-3.612,48.795],[-3.608,48.796],[-3.606,48.794]]],[[[-3.02,48.834],[-3.022,48.838],[-3.018,48.837],[-3.02,48.834]]],[[[-3.577,48.795],[-3.579,48.796],[-3.577,48.798],[-3.577,48.795]]],[[[-3.184,48.864],[-3.182,48.867],[-3.185,48.873],[-3.192,48.872],[-3.194,48.875],[-3.182,48.874],[-3.18,48.866],[-3.184,48.864]]],[[[-3.407,48.831],[-3.41,48.84],[-3.405,48.836],[-3.407,48.831]]],[[[-3.04,48.859],[-3.045,48.861],[-3.038,48.864],[-3.032,48.863],[-3.04,48.859]]],[[[-3.279,48.844],[-3.284,48.845],[-3.281,48.847],[-3.279,48.844]]],[[[-3.195,48.863],[-3.198,48.864],[-3.196,48.868],[-3.195,48.863]]],[[[-3.302,48.845],[-3.306,48.846],[-3.304,48.848],[-3.302,48.845]]],[[[-3.26,48.85],[-3.262,48.856],[-3.259,48.854],[-3.26,48.85]]],[[[-3.203,48.85],[-3.204,48.854],[-3.202,48.854],[-3.203,48.85]]],[[[-2.124,48.604],[-2.126,48.597],[-2.125,48.591],[-2.115,48.584],[-2.109,48.584],[-2.102,48.576],[-2.098,48.577],[-2.095,48.571],[-2.076,48.568],[-2.058,48.57],[-2.057,48.566],[-2.045,48.564],[-2.048,48.561],[-2.045,48.557],[-2.054,48.554],[-2.044,48.541],[-2.039,48.542],[-2.037,48.55],[-2.03,48.555],[-2.022,48.553],[-2.016,48.562],[-2.007,48.566],[-2.004,48.569],[-2.001,48.567],[-2,48.563],[-1.992,48.557],[-1.993,48.552],[-1.986,48.55],[-1.989,48.545],[-1.975,48.545],[-1.972,48.537],[-1.982,48.527],[-1.993,48.523],[-1.985,48.524],[-1.986,48.517],[-1.98,48.516],[-1.986,48.512],[-1.982,48.501],[-1.995,48.498],[-1.995,48.495],[-2.001,48.494],[-2.002,48.492],[-1.995,48.492],[-1.992,48.497],[-1.982,48.498],[-1.981,48.51],[-1.97,48.512],[-1.969,48.519],[-1.971,48.522],[-1.965,48.526],[-1.958,48.525],[-1.952,48.518],[-1.948,48.519],[-1.955,48.522],[-1.95,48.528],[-1.948,48.539],[-1.932,48.551],[-1.922,48.544],[-1.927,48.54],[-1.927,48.538],[-1.919,48.535],[-1.911,48.515],[-1.911,48.506],[-1.923,48.505],[-1.923,48.499],[-1.92,48.492],[-1.915,48.492],[-1.909,48.482],[-1.928,48.476],[-1.933,48.47],[-1.927,48.468],[-1.924,48.463],[-1.926,48.456],[-1.939,48.447],[-1.949,48.446],[-1.952,48.439],[-1.949,48.436],[-1.952,48.429],[-1.936,48.417],[-1.938,48.412],[-1.941,48.411],[-1.936,48.407],[-1.943,48.401],[-1.93,48.395],[-1.94,48.393],[-1.937,48.39],[-1.94,48.386],[-1.938,48.383],[-1.946,48.38],[-1.945,48.374],[-1.948,48.369],[-1.943,48.36],[-1.933,48.361],[-1.929,48.347],[-1.947,48.342],[-1.967,48.343],[-1.954,48.316],[-1.959,48.314],[-1.957,48.307],[-1.968,48.303],[-1.956,48.296],[-1.958,48.293],[-1.968,48.292],[-1.975,48.302],[-1.993,48.299],[-1.998,48.297],[-1.999,48.29],[-2.005,48.292],[-2.002,48.281],[-2.014,48.28],[-2.014,48.282],[-2.025,48.281],[-2.028,48.285],[-2.049,48.29],[-2.047,48.294],[-2.053,48.298],[-2.079,48.293],[-2.075,48.285],[-2.081,48.277],[-2.11,48.275],[-2.114,48.271],[-2.109,48.268],[-2.096,48.267],[-2.104,48.258],[-2.111,48.257],[-2.107,48.252],[-2.124,48.259],[-2.15,48.259],[-2.154,48.261],[-2.167,48.253],[-2.184,48.249],[-2.187,48.248],[-2.188,48.241],[-2.186,48.236],[-2.191,48.225],[-2.19,48.222],[-2.186,48.22],[-2.184,48.21],[-2.202,48.208],[-2.213,48.214],[-2.228,48.21],[-2.225,48.208],[-2.224,48.204],[-2.218,48.204],[-2.222,48.2],[-2.219,48.193],[-2.225,48.184],[-2.223,48.174],[-2.229,48.165],[-2.245,48.161],[-2.249,48.157],[-2.248,48.153],[-2.235,48.149],[-2.236,48.145],[-2.25,48.144],[-2.256,48.146],[-2.259,48.151],[-2.271,48.152],[-2.275,48.147],[-2.277,48.148],[-2.278,48.146],[-2.283,48.145],[-2.287,48.134],[-2.296,48.132],[-2.296,48.135],[-2.316,48.136],[-2.321,48.133],[-2.32,48.128],[-2.324,48.125],[-2.321,48.123],[-2.337,48.119],[-2.338,48.125],[-2.349,48.127],[-2.358,48.111],[-2.366,48.116],[-2.375,48.127],[-2.374,48.14],[-2.399,48.154],[-2.406,48.168],[-2.418,48.173],[-2.449,48.173],[-2.454,48.169],[-2.453,48.164],[-2.469,48.163],[-2.472,48.16],[-2.479,48.167],[-2.488,48.166],[-2.489,48.16],[-2.484,48.157],[-2.488,48.155],[-2.509,48.16],[-2.532,48.158],[-2.535,48.156],[-2.532,48.15],[-2.517,48.142],[-2.514,48.132],[-2.533,48.109],[-2.554,48.098],[-2.554,48.095],[-2.548,48.094],[-2.552,48.092],[-2.549,48.087],[-2.552,48.081],[-2.548,48.077],[-2.561,48.074],[-2.564,48.071],[-2.562,48.068],[-2.565,48.067],[-2.577,48.071],[-2.591,48.056],[-2.628,48.034],[-2.636,48.038],[-2.641,48.035],[-2.645,48.035],[-2.645,48.042],[-2.649,48.038],[-2.654,48.038],[-2.656,48.033],[-2.661,48.038],[-2.657,48.042],[-2.659,48.045],[-2.665,48.044],[-2.67,48.048],[-2.666,48.056],[-2.673,48.063],[-2.665,48.069],[-2.662,48.082],[-2.656,48.084],[-2.654,48.088],[-2.657,48.093],[-2.65,48.098],[-2.657,48.107],[-2.652,48.107],[-2.652,48.112],[-2.657,48.115],[-2.652,48.119],[-2.662,48.128],[-2.661,48.131],[-2.676,48.132],[-2.702,48.119],[-2.704,48.112],[-2.725,48.114],[-2.724,48.117],[-2.745,48.113],[-2.755,48.115],[-2.76,48.098],[-2.773,48.086],[-2.778,48.09],[-2.777,48.094],[-2.774,48.096],[-2.779,48.099],[-2.777,48.104],[-2.784,48.111],[-2.782,48.121],[-2.789,48.124],[-2.789,48.131],[-2.806,48.141],[-2.804,48.145],[-2.808,48.146],[-2.818,48.147],[-2.844,48.14],[-2.853,48.142],[-2.882,48.153],[-2.882,48.156],[-2.891,48.165],[-2.903,48.163],[-2.932,48.168],[-2.94,48.172],[-2.961,48.17],[-2.982,48.16],[-3,48.161],[-3,48.165],[-2.996,48.171],[-3.012,48.172],[-3.013,48.185],[-3.02,48.192],[-3.015,48.198],[-3.029,48.196],[-3.037,48.204],[-3.048,48.203],[-3.056,48.207],[-3.069,48.205],[-3.078,48.211],[-3.085,48.209],[-3.086,48.204],[-3.09,48.202],[-3.109,48.208],[-3.112,48.205],[-3.117,48.206],[-3.12,48.2],[-3.13,48.2],[-3.131,48.196],[-3.137,48.19],[-3.137,48.184],[-3.13,48.177],[-3.135,48.168],[-3.14,48.167],[-3.139,48.164],[-3.155,48.158],[-3.158,48.168],[-3.175,48.159],[-3.192,48.165],[-3.205,48.16],[-3.208,48.154],[-3.214,48.154],[-3.215,48.148],[-3.211,48.144],[-3.213,48.143],[-3.229,48.15],[-3.233,48.147],[-3.234,48.15],[-3.241,48.152],[-3.257,48.148],[-3.259,48.143],[-3.268,48.145],[-3.272,48.14],[-3.275,48.144],[-3.283,48.142],[-3.289,48.15],[-3.293,48.15],[-3.291,48.153],[-3.297,48.151],[-3.297,48.154],[-3.307,48.156],[-3.316,48.155],[-3.318,48.149],[-3.321,48.149],[-3.325,48.15],[-3.324,48.161],[-3.333,48.165],[-3.338,48.171],[-3.344,48.171],[-3.35,48.165],[-3.376,48.164],[-3.375,48.161],[-3.394,48.152],[-3.397,48.156],[-3.402,48.157],[-3.408,48.149],[-3.418,48.146],[-3.437,48.155],[-3.438,48.163],[-3.428,48.17],[-3.422,48.172],[-3.421,48.174],[-3.438,48.184],[-3.444,48.185],[-3.444,48.181],[-3.453,48.177],[-3.463,48.181],[-3.47,48.178],[-3.479,48.186],[-3.502,48.181],[-3.536,48.178],[-3.556,48.18],[-3.565,48.186],[-3.567,48.19],[-3.544,48.194],[-3.519,48.189],[-3.521,48.202],[-3.54,48.207],[-3.544,48.213],[-3.553,48.221],[-3.555,48.228],[-3.558,48.229],[-3.553,48.234],[-3.556,48.242],[-3.542,48.244],[-3.541,48.253],[-3.536,48.256],[-3.527,48.253],[-3.524,48.257],[-3.527,48.262],[-3.524,48.266],[-3.527,48.272],[-3.526,48.275],[-3.52,48.274],[-3.519,48.281],[-3.525,48.281],[-3.526,48.286],[-3.538,48.287],[-3.545,48.292],[-3.555,48.294],[-3.552,48.299],[-3.541,48.299],[-3.528,48.317],[-3.519,48.319],[-3.525,48.323],[-3.541,48.312],[-3.551,48.315],[-3.549,48.321],[-3.557,48.336],[-3.555,48.345],[-3.563,48.348],[-3.559,48.356],[-3.556,48.356],[-3.559,48.359],[-3.556,48.363],[-3.559,48.366],[-3.552,48.371],[-3.554,48.372],[-3.554,48.379],[-3.566,48.38],[-3.568,48.377],[-3.573,48.381],[-3.587,48.381],[-3.594,48.386],[-3.608,48.388],[-3.601,48.394],[-3.604,48.396],[-3.599,48.405],[-3.601,48.422],[-3.586,48.433],[-3.564,48.439],[-3.55,48.448],[-3.554,48.454],[-3.568,48.452],[-3.579,48.46],[-3.579,48.463],[-3.582,48.465],[-3.593,48.464],[-3.6,48.479],[-3.608,48.478],[-3.601,48.485],[-3.605,48.496],[-3.584,48.504],[-3.558,48.529],[-3.541,48.537],[-3.552,48.541],[-3.571,48.558],[-3.582,48.553],[-3.599,48.557],[-3.599,48.56],[-3.595,48.564],[-3.591,48.563],[-3.584,48.574],[-3.589,48.583],[-3.597,48.586],[-3.6,48.583],[-3.618,48.59],[-3.629,48.588],[-3.641,48.596],[-3.642,48.599],[-3.638,48.61],[-3.64,48.612],[-3.649,48.61],[-3.651,48.616],[-3.654,48.617],[-3.662,48.648],[-3.666,48.651],[-3.659,48.659],[-3.653,48.665],[-3.635,48.671],[-3.637,48.673],[-3.637,48.681],[-3.624,48.686],[-3.616,48.684],[-3.613,48.672],[-3.61,48.67],[-3.581,48.67],[-3.57,48.678],[-3.567,48.683],[-3.569,48.686],[-3.585,48.691],[-3.58,48.697],[-3.584,48.719],[-3.582,48.724],[-3.566,48.726],[-3.565,48.731],[-3.555,48.728],[-3.55,48.737],[-3.552,48.739],[-3.55,48.747],[-3.566,48.76],[-3.585,48.757],[-3.578,48.763],[-3.585,48.77],[-3.586,48.777],[-3.579,48.781],[-3.58,48.787],[-3.57,48.79],[-3.567,48.798],[-3.554,48.792],[-3.554,48.794],[-3.541,48.799],[-3.542,48.801],[-3.535,48.802],[-3.534,48.807],[-3.538,48.809],[-3.537,48.811],[-3.547,48.81],[-3.548,48.814],[-3.54,48.816],[-3.541,48.823],[-3.538,48.825],[-3.52,48.819],[-3.525,48.823],[-3.523,48.827],[-3.526,48.83],[-3.52,48.83],[-3.512,48.835],[-3.5,48.838],[-3.505,48.834],[-3.511,48.834],[-3.508,48.832],[-3.51,48.828],[-3.503,48.824],[-3.501,48.826],[-3.502,48.829],[-3.486,48.826],[-3.491,48.832],[-3.486,48.833],[-3.488,48.835],[-3.483,48.837],[-3.477,48.837],[-3.471,48.826],[-3.457,48.816],[-3.428,48.82],[-3.427,48.817],[-3.438,48.811],[-3.436,48.806],[-3.442,48.805],[-3.441,48.798],[-3.398,48.801],[-3.387,48.805],[-3.389,48.816],[-3.374,48.817],[-3.362,48.822],[-3.353,48.821],[-3.35,48.825],[-3.334,48.829],[-3.322,48.838],[-3.304,48.836],[-3.293,48.83],[-3.284,48.842],[-3.277,48.843],[-3.275,48.843],[-3.276,48.838],[-3.27,48.834],[-3.264,48.834],[-3.255,48.843],[-3.257,48.848],[-3.25,48.851],[-3.245,48.858],[-3.235,48.862],[-3.235,48.867],[-3.228,48.867],[-3.224,48.87],[-3.211,48.855],[-3.212,48.85],[-3.206,48.847],[-3.21,48.849],[-3.213,48.839],[-3.218,48.835],[-3.206,48.837],[-3.203,48.835],[-3.207,48.814],[-3.218,48.802],[-3.227,48.799],[-3.226,48.794],[-3.231,48.794],[-3.237,48.789],[-3.23,48.792],[-3.22,48.784],[-3.224,48.79],[-3.224,48.796],[-3.199,48.816],[-3.199,48.825],[-3.183,48.844],[-3.174,48.842],[-3.168,48.853],[-3.158,48.852],[-3.147,48.854],[-3.142,48.858],[-3.132,48.859],[-3.13,48.864],[-3.112,48.867],[-3.108,48.865],[-3.095,48.869],[-3.074,48.882],[-3.083,48.875],[-3.101,48.867],[-3.085,48.867],[-3.076,48.858],[-3.079,48.856],[-3.079,48.86],[-3.086,48.863],[-3.093,48.861],[-3.092,48.858],[-3.088,48.857],[-3.089,48.853],[-3.084,48.847],[-3.098,48.832],[-3.086,48.831],[-3.084,48.833],[-3.079,48.83],[-3.073,48.833],[-3.072,48.831],[-3.085,48.826],[-3.088,48.811],[-3.099,48.805],[-3.097,48.796],[-3.103,48.788],[-3.099,48.784],[-3.106,48.783],[-3.11,48.778],[-3.123,48.773],[-3.121,48.766],[-3.123,48.76],[-3.12,48.759],[-3.116,48.765],[-3.098,48.769],[-3.104,48.78],[-3.095,48.781],[-3.092,48.788],[-3.094,48.794],[-3.087,48.802],[-3.088,48.806],[-3.083,48.813],[-3.073,48.82],[-3.055,48.822],[-3.054,48.82],[-3.057,48.818],[-3.052,48.815],[-3.019,48.822],[-3.009,48.82],[-3.017,48.81],[-3.009,48.804],[-3.002,48.804],[-3.005,48.799],[-3.017,48.799],[-3.025,48.791],[-3.04,48.79],[-3.046,48.786],[-3.044,48.783],[-3.01,48.782],[-3.016,48.779],[-3.029,48.778],[-3.029,48.776],[-3.016,48.766],[-2.965,48.763],[-2.958,48.764],[-2.952,48.772],[-2.949,48.77],[-2.952,48.767],[-2.95,48.763],[-2.943,48.758],[-2.928,48.755],[-2.942,48.745],[-2.941,48.74],[-2.934,48.737],[-2.942,48.729],[-2.948,48.726],[-2.945,48.721],[-2.93,48.72],[-2.932,48.717],[-2.927,48.709],[-2.921,48.706],[-2.904,48.699],[-2.895,48.701],[-2.89,48.699],[-2.889,48.694],[-2.883,48.69],[-2.887,48.685],[-2.883,48.675],[-2.866,48.672],[-2.859,48.675],[-2.854,48.667],[-2.842,48.664],[-2.838,48.656],[-2.827,48.655],[-2.824,48.649],[-2.827,48.646],[-2.822,48.643],[-2.826,48.636],[-2.821,48.632],[-2.823,48.624],[-2.816,48.617],[-2.814,48.61],[-2.819,48.607],[-2.819,48.602],[-2.824,48.601],[-2.824,48.597],[-2.82,48.594],[-2.807,48.592],[-2.793,48.585],[-2.779,48.585],[-2.774,48.577],[-2.775,48.572],[-2.765,48.567],[-2.714,48.556],[-2.713,48.553],[-2.725,48.547],[-2.718,48.54],[-2.721,48.531],[-2.71,48.533],[-2.717,48.528],[-2.717,48.524],[-2.707,48.518],[-2.709,48.517],[-2.702,48.513],[-2.698,48.505],[-2.682,48.492],[-2.677,48.492],[-2.685,48.498],[-2.675,48.509],[-2.677,48.519],[-2.682,48.532],[-2.669,48.536],[-2.655,48.525],[-2.641,48.523],[-2.63,48.526],[-2.634,48.531],[-2.633,48.537],[-2.606,48.551],[-2.584,48.569],[-2.58,48.57],[-2.58,48.572],[-2.57,48.579],[-2.57,48.583],[-2.563,48.584],[-2.554,48.591],[-2.551,48.596],[-2.555,48.598],[-2.553,48.6],[-2.537,48.597],[-2.513,48.603],[-2.493,48.61],[-2.491,48.614],[-2.473,48.623],[-2.474,48.626],[-2.468,48.631],[-2.468,48.636],[-2.485,48.638],[-2.483,48.641],[-2.488,48.645],[-2.477,48.644],[-2.468,48.65],[-2.453,48.648],[-2.438,48.653],[-2.421,48.646],[-2.421,48.64],[-2.416,48.638],[-2.42,48.634],[-2.417,48.633],[-2.41,48.637],[-2.416,48.642],[-2.396,48.643],[-2.386,48.653],[-2.379,48.652],[-2.37,48.658],[-2.365,48.655],[-2.361,48.656],[-2.339,48.669],[-2.332,48.671],[-2.328,48.673],[-2.327,48.683],[-2.324,48.682],[-2.318,48.689],[-2.311,48.68],[-2.314,48.678],[-2.313,48.672],[-2.302,48.668],[-2.286,48.668],[-2.285,48.664],[-2.294,48.66],[-2.299,48.651],[-2.308,48.645],[-2.312,48.634],[-2.336,48.62],[-2.321,48.618],[-2.317,48.61],[-2.312,48.611],[-2.298,48.626],[-2.293,48.624],[-2.287,48.632],[-2.274,48.637],[-2.272,48.639],[-2.274,48.64],[-2.259,48.645],[-2.257,48.643],[-2.247,48.646],[-2.243,48.644],[-2.256,48.636],[-2.255,48.633],[-2.247,48.625],[-2.241,48.624],[-2.246,48.615],[-2.235,48.611],[-2.229,48.611],[-2.227,48.605],[-2.223,48.602],[-2.224,48.595],[-2.214,48.593],[-2.21,48.585],[-2.213,48.573],[-2.208,48.573],[-2.206,48.58],[-2.201,48.581],[-2.202,48.584],[-2.192,48.592],[-2.195,48.599],[-2.192,48.604],[-2.195,48.609],[-2.185,48.606],[-2.183,48.591],[-2.187,48.589],[-2.188,48.584],[-2.183,48.578],[-2.177,48.576],[-2.164,48.58],[-2.166,48.582],[-2.157,48.588],[-2.164,48.593],[-2.169,48.593],[-2.17,48.597],[-2.168,48.597],[-2.164,48.607],[-2.152,48.61],[-2.153,48.615],[-2.149,48.619],[-2.144,48.619],[-2.141,48.616],[-2.143,48.611],[-2.124,48.604]]]]}},{"type":"Feature","properties":{"code":"23","nom":"Creuse"},"geometry":{"type":"Polygon","coordinates":[[[2.168,46.424],[2.185,46.423],[2.199,46.428],[2.214,46.423],[2.228,46.425],[2.233,46.422],[2.25,46.426],[2.255,46.426],[2.255,46.423],[2.281,46.42],[2.279,46.419],[2.279,46.414],[2.282,46.411],[2.278,46.41],[2.284,46.4],[2.283,46.392],[2.287,46.383],[2.298,46.384],[2.304,46.379],[2.315,46.375],[2.331,46.379],[2.338,46.364],[2.323,46.367],[2.317,46.358],[2.311,46.36],[2.311,46.356],[2.303,46.354],[2.309,46.349],[2.307,46.348],[2.308,46.345],[2.301,46.342],[2.312,46.342],[2.314,46.335],[2.319,46.334],[2.321,46.329],[2.331,46.329],[2.331,46.326],[2.334,46.326],[2.336,46.323],[2.349,46.327],[2.352,46.324],[2.355,46.326],[2.362,46.319],[2.362,46.313],[2.365,46.311],[2.376,46.316],[2.38,46.328],[2.386,46.332],[2.394,46.329],[2.409,46.315],[2.421,46.31],[2.421,46.302],[2.414,46.297],[2.421,46.285],[2.428,46.285],[2.432,46.294],[2.443,46.295],[2.47,46.288],[2.474,46.282],[2.481,46.281],[2.477,46.269],[2.48,46.267],[2.479,46.264],[2.488,46.253],[2.489,46.248],[2.504,46.247],[2.511,46.239],[2.515,46.24],[2.517,46.23],[2.515,46.225],[2.52,46.214],[2.523,46.212],[2.52,46.21],[2.526,46.207],[2.522,46.203],[2.528,46.195],[2.526,46.188],[2.543,46.176],[2.551,46.177],[2.56,46.173],[2.562,46.164],[2.559,46.16],[2.561,46.156],[2.565,46.154],[2.563,46.149],[2.565,46.143],[2.564,46.138],[2.559,46.138],[2.561,46.132],[2.556,46.133],[2.557,46.129],[2.554,46.126],[2.558,46.125],[2.547,46.113],[2.552,46.104],[2.55,46.086],[2.557,46.069],[2.564,46.065],[2.565,46.058],[2.572,46.049],[2.571,46.047],[2.584,46.044],[2.603,46.033],[2.6,46.023],[2.603,46.019],[2.598,46.016],[2.6,46.012],[2.595,46.004],[2.593,45.993],[2.594,45.99],[2.611,45.974],[2.609,45.967],[2.564,45.956],[2.57,45.947],[2.552,45.941],[2.554,45.936],[2.544,45.932],[2.545,45.927],[2.542,45.922],[2.544,45.916],[2.555,45.913],[2.543,45.907],[2.541,45.901],[2.529,45.9],[2.525,45.894],[2.515,45.89],[2.514,45.886],[2.502,45.888],[2.501,45.885],[2.503,45.878],[2.492,45.867],[2.492,45.864],[2.48,45.865],[2.479,45.87],[2.471,45.872],[2.457,45.866],[2.443,45.867],[2.443,45.857],[2.45,45.854],[2.45,45.848],[2.446,45.845],[2.441,45.847],[2.434,45.845],[2.431,45.834],[2.416,45.834],[2.404,45.838],[2.388,45.827],[2.389,45.824],[2.406,45.813],[2.407,45.81],[2.413,45.808],[2.413,45.802],[2.427,45.795],[2.426,45.791],[2.433,45.787],[2.435,45.767],[2.445,45.758],[2.45,45.757],[2.451,45.761],[2.469,45.756],[2.473,45.747],[2.485,45.748],[2.492,45.742],[2.492,45.738],[2.47,45.728],[2.473,45.719],[2.468,45.72],[2.463,45.718],[2.464,45.715],[2.458,45.714],[2.454,45.708],[2.444,45.708],[2.436,45.699],[2.41,45.71],[2.387,45.708],[2.385,45.71],[2.383,45.708],[2.368,45.713],[2.349,45.709],[2.344,45.707],[2.348,45.693],[2.338,45.681],[2.328,45.678],[2.328,45.676],[2.323,45.677],[2.326,45.672],[2.321,45.669],[2.308,45.676],[2.283,45.664],[2.269,45.663],[2.27,45.671],[2.271,45.67],[2.269,45.681],[2.273,45.687],[2.271,45.692],[2.253,45.689],[2.245,45.695],[2.236,45.694],[2.232,45.7],[2.228,45.695],[2.224,45.696],[2.221,45.702],[2.215,45.703],[2.212,45.713],[2.211,45.702],[2.205,45.699],[2.194,45.699],[2.191,45.702],[2.198,45.705],[2.199,45.712],[2.208,45.716],[2.201,45.719],[2.183,45.721],[2.176,45.732],[2.164,45.736],[2.161,45.736],[2.157,45.722],[2.145,45.723],[2.141,45.727],[2.135,45.729],[2.134,45.735],[2.121,45.732],[2.114,45.725],[2.097,45.734],[2.085,45.728],[2.084,45.746],[2.072,45.748],[2.058,45.754],[2.052,45.765],[2.047,45.764],[2.037,45.754],[2.018,45.755],[2.002,45.749],[1.998,45.741],[2,45.74],[1.999,45.732],[1.991,45.726],[1.991,45.721],[1.983,45.719],[1.979,45.725],[1.967,45.722],[1.957,45.725],[1.948,45.722],[1.947,45.716],[1.941,45.713],[1.941,45.711],[1.948,45.706],[1.933,45.706],[1.929,45.712],[1.922,45.714],[1.912,45.708],[1.914,45.704],[1.904,45.704],[1.899,45.698],[1.88,45.712],[1.892,45.718],[1.888,45.726],[1.873,45.725],[1.875,45.732],[1.886,45.745],[1.874,45.756],[1.879,45.76],[1.896,45.759],[1.902,45.767],[1.902,45.77],[1.894,45.767],[1.892,45.769],[1.886,45.786],[1.887,45.792],[1.881,45.798],[1.873,45.798],[1.864,45.806],[1.856,45.805],[1.854,45.813],[1.846,45.81],[1.841,45.814],[1.845,45.816],[1.841,45.822],[1.837,45.825],[1.832,45.825],[1.83,45.821],[1.828,45.81],[1.816,45.814],[1.809,45.822],[1.797,45.826],[1.797,45.831],[1.79,45.831],[1.788,45.828],[1.783,45.83],[1.783,45.832],[1.776,45.833],[1.773,45.846],[1.781,45.853],[1.777,45.856],[1.777,45.86],[1.771,45.868],[1.758,45.868],[1.756,45.856],[1.741,45.852],[1.731,45.842],[1.725,45.843],[1.715,45.84],[1.708,45.843],[1.692,45.845],[1.689,45.841],[1.681,45.84],[1.68,45.836],[1.675,45.835],[1.669,45.84],[1.66,45.834],[1.655,45.846],[1.637,45.846],[1.602,45.857],[1.608,45.867],[1.604,45.875],[1.605,45.88],[1.6,45.882],[1.598,45.879],[1.591,45.883],[1.598,45.89],[1.612,45.89],[1.616,45.892],[1.619,45.888],[1.614,45.883],[1.619,45.881],[1.621,45.883],[1.62,45.899],[1.626,45.9],[1.626,45.892],[1.632,45.889],[1.636,45.888],[1.641,45.892],[1.641,45.898],[1.638,45.898],[1.639,45.904],[1.628,45.903],[1.634,45.908],[1.625,45.913],[1.625,45.916],[1.628,45.918],[1.625,45.919],[1.637,45.926],[1.626,45.926],[1.629,45.931],[1.628,45.933],[1.621,45.934],[1.618,45.929],[1.607,45.933],[1.588,45.932],[1.586,45.93],[1.579,45.931],[1.576,45.921],[1.581,45.918],[1.567,45.914],[1.562,45.915],[1.558,45.922],[1.554,45.918],[1.547,45.917],[1.536,45.924],[1.53,45.932],[1.518,45.93],[1.509,45.933],[1.512,45.935],[1.509,45.94],[1.518,45.94],[1.522,45.943],[1.515,45.947],[1.521,45.952],[1.528,45.95],[1.541,45.955],[1.543,45.961],[1.548,45.96],[1.555,45.965],[1.566,45.963],[1.571,45.974],[1.577,45.978],[1.567,45.993],[1.568,45.997],[1.558,46],[1.552,45.999],[1.551,45.996],[1.544,45.997],[1.544,45.998],[1.538,45.998],[1.534,46.003],[1.532,46.011],[1.535,46.013],[1.536,46.026],[1.543,46.034],[1.548,46.035],[1.537,46.045],[1.537,46.053],[1.532,46.057],[1.535,46.065],[1.541,46.067],[1.543,46.077],[1.539,46.08],[1.527,46.078],[1.524,46.087],[1.53,46.091],[1.526,46.089],[1.513,46.094],[1.511,46.091],[1.514,46.09],[1.505,46.088],[1.499,46.097],[1.502,46.101],[1.498,46.106],[1.484,46.105],[1.491,46.112],[1.491,46.12],[1.499,46.116],[1.507,46.122],[1.503,46.131],[1.496,46.131],[1.493,46.134],[1.497,46.143],[1.49,46.141],[1.485,46.135],[1.473,46.15],[1.468,46.152],[1.46,46.149],[1.457,46.153],[1.451,46.153],[1.46,46.16],[1.465,46.16],[1.466,46.167],[1.463,46.166],[1.456,46.173],[1.457,46.177],[1.462,46.178],[1.453,46.181],[1.437,46.174],[1.434,46.175],[1.433,46.18],[1.417,46.176],[1.412,46.178],[1.414,46.182],[1.397,46.186],[1.398,46.188],[1.394,46.19],[1.395,46.199],[1.385,46.199],[1.386,46.206],[1.381,46.208],[1.384,46.212],[1.379,46.211],[1.373,46.216],[1.38,46.219],[1.378,46.223],[1.382,46.227],[1.385,46.226],[1.392,46.234],[1.394,46.233],[1.397,46.24],[1.418,46.241],[1.421,46.249],[1.414,46.25],[1.416,46.255],[1.406,46.253],[1.406,46.26],[1.404,46.26],[1.406,46.264],[1.411,46.264],[1.415,46.271],[1.426,46.266],[1.435,46.272],[1.431,46.278],[1.42,46.277],[1.414,46.28],[1.421,46.284],[1.427,46.299],[1.44,46.3],[1.445,46.305],[1.437,46.312],[1.44,46.319],[1.437,46.321],[1.44,46.326],[1.446,46.327],[1.447,46.332],[1.443,46.336],[1.43,46.334],[1.424,46.336],[1.421,46.34],[1.41,46.342],[1.415,46.347],[1.428,46.354],[1.44,46.356],[1.435,46.365],[1.443,46.365],[1.442,46.369],[1.446,46.375],[1.465,46.375],[1.468,46.379],[1.466,46.381],[1.473,46.383],[1.478,46.394],[1.493,46.398],[1.498,46.395],[1.5,46.406],[1.509,46.413],[1.511,46.421],[1.522,46.426],[1.534,46.426],[1.537,46.425],[1.533,46.423],[1.536,46.421],[1.544,46.419],[1.546,46.393],[1.554,46.394],[1.579,46.41],[1.588,46.407],[1.595,46.409],[1.599,46.419],[1.609,46.423],[1.62,46.422],[1.623,46.418],[1.615,46.407],[1.614,46.4],[1.626,46.394],[1.627,46.389],[1.633,46.389],[1.642,46.385],[1.655,46.395],[1.663,46.406],[1.684,46.418],[1.692,46.409],[1.7,46.405],[1.698,46.402],[1.711,46.392],[1.727,46.39],[1.739,46.401],[1.751,46.406],[1.749,46.413],[1.76,46.427],[1.755,46.438],[1.759,46.44],[1.748,46.45],[1.754,46.452],[1.798,46.455],[1.803,46.447],[1.817,46.44],[1.819,46.435],[1.817,46.432],[1.82,46.43],[1.834,46.429],[1.84,46.426],[1.846,46.428],[1.846,46.431],[1.855,46.434],[1.883,46.433],[1.887,46.434],[1.883,46.44],[1.885,46.441],[1.902,46.438],[1.909,46.444],[1.921,46.44],[1.924,46.432],[1.979,46.442],[1.991,46.435],[1.993,46.431],[2.02,46.429],[2.045,46.421],[2.074,46.42],[2.079,46.412],[2.089,46.409],[2.103,46.409],[2.116,46.422],[2.127,46.419],[2.146,46.424],[2.158,46.422],[2.168,46.424]]]}},{"type":"Feature","properties":{"code":"24","nom":"Dordogne"},"geometry":{"type":"Polygon","coordinates":[[[0.63,45.715],[0.64,45.698],[0.652,45.699],[0.651,45.694],[0.655,45.689],[0.66,45.69],[0.662,45.687],[0.67,45.686],[0.679,45.689],[0.686,45.687],[0.694,45.692],[0.703,45.687],[0.711,45.694],[0.725,45.696],[0.734,45.69],[0.742,45.691],[0.764,45.668],[0.771,45.669],[0.776,45.667],[0.773,45.65],[0.764,45.642],[0.763,45.629],[0.756,45.624],[0.752,45.617],[0.76,45.606],[0.767,45.606],[0.778,45.591],[0.806,45.595],[0.806,45.587],[0.812,45.576],[0.843,45.582],[0.859,45.613],[0.869,45.624],[0.877,45.621],[0.883,45.608],[0.898,45.6],[0.907,45.609],[0.911,45.604],[0.916,45.604],[0.934,45.612],[0.941,45.609],[0.947,45.615],[0.95,45.61],[0.96,45.608],[0.969,45.611],[0.976,45.604],[0.982,45.603],[0.995,45.61],[0.997,45.615],[1.005,45.611],[1.023,45.61],[1.027,45.602],[1.036,45.6],[1.034,45.592],[1.042,45.586],[1.032,45.58],[1.038,45.569],[1.047,45.563],[1.045,45.557],[1.063,45.554],[1.076,45.545],[1.083,45.532],[1.085,45.531],[1.087,45.537],[1.092,45.535],[1.097,45.538],[1.104,45.537],[1.106,45.544],[1.12,45.547],[1.12,45.544],[1.13,45.544],[1.129,45.541],[1.137,45.541],[1.167,45.525],[1.148,45.516],[1.134,45.505],[1.128,45.494],[1.118,45.488],[1.12,45.475],[1.124,45.479],[1.135,45.47],[1.142,45.473],[1.153,45.473],[1.162,45.479],[1.162,45.476],[1.171,45.471],[1.176,45.471],[1.178,45.457],[1.187,45.455],[1.21,45.463],[1.236,45.455],[1.234,45.44],[1.243,45.436],[1.253,45.444],[1.263,45.444],[1.276,45.434],[1.284,45.438],[1.294,45.434],[1.288,45.431],[1.288,45.434],[1.283,45.432],[1.29,45.422],[1.29,45.418],[1.286,45.416],[1.283,45.417],[1.278,45.413],[1.272,45.418],[1.259,45.42],[1.256,45.405],[1.26,45.398],[1.27,45.396],[1.276,45.403],[1.28,45.402],[1.274,45.393],[1.278,45.39],[1.277,45.387],[1.28,45.384],[1.288,45.386],[1.289,45.39],[1.294,45.391],[1.296,45.395],[1.294,45.398],[1.325,45.38],[1.318,45.371],[1.321,45.368],[1.316,45.361],[1.285,45.353],[1.286,45.348],[1.279,45.335],[1.265,45.323],[1.259,45.32],[1.236,45.322],[1.241,45.304],[1.238,45.303],[1.242,45.301],[1.238,45.296],[1.24,45.292],[1.232,45.291],[1.228,45.272],[1.242,45.266],[1.239,45.26],[1.255,45.255],[1.274,45.257],[1.279,45.25],[1.275,45.238],[1.264,45.231],[1.234,45.222],[1.229,45.203],[1.232,45.198],[1.263,45.198],[1.272,45.202],[1.292,45.187],[1.285,45.175],[1.269,45.165],[1.255,45.165],[1.255,45.159],[1.271,45.154],[1.272,45.151],[1.279,45.151],[1.294,45.139],[1.299,45.142],[1.3,45.138],[1.306,45.138],[1.31,45.135],[1.314,45.14],[1.321,45.143],[1.332,45.138],[1.352,45.142],[1.352,45.135],[1.355,45.132],[1.385,45.136],[1.413,45.125],[1.414,45.12],[1.41,45.113],[1.392,45.106],[1.378,45.105],[1.38,45.101],[1.386,45.103],[1.394,45.096],[1.395,45.092],[1.39,45.088],[1.407,45.07],[1.4,45.061],[1.406,45.059],[1.413,45.061],[1.408,45.053],[1.417,45.05],[1.422,45.042],[1.426,45.04],[1.426,45.035],[1.442,45.022],[1.448,45.019],[1.441,45.015],[1.444,45.014],[1.409,45.006],[1.414,44.995],[1.412,44.987],[1.418,44.983],[1.413,44.972],[1.422,44.969],[1.417,44.961],[1.428,44.947],[1.435,44.945],[1.436,44.941],[1.433,44.937],[1.437,44.935],[1.435,44.931],[1.439,44.929],[1.442,44.917],[1.425,44.92],[1.421,44.915],[1.414,44.913],[1.412,44.91],[1.421,44.906],[1.418,44.901],[1.423,44.895],[1.44,44.889],[1.443,44.88],[1.44,44.875],[1.431,44.871],[1.411,44.872],[1.412,44.866],[1.405,44.863],[1.402,44.85],[1.387,44.851],[1.386,44.847],[1.377,44.842],[1.371,44.847],[1.366,44.846],[1.36,44.834],[1.36,44.825],[1.366,44.816],[1.364,44.812],[1.339,44.806],[1.326,44.806],[1.298,44.796],[1.293,44.79],[1.305,44.789],[1.305,44.785],[1.296,44.778],[1.298,44.774],[1.311,44.77],[1.314,44.765],[1.323,44.765],[1.316,44.74],[1.3,44.744],[1.296,44.736],[1.3,44.734],[1.299,44.726],[1.289,44.721],[1.288,44.715],[1.279,44.716],[1.271,44.723],[1.263,44.711],[1.249,44.708],[1.243,44.704],[1.244,44.698],[1.242,44.693],[1.23,44.691],[1.225,44.684],[1.198,44.681],[1.197,44.684],[1.178,44.683],[1.169,44.68],[1.161,44.673],[1.147,44.671],[1.15,44.655],[1.147,44.653],[1.154,44.639],[1.151,44.633],[1.12,44.61],[1.111,44.607],[1.095,44.592],[1.094,44.591],[1.103,44.586],[1.103,44.581],[1.099,44.58],[1.103,44.572],[1.088,44.571],[1.077,44.574],[1.075,44.577],[1.078,44.587],[1.073,44.596],[1.056,44.598],[1.045,44.606],[1.014,44.614],[0.997,44.632],[0.981,44.644],[0.973,44.642],[0.968,44.635],[0.95,44.641],[0.939,44.64],[0.926,44.634],[0.921,44.628],[0.901,44.617],[0.89,44.614],[0.877,44.616],[0.873,44.611],[0.875,44.607],[0.87,44.598],[0.849,44.601],[0.834,44.6],[0.832,44.604],[0.839,44.606],[0.839,44.614],[0.837,44.616],[0.829,44.613],[0.825,44.617],[0.827,44.62],[0.817,44.627],[0.838,44.635],[0.834,44.639],[0.837,44.641],[0.835,44.653],[0.844,44.654],[0.842,44.666],[0.852,44.669],[0.833,44.67],[0.827,44.673],[0.826,44.676],[0.829,44.677],[0.832,44.684],[0.827,44.692],[0.818,44.698],[0.816,44.695],[0.798,44.702],[0.787,44.694],[0.785,44.69],[0.788,44.685],[0.78,44.683],[0.762,44.689],[0.763,44.679],[0.747,44.682],[0.73,44.676],[0.704,44.678],[0.684,44.675],[0.67,44.679],[0.666,44.677],[0.657,44.678],[0.654,44.697],[0.651,44.698],[0.648,44.703],[0.631,44.706],[0.622,44.701],[0.624,44.693],[0.62,44.691],[0.609,44.696],[0.603,44.694],[0.585,44.699],[0.575,44.691],[0.575,44.685],[0.567,44.672],[0.558,44.671],[0.554,44.666],[0.546,44.665],[0.54,44.665],[0.536,44.674],[0.528,44.678],[0.516,44.679],[0.5,44.673],[0.491,44.667],[0.471,44.67],[0.465,44.663],[0.458,44.661],[0.446,44.652],[0.435,44.652],[0.415,44.646],[0.385,44.657],[0.375,44.653],[0.366,44.662],[0.354,44.654],[0.35,44.66],[0.349,44.67],[0.35,44.677],[0.36,44.69],[0.355,44.697],[0.341,44.703],[0.343,44.709],[0.348,44.71],[0.348,44.72],[0.341,44.726],[0.339,44.734],[0.327,44.74],[0.32,44.751],[0.297,44.762],[0.278,44.775],[0.277,44.781],[0.271,44.785],[0.275,44.8],[0.269,44.811],[0.266,44.813],[0.264,44.826],[0.287,44.823],[0.292,44.832],[0.301,44.829],[0.298,44.833],[0.301,44.84],[0.308,44.839],[0.315,44.845],[0.279,44.867],[0.255,44.867],[0.238,44.872],[0.244,44.861],[0.242,44.857],[0.226,44.846],[0.209,44.841],[0.191,44.82],[0.179,44.826],[0.161,44.826],[0.147,44.829],[0.124,44.828],[0.112,44.819],[0.109,44.821],[0.108,44.832],[0.099,44.833],[0.083,44.831],[0.077,44.821],[0.072,44.819],[0.062,44.826],[0.047,44.825],[0.039,44.827],[0.037,44.83],[0.039,44.839],[0.021,44.85],[0.004,44.846],[-0.034,44.852],[-0.033,44.856],[-0.011,44.858],[-0.008,44.863],[-0.009,44.866],[0.003,44.874],[0.001,44.876],[0.003,44.881],[0.012,44.884],[0.015,44.894],[0.034,44.914],[0.028,44.922],[0.018,44.928],[0.012,44.941],[0.003,44.947],[0.01,44.954],[0.009,44.963],[0.015,44.972],[0.014,44.979],[0.018,44.981],[0.027,44.975],[0.033,44.981],[0.037,44.992],[0.04,44.994],[0.035,45.014],[0.039,45.024],[0.041,45.022],[0.044,45.036],[0.054,45.039],[0.057,45.05],[0.062,45.051],[0.066,45.061],[0.073,45.07],[0.072,45.075],[0.065,45.081],[0.063,45.096],[0.055,45.1],[0.052,45.109],[0.044,45.115],[-0.007,45.119],[-0.015,45.115],[-0.026,45.115],[-0.03,45.108],[-0.04,45.102],[-0.041,45.115],[-0.029,45.128],[-0.037,45.141],[-0.026,45.142],[-0.021,45.146],[0.005,45.154],[-0.001,45.159],[-0.017,45.161],[-0.019,45.165],[-0.017,45.17],[0.002,45.184],[0.004,45.192],[0.008,45.202],[0.035,45.209],[0.038,45.216],[0.056,45.227],[0.066,45.221],[0.079,45.22],[0.092,45.228],[0.099,45.227],[0.116,45.214],[0.131,45.208],[0.136,45.21],[0.136,45.216],[0.145,45.214],[0.147,45.225],[0.159,45.226],[0.162,45.23],[0.166,45.23],[0.172,45.239],[0.169,45.243],[0.172,45.252],[0.178,45.254],[0.175,45.261],[0.189,45.26],[0.191,45.263],[0.203,45.262],[0.21,45.271],[0.214,45.284],[0.22,45.285],[0.22,45.289],[0.236,45.293],[0.244,45.292],[0.249,45.289],[0.267,45.298],[0.27,45.311],[0.267,45.332],[0.248,45.369],[0.252,45.374],[0.259,45.395],[0.267,45.403],[0.265,45.406],[0.272,45.416],[0.271,45.42],[0.275,45.426],[0.293,45.434],[0.312,45.433],[0.318,45.436],[0.312,45.442],[0.302,45.446],[0.3,45.452],[0.303,45.459],[0.308,45.461],[0.322,45.452],[0.329,45.443],[0.334,45.45],[0.333,45.459],[0.338,45.463],[0.346,45.461],[0.359,45.466],[0.361,45.477],[0.367,45.475],[0.377,45.476],[0.382,45.486],[0.391,45.485],[0.409,45.492],[0.421,45.485],[0.432,45.486],[0.432,45.504],[0.437,45.505],[0.439,45.51],[0.45,45.517],[0.45,45.524],[0.459,45.526],[0.466,45.54],[0.486,45.538],[0.486,45.543],[0.493,45.542],[0.494,45.547],[0.5,45.545],[0.506,45.554],[0.509,45.56],[0.499,45.565],[0.505,45.569],[0.501,45.573],[0.516,45.588],[0.51,45.597],[0.517,45.599],[0.513,45.607],[0.503,45.611],[0.5,45.617],[0.501,45.619],[0.508,45.62],[0.512,45.625],[0.51,45.631],[0.527,45.64],[0.525,45.644],[0.536,45.642],[0.537,45.637],[0.534,45.636],[0.538,45.629],[0.541,45.632],[0.547,45.629],[0.544,45.634],[0.547,45.635],[0.558,45.632],[0.568,45.636],[0.575,45.641],[0.567,45.653],[0.574,45.658],[0.578,45.657],[0.578,45.661],[0.587,45.66],[0.589,45.661],[0.586,45.668],[0.6,45.672],[0.591,45.676],[0.602,45.68],[0.604,45.694],[0.61,45.692],[0.615,45.695],[0.614,45.699],[0.622,45.699],[0.629,45.708],[0.626,45.713],[0.63,45.715]]]}},{"type":"Feature","properties":{"code":"25","nom":"Doubs"},"geometry":{"type":"Polygon","coordinates":[[[6.807,47.563],[6.817,47.548],[6.861,47.548],[6.883,47.555],[6.89,47.55],[6.902,47.55],[6.906,47.548],[6.907,47.542],[6.916,47.531],[6.908,47.526],[6.917,47.525],[6.92,47.521],[6.933,47.519],[6.945,47.513],[6.95,47.509],[6.945,47.505],[6.948,47.49],[6.943,47.485],[6.935,47.486],[6.93,47.5],[6.908,47.494],[6.916,47.478],[6.908,47.473],[6.92,47.468],[6.922,47.462],[6.931,47.458],[6.936,47.444],[6.933,47.44],[6.941,47.433],[6.942,47.416],[6.938,47.406],[6.92,47.407],[6.914,47.404],[6.918,47.403],[6.915,47.397],[6.91,47.396],[6.913,47.387],[6.905,47.382],[6.895,47.382],[6.896,47.38],[6.885,47.375],[6.879,47.352],[6.902,47.359],[6.924,47.355],[6.933,47.358],[6.974,47.36],[6.983,47.364],[6.998,47.364],[7.016,47.373],[7.034,47.369],[7.035,47.363],[7.048,47.362],[7.053,47.351],[7.05,47.348],[7.062,47.344],[7.053,47.337],[7.057,47.335],[7.046,47.327],[7.034,47.329],[7.01,47.324],[7.01,47.32],[7.013,47.32],[7.016,47.314],[7.009,47.302],[7.004,47.301],[6.997,47.296],[6.977,47.297],[6.974,47.291],[6.954,47.292],[6.941,47.287],[6.952,47.27],[6.951,47.26],[6.946,47.254],[6.955,47.243],[6.943,47.238],[6.941,47.232],[6.927,47.228],[6.924,47.222],[6.909,47.218],[6.88,47.2],[6.874,47.19],[6.874,47.185],[6.868,47.185],[6.864,47.18],[6.841,47.171],[6.845,47.166],[6.858,47.165],[6.85,47.157],[6.841,47.154],[6.839,47.15],[6.829,47.146],[6.816,47.136],[6.808,47.135],[6.806,47.13],[6.766,47.121],[6.746,47.11],[6.74,47.109],[6.746,47.098],[6.741,47.091],[6.731,47.09],[6.726,47.092],[6.703,47.082],[6.707,47.079],[6.706,47.074],[6.692,47.067],[6.701,47.059],[6.709,47.057],[6.719,47.051],[6.697,47.037],[6.675,47.035],[6.659,47.027],[6.64,47.003],[6.617,46.992],[6.596,46.993],[6.564,46.98],[6.505,46.966],[6.497,46.974],[6.476,46.96],[6.45,46.936],[6.433,46.929],[6.436,46.922],[6.458,46.901],[6.465,46.89],[6.46,46.852],[6.443,46.832],[6.44,46.824],[6.441,46.816],[6.431,46.812],[6.435,46.801],[6.459,46.789],[6.452,46.778],[6.452,46.774],[6.438,46.767],[6.439,46.763],[6.43,46.757],[6.395,46.748],[6.389,46.744],[6.392,46.738],[6.384,46.731],[6.368,46.729],[6.372,46.729],[6.372,46.724],[6.364,46.722],[6.36,46.723],[6.352,46.715],[6.341,46.71],[6.282,46.691],[6.269,46.683],[6.271,46.679],[6.233,46.655],[6.228,46.648],[6.208,46.636],[6.2,46.635],[6.194,46.627],[6.18,46.62],[6.179,46.615],[6.161,46.61],[6.126,46.589],[6.112,46.578],[6.138,46.558],[6.131,46.554],[6.126,46.556],[6.049,46.608],[6.054,46.614],[6.065,46.613],[6.058,46.619],[6.061,46.623],[6.059,46.626],[6.099,46.643],[6.097,46.646],[6.106,46.65],[6.07,46.69],[6.113,46.708],[6.14,46.725],[6.181,46.742],[6.184,46.755],[6.207,46.765],[6.203,46.773],[6.181,46.796],[6.177,46.795],[6.176,46.797],[6.179,46.797],[6.174,46.801],[6.165,46.803],[6.157,46.809],[6.154,46.815],[6.149,46.816],[6.152,46.821],[6.113,46.836],[6.106,46.845],[6.091,46.842],[6.087,46.843],[6.087,46.85],[6.065,46.86],[6.056,46.85],[6.047,46.846],[6.048,46.848],[6.023,46.853],[6.029,46.862],[6.026,46.864],[6.033,46.871],[6.022,46.875],[6.024,46.872],[6.017,46.868],[6.016,46.872],[6.006,46.873],[6.012,46.883],[6.01,46.887],[6.012,46.89],[6.008,46.896],[6,46.896],[5.981,46.908],[5.981,46.919],[5.997,46.933],[5.964,46.948],[5.961,46.946],[5.957,46.949],[5.98,46.963],[5.973,46.969],[5.976,46.972],[5.976,46.976],[5.969,46.976],[5.969,46.98],[5.944,46.98],[5.95,46.99],[5.941,46.986],[5.94,46.982],[5.932,46.984],[5.929,46.981],[5.927,46.984],[5.924,46.979],[5.92,46.981],[5.922,46.985],[5.913,46.989],[5.916,47.005],[5.921,47.014],[5.916,47.013],[5.911,47],[5.899,46.999],[5.897,46.996],[5.887,46.997],[5.883,47],[5.882,47.005],[5.876,47.006],[5.856,47.009],[5.847,47.003],[5.847,47.009],[5.839,47.009],[5.839,47.015],[5.829,47.012],[5.814,47.017],[5.816,47.024],[5.815,47.035],[5.818,47.041],[5.816,47.046],[5.81,47.047],[5.797,47.042],[5.799,47.031],[5.788,47.021],[5.77,47.018],[5.763,47.011],[5.76,47.013],[5.761,47.016],[5.75,47.017],[5.744,47.022],[5.741,47.031],[5.749,47.031],[5.753,47.039],[5.737,47.05],[5.737,47.055],[5.746,47.057],[5.763,47.045],[5.785,47.055],[5.78,47.064],[5.779,47.075],[5.769,47.089],[5.771,47.094],[5.779,47.098],[5.787,47.096],[5.793,47.107],[5.803,47.112],[5.805,47.119],[5.816,47.134],[5.828,47.141],[5.823,47.142],[5.814,47.15],[5.816,47.152],[5.81,47.157],[5.811,47.169],[5.81,47.17],[5.793,47.175],[5.785,47.171],[5.784,47.173],[5.788,47.174],[5.785,47.178],[5.787,47.18],[5.784,47.182],[5.787,47.185],[5.785,47.186],[5.786,47.188],[5.778,47.191],[5.781,47.193],[5.762,47.193],[5.757,47.197],[5.761,47.202],[5.754,47.206],[5.738,47.201],[5.738,47.208],[5.72,47.22],[5.723,47.226],[5.721,47.231],[5.714,47.236],[5.72,47.24],[5.713,47.245],[5.713,47.249],[5.699,47.265],[5.714,47.271],[5.722,47.267],[5.734,47.267],[5.73,47.265],[5.732,47.264],[5.738,47.267],[5.744,47.265],[5.751,47.274],[5.754,47.273],[5.759,47.276],[5.764,47.274],[5.771,47.277],[5.78,47.284],[5.781,47.289],[5.786,47.291],[5.798,47.289],[5.812,47.297],[5.814,47.293],[5.82,47.297],[5.844,47.3],[5.849,47.306],[5.853,47.306],[5.853,47.311],[5.861,47.313],[5.861,47.316],[5.874,47.314],[5.881,47.321],[5.887,47.321],[5.888,47.316],[5.894,47.314],[5.894,47.31],[5.898,47.31],[5.902,47.315],[5.896,47.328],[5.903,47.334],[5.921,47.328],[5.932,47.329],[5.925,47.337],[5.927,47.345],[5.957,47.339],[5.961,47.341],[5.961,47.338],[5.971,47.334],[5.974,47.329],[5.974,47.331],[5.978,47.331],[5.974,47.328],[5.98,47.326],[5.986,47.331],[5.989,47.328],[5.993,47.329],[5.993,47.336],[5.998,47.34],[6.018,47.331],[6.031,47.337],[6.039,47.346],[6.048,47.346],[6.052,47.352],[6.055,47.352],[6.054,47.349],[6.075,47.351],[6.081,47.355],[6.081,47.371],[6.086,47.373],[6.101,47.372],[6.104,47.367],[6.102,47.361],[6.113,47.361],[6.115,47.366],[6.113,47.368],[6.116,47.365],[6.12,47.368],[6.107,47.377],[6.111,47.38],[6.108,47.381],[6.105,47.378],[6.104,47.384],[6.114,47.387],[6.121,47.396],[6.126,47.394],[6.13,47.388],[6.136,47.387],[6.152,47.386],[6.156,47.39],[6.168,47.388],[6.162,47.392],[6.168,47.393],[6.169,47.389],[6.173,47.399],[6.178,47.402],[6.19,47.402],[6.189,47.406],[6.179,47.405],[6.171,47.409],[6.176,47.417],[6.193,47.413],[6.195,47.418],[6.2,47.418],[6.2,47.427],[6.204,47.43],[6.207,47.431],[6.218,47.423],[6.226,47.422],[6.233,47.414],[6.238,47.414],[6.242,47.411],[6.244,47.414],[6.241,47.419],[6.234,47.425],[6.233,47.43],[6.239,47.432],[6.247,47.426],[6.256,47.424],[6.262,47.431],[6.261,47.435],[6.264,47.447],[6.28,47.444],[6.287,47.446],[6.283,47.451],[6.286,47.461],[6.302,47.47],[6.299,47.483],[6.303,47.487],[6.303,47.492],[6.319,47.486],[6.321,47.49],[6.327,47.492],[6.332,47.503],[6.336,47.507],[6.348,47.505],[6.368,47.513],[6.389,47.508],[6.39,47.506],[6.393,47.508],[6.393,47.517],[6.411,47.522],[6.441,47.515],[6.452,47.517],[6.463,47.512],[6.462,47.51],[6.464,47.509],[6.464,47.502],[6.467,47.501],[6.471,47.487],[6.476,47.488],[6.476,47.497],[6.483,47.498],[6.496,47.506],[6.499,47.511],[6.506,47.508],[6.507,47.501],[6.515,47.5],[6.516,47.497],[6.53,47.501],[6.535,47.506],[6.556,47.49],[6.555,47.496],[6.558,47.497],[6.574,47.495],[6.578,47.5],[6.579,47.508],[6.584,47.51],[6.579,47.523],[6.581,47.529],[6.576,47.53],[6.573,47.527],[6.568,47.531],[6.572,47.536],[6.582,47.54],[6.581,47.544],[6.597,47.542],[6.607,47.536],[6.605,47.534],[6.609,47.531],[6.625,47.529],[6.649,47.537],[6.67,47.558],[6.652,47.572],[6.66,47.58],[6.664,47.577],[6.658,47.572],[6.689,47.571],[6.685,47.563],[6.689,47.561],[6.708,47.558],[6.72,47.553],[6.722,47.559],[6.728,47.561],[6.74,47.557],[6.755,47.542],[6.772,47.538],[6.773,47.535],[6.783,47.538],[6.785,47.543],[6.797,47.549],[6.801,47.562],[6.807,47.563]]]}},{"type":"Feature","properties":{"code":"26","nom":"Drôme"},"geometry":{"type":"MultiPolygon","coordinates":[[[[4.8,45.298],[4.859,45.309],[4.859,45.299],[4.88,45.297],[4.929,45.324],[4.948,45.329],[4.954,45.327],[4.961,45.329],[4.966,45.335],[4.976,45.336],[4.985,45.343],[4.995,45.344],[5.01,45.342],[5.023,45.318],[5.054,45.319],[5.068,45.296],[5.071,45.285],[5.075,45.282],[5.084,45.286],[5.107,45.287],[5.119,45.291],[5.122,45.299],[5.137,45.298],[5.138,45.293],[5.131,45.287],[5.13,45.267],[5.125,45.262],[5.121,45.248],[5.128,45.247],[5.131,45.243],[5.142,45.244],[5.142,45.247],[5.152,45.255],[5.158,45.256],[5.157,45.247],[5.177,45.248],[5.183,45.242],[5.185,45.231],[5.202,45.217],[5.179,45.217],[5.167,45.21],[5.164,45.198],[5.169,45.199],[5.175,45.182],[5.19,45.169],[5.187,45.167],[5.192,45.155],[5.181,45.148],[5.188,45.145],[5.191,45.141],[5.187,45.135],[5.187,45.121],[5.173,45.104],[5.163,45.098],[5.154,45.079],[5.145,45.082],[5.141,45.076],[5.138,45.081],[5.135,45.074],[5.14,45.073],[5.149,45.077],[5.157,45.066],[5.162,45.066],[5.171,45.069],[5.173,45.076],[5.179,45.083],[5.208,45.084],[5.226,45.079],[5.233,45.07],[5.245,45.067],[5.245,45.061],[5.266,45.06],[5.268,45.055],[5.273,45.055],[5.28,45.061],[5.289,45.06],[5.293,45.064],[5.305,45.061],[5.308,45.058],[5.306,45.053],[5.32,45.052],[5.321,45.057],[5.326,45.056],[5.336,45.063],[5.34,45.062],[5.346,45.048],[5.373,45.044],[5.375,45.04],[5.38,45.041],[5.386,45.035],[5.397,45.04],[5.381,45.051],[5.383,45.056],[5.387,45.057],[5.391,45.047],[5.397,45.044],[5.413,45.045],[5.426,45.056],[5.43,45.053],[5.435,45.054],[5.439,45.058],[5.437,45.062],[5.45,45.071],[5.448,45.072],[5.461,45.086],[5.469,45.089],[5.483,45.084],[5.494,45.072],[5.482,45.073],[5.475,45.07],[5.465,45.046],[5.478,45.034],[5.476,45.025],[5.484,45.023],[5.48,45.013],[5.494,44.996],[5.478,44.967],[5.484,44.922],[5.48,44.897],[5.47,44.879],[5.476,44.867],[5.466,44.841],[5.464,44.826],[5.485,44.823],[5.477,44.816],[5.476,44.807],[5.459,44.8],[5.462,44.795],[5.464,44.792],[5.48,44.793],[5.477,44.789],[5.482,44.787],[5.52,44.777],[5.535,44.776],[5.555,44.767],[5.556,44.77],[5.553,44.776],[5.554,44.779],[5.544,44.789],[5.545,44.796],[5.55,44.795],[5.582,44.778],[5.581,44.773],[5.587,44.763],[5.597,44.762],[5.609,44.755],[5.626,44.753],[5.636,44.733],[5.644,44.732],[5.647,44.724],[5.652,44.723],[5.662,44.721],[5.663,44.725],[5.699,44.722],[5.7,44.729],[5.704,44.729],[5.709,44.721],[5.715,44.719],[5.721,44.713],[5.737,44.714],[5.742,44.71],[5.741,44.707],[5.746,44.701],[5.756,44.696],[5.768,44.699],[5.772,44.697],[5.801,44.707],[5.825,44.701],[5.83,44.691],[5.826,44.686],[5.799,44.674],[5.798,44.663],[5.793,44.661],[5.791,44.653],[5.764,44.656],[5.754,44.663],[5.75,44.661],[5.75,44.656],[5.747,44.655],[5.754,44.649],[5.737,44.65],[5.735,44.646],[5.739,44.641],[5.728,44.639],[5.715,44.644],[5.707,44.642],[5.68,44.652],[5.668,44.648],[5.656,44.651],[5.654,44.655],[5.642,44.651],[5.642,44.639],[5.639,44.636],[5.643,44.622],[5.649,44.619],[5.647,44.612],[5.646,44.609],[5.635,44.609],[5.637,44.605],[5.627,44.595],[5.626,44.587],[5.618,44.584],[5.615,44.573],[5.607,44.568],[5.597,44.543],[5.615,44.533],[5.627,44.535],[5.653,44.515],[5.665,44.502],[5.65,44.499],[5.641,44.502],[5.63,44.501],[5.625,44.495],[5.625,44.485],[5.621,44.482],[5.618,44.475],[5.603,44.465],[5.579,44.472],[5.57,44.477],[5.559,44.473],[5.545,44.483],[5.516,44.492],[5.48,44.491],[5.471,44.5],[5.458,44.499],[5.459,44.489],[5.468,44.473],[5.459,44.469],[5.461,44.46],[5.464,44.457],[5.464,44.448],[5.498,44.438],[5.494,44.428],[5.487,44.429],[5.476,44.42],[5.45,44.431],[5.437,44.434],[5.418,44.425],[5.423,44.416],[5.431,44.414],[5.443,44.391],[5.441,44.384],[5.444,44.379],[5.43,44.377],[5.432,44.371],[5.438,44.367],[5.463,44.367],[5.466,44.365],[5.468,44.352],[5.482,44.35],[5.491,44.338],[5.521,44.351],[5.529,44.343],[5.54,44.343],[5.537,44.334],[5.547,44.33],[5.561,44.336],[5.568,44.332],[5.574,44.334],[5.595,44.332],[5.604,44.334],[5.618,44.332],[5.624,44.335],[5.631,44.333],[5.633,44.328],[5.629,44.328],[5.616,44.317],[5.611,44.316],[5.608,44.307],[5.616,44.309],[5.627,44.301],[5.638,44.299],[5.643,44.294],[5.633,44.29],[5.632,44.284],[5.648,44.272],[5.647,44.267],[5.658,44.272],[5.676,44.276],[5.687,44.267],[5.674,44.256],[5.673,44.246],[5.675,44.244],[5.673,44.24],[5.682,44.234],[5.676,44.212],[5.686,44.197],[5.685,44.193],[5.676,44.191],[5.675,44.189],[5.652,44.19],[5.652,44.185],[5.643,44.171],[5.647,44.166],[5.682,44.164],[5.678,44.146],[5.631,44.151],[5.632,44.159],[5.64,44.168],[5.634,44.17],[5.632,44.174],[5.616,44.178],[5.616,44.183],[5.61,44.188],[5.609,44.191],[5.602,44.191],[5.591,44.187],[5.576,44.188],[5.573,44.182],[5.568,44.18],[5.564,44.171],[5.583,44.158],[5.579,44.152],[5.569,44.148],[5.551,44.15],[5.541,44.133],[5.511,44.124],[5.509,44.119],[5.499,44.116],[5.461,44.118],[5.451,44.122],[5.448,44.137],[5.437,44.14],[5.436,44.152],[5.424,44.149],[5.417,44.155],[5.397,44.152],[5.383,44.155],[5.384,44.173],[5.387,44.182],[5.381,44.196],[5.385,44.201],[5.355,44.215],[5.337,44.204],[5.318,44.21],[5.303,44.21],[5.303,44.205],[5.292,44.214],[5.252,44.231],[5.24,44.231],[5.238,44.213],[5.231,44.212],[5.225,44.215],[5.207,44.214],[5.189,44.22],[5.182,44.219],[5.166,44.225],[5.161,44.23],[5.158,44.229],[5.155,44.233],[5.149,44.235],[5.162,44.246],[5.161,44.267],[5.149,44.269],[5.147,44.276],[5.15,44.282],[5.168,44.29],[5.169,44.301],[5.174,44.308],[5.168,44.315],[5.151,44.31],[5.155,44.302],[5.15,44.302],[5.119,44.287],[5.108,44.281],[5.108,44.277],[5.094,44.283],[5.077,44.284],[5.071,44.289],[5.068,44.3],[5.061,44.308],[5.045,44.301],[5.022,44.296],[5.006,44.287],[4.981,44.285],[4.943,44.269],[4.933,44.262],[4.902,44.26],[4.899,44.257],[4.896,44.258],[4.901,44.264],[4.879,44.261],[4.867,44.256],[4.866,44.25],[4.859,44.249],[4.846,44.241],[4.844,44.242],[4.841,44.236],[4.838,44.236],[4.827,44.228],[4.814,44.232],[4.813,44.258],[4.804,44.269],[4.807,44.273],[4.803,44.28],[4.805,44.304],[4.791,44.308],[4.787,44.314],[4.78,44.319],[4.772,44.317],[4.762,44.325],[4.718,44.327],[4.714,44.326],[4.713,44.321],[4.679,44.32],[4.675,44.324],[4.67,44.323],[4.651,44.33],[4.647,44.347],[4.649,44.372],[4.664,44.396],[4.664,44.418],[4.667,44.431],[4.672,44.436],[4.694,44.444],[4.7,44.46],[4.7,44.479],[4.689,44.493],[4.688,44.506],[4.693,44.517],[4.703,44.524],[4.707,44.534],[4.694,44.542],[4.693,44.559],[4.698,44.564],[4.702,44.56],[4.705,44.562],[4.707,44.566],[4.705,44.574],[4.71,44.582],[4.742,44.589],[4.744,44.601],[4.74,44.602],[4.758,44.627],[4.758,44.631],[4.773,44.642],[4.779,44.655],[4.776,44.665],[4.781,44.683],[4.774,44.697],[4.772,44.706],[4.763,44.717],[4.764,44.735],[4.759,44.748],[4.769,44.76],[4.763,44.765],[4.761,44.772],[4.766,44.779],[4.783,44.783],[4.796,44.794],[4.796,44.803],[4.801,44.806],[4.8,44.813],[4.823,44.817],[4.82,44.836],[4.823,44.839],[4.84,44.842],[4.844,44.846],[4.845,44.858],[4.861,44.874],[4.861,44.881],[4.855,44.89],[4.856,44.901],[4.868,44.909],[4.874,44.922],[4.887,44.937],[4.876,44.955],[4.86,44.966],[4.853,44.98],[4.851,44.995],[4.836,45.008],[4.846,45.02],[4.84,45.029],[4.84,45.036],[4.857,45.049],[4.861,45.055],[4.854,45.063],[4.83,45.072],[4.828,45.078],[4.832,45.09],[4.83,45.097],[4.803,45.125],[4.804,45.133],[4.824,45.148],[4.829,45.157],[4.824,45.161],[4.814,45.163],[4.809,45.169],[4.812,45.182],[4.805,45.194],[4.813,45.204],[4.803,45.227],[4.801,45.243],[4.81,45.264],[4.809,45.29],[4.8,45.298]],[[4.893,44.365],[4.891,44.36],[4.873,44.35],[4.87,44.345],[4.88,44.345],[4.895,44.338],[4.894,44.333],[4.889,44.333],[4.882,44.325],[4.891,44.313],[4.892,44.304],[4.922,44.309],[4.944,44.306],[4.951,44.301],[4.957,44.302],[4.959,44.299],[4.98,44.297],[4.987,44.293],[4.99,44.309],[4.998,44.318],[4.997,44.32],[5.014,44.326],[5.01,44.328],[5.009,44.334],[5.023,44.346],[5.024,44.361],[5.037,44.364],[5.043,44.362],[5.055,44.365],[5.058,44.37],[5.068,44.374],[5.072,44.38],[5.071,44.383],[5.066,44.382],[5.063,44.384],[5.048,44.381],[5.043,44.387],[5.035,44.391],[5.016,44.393],[5.013,44.405],[5.02,44.41],[5.019,44.416],[5.012,44.416],[5.01,44.411],[5.001,44.413],[4.989,44.423],[4.979,44.423],[4.977,44.429],[4.97,44.431],[4.96,44.42],[4.952,44.42],[4.946,44.415],[4.919,44.408],[4.91,44.397],[4.912,44.388],[4.909,44.377],[4.9,44.37],[4.895,44.369],[4.893,44.365]]]]}},{"type":"Feature","properties":{"code":"27","nom":"Eure"},"geometry":{"type":"Polygon","coordinates":[[[0.297,49.43],[0.341,49.434],[0.339,49.441],[0.369,49.444],[0.414,49.454],[0.49,49.484],[0.503,49.485],[0.525,49.478],[0.571,49.44],[0.588,49.431],[0.612,49.429],[0.643,49.444],[0.646,49.44],[0.643,49.44],[0.634,49.434],[0.63,49.422],[0.641,49.428],[0.645,49.426],[0.641,49.424],[0.645,49.422],[0.64,49.419],[0.644,49.415],[0.652,49.422],[0.66,49.416],[0.649,49.409],[0.664,49.402],[0.69,49.407],[0.705,49.402],[0.71,49.408],[0.708,49.411],[0.738,49.408],[0.743,49.41],[0.742,49.413],[0.76,49.415],[0.765,49.42],[0.776,49.418],[0.783,49.411],[0.798,49.418],[0.805,49.412],[0.799,49.427],[0.803,49.427],[0.811,49.405],[0.821,49.397],[0.845,49.392],[0.861,49.395],[0.862,49.392],[0.878,49.396],[0.874,49.391],[0.886,49.388],[0.882,49.386],[0.885,49.384],[0.884,49.377],[0.88,49.377],[0.879,49.374],[0.893,49.372],[0.892,49.375],[0.896,49.38],[0.918,49.385],[0.918,49.37],[0.924,49.359],[0.921,49.356],[0.924,49.353],[0.921,49.352],[0.932,49.345],[0.931,49.343],[0.921,49.338],[0.882,49.348],[0.871,49.342],[0.86,49.346],[0.856,49.343],[0.859,49.34],[0.848,49.336],[0.853,49.331],[0.842,49.329],[0.845,49.324],[0.862,49.326],[0.864,49.323],[0.888,49.319],[0.892,49.314],[0.898,49.317],[0.893,49.311],[0.893,49.305],[0.896,49.303],[0.893,49.303],[0.902,49.298],[0.91,49.299],[0.907,49.308],[0.929,49.314],[0.94,49.323],[0.944,49.309],[0.95,49.305],[0.95,49.297],[0.953,49.294],[0.963,49.295],[0.958,49.289],[0.966,49.286],[0.959,49.287],[0.956,49.285],[0.958,49.282],[0.956,49.28],[0.949,49.279],[0.956,49.275],[0.956,49.271],[0.973,49.28],[0.976,49.272],[0.987,49.268],[0.985,49.261],[0.989,49.264],[0.997,49.262],[1.007,49.265],[1.008,49.263],[0.992,49.258],[0.994,49.257],[0.993,49.253],[1.006,49.251],[1.028,49.26],[1.037,49.261],[1.041,49.259],[1.049,49.263],[1.063,49.259],[1.065,49.263],[1.056,49.266],[1.052,49.273],[1.069,49.276],[1.065,49.284],[1.055,49.291],[1.051,49.292],[1.052,49.294],[1.048,49.298],[1.081,49.309],[1.134,49.31],[1.135,49.325],[1.139,49.329],[1.145,49.33],[1.145,49.336],[1.154,49.335],[1.16,49.342],[1.167,49.341],[1.166,49.337],[1.169,49.336],[1.172,49.342],[1.183,49.344],[1.188,49.341],[1.184,49.341],[1.185,49.338],[1.201,49.339],[1.203,49.337],[1.199,49.343],[1.199,49.351],[1.21,49.352],[1.209,49.35],[1.219,49.349],[1.272,49.346],[1.272,49.357],[1.282,49.357],[1.282,49.363],[1.285,49.363],[1.287,49.367],[1.286,49.373],[1.29,49.376],[1.285,49.382],[1.288,49.385],[1.285,49.388],[1.292,49.388],[1.293,49.395],[1.308,49.395],[1.308,49.402],[1.312,49.407],[1.31,49.411],[1.314,49.415],[1.31,49.429],[1.327,49.432],[1.337,49.428],[1.339,49.43],[1.335,49.431],[1.337,49.439],[1.347,49.435],[1.351,49.438],[1.341,49.443],[1.345,49.448],[1.361,49.448],[1.376,49.453],[1.374,49.454],[1.383,49.458],[1.387,49.463],[1.391,49.461],[1.382,49.453],[1.381,49.45],[1.384,49.449],[1.393,49.449],[1.4,49.457],[1.403,49.455],[1.436,49.455],[1.449,49.45],[1.477,49.451],[1.496,49.446],[1.504,49.438],[1.53,49.442],[1.537,49.43],[1.539,49.434],[1.547,49.436],[1.547,49.441],[1.576,49.44],[1.575,49.437],[1.599,49.421],[1.594,49.418],[1.605,49.415],[1.604,49.412],[1.614,49.41],[1.622,49.416],[1.628,49.415],[1.628,49.411],[1.63,49.412],[1.631,49.409],[1.656,49.399],[1.659,49.399],[1.668,49.407],[1.681,49.406],[1.694,49.395],[1.699,49.399],[1.694,49.401],[1.705,49.411],[1.708,49.409],[1.707,49.406],[1.714,49.409],[1.716,49.404],[1.719,49.403],[1.721,49.406],[1.74,49.406],[1.72,49.394],[1.73,49.391],[1.736,49.384],[1.745,49.38],[1.748,49.372],[1.757,49.37],[1.761,49.366],[1.762,49.36],[1.758,49.356],[1.768,49.34],[1.774,49.337],[1.767,49.32],[1.768,49.316],[1.772,49.314],[1.771,49.311],[1.773,49.31],[1.775,49.306],[1.772,49.291],[1.778,49.29],[1.778,49.292],[1.784,49.293],[1.791,49.288],[1.798,49.288],[1.794,49.283],[1.797,49.28],[1.793,49.274],[1.803,49.272],[1.79,49.254],[1.791,49.247],[1.789,49.249],[1.779,49.249],[1.767,49.252],[1.769,49.256],[1.767,49.262],[1.759,49.263],[1.757,49.266],[1.759,49.272],[1.75,49.267],[1.737,49.27],[1.726,49.265],[1.709,49.264],[1.708,49.255],[1.701,49.252],[1.699,49.247],[1.702,49.238],[1.699,49.235],[1.704,49.232],[1.699,49.225],[1.692,49.223],[1.689,49.218],[1.675,49.211],[1.672,49.206],[1.677,49.203],[1.677,49.2],[1.669,49.187],[1.672,49.181],[1.666,49.177],[1.67,49.169],[1.665,49.166],[1.661,49.158],[1.664,49.153],[1.653,49.145],[1.653,49.138],[1.657,49.138],[1.658,49.132],[1.647,49.125],[1.645,49.118],[1.63,49.11],[1.628,49.103],[1.622,49.101],[1.618,49.094],[1.623,49.093],[1.619,49.089],[1.623,49.086],[1.609,49.078],[1.603,49.083],[1.607,49.084],[1.605,49.085],[1.573,49.078],[1.569,49.073],[1.558,49.069],[1.541,49.074],[1.521,49.068],[1.516,49.081],[1.508,49.085],[1.514,49.079],[1.51,49.067],[1.503,49.059],[1.494,49.057],[1.487,49.052],[1.48,49.052],[1.462,49.064],[1.457,49.058],[1.447,49.054],[1.453,49.051],[1.446,49.046],[1.458,49.035],[1.458,49.026],[1.475,49.018],[1.478,49.014],[1.474,49.01],[1.48,49.008],[1.479,48.999],[1.469,48.994],[1.472,48.99],[1.462,48.989],[1.461,48.986],[1.466,48.984],[1.471,48.975],[1.477,48.977],[1.475,48.98],[1.479,48.981],[1.481,48.978],[1.498,48.979],[1.508,48.984],[1.512,48.979],[1.518,48.978],[1.497,48.969],[1.492,48.964],[1.499,48.96],[1.499,48.957],[1.495,48.957],[1.501,48.953],[1.511,48.954],[1.502,48.941],[1.493,48.936],[1.481,48.94],[1.461,48.938],[1.46,48.928],[1.448,48.925],[1.459,48.915],[1.455,48.913],[1.461,48.91],[1.461,48.9],[1.471,48.898],[1.466,48.889],[1.465,48.878],[1.461,48.872],[1.441,48.865],[1.432,48.866],[1.424,48.861],[1.404,48.861],[1.389,48.846],[1.361,48.834],[1.356,48.816],[1.377,48.792],[1.375,48.781],[1.366,48.784],[1.361,48.78],[1.353,48.779],[1.338,48.77],[1.33,48.761],[1.321,48.761],[1.297,48.768],[1.288,48.764],[1.271,48.763],[1.27,48.757],[1.26,48.758],[1.255,48.759],[1.256,48.766],[1.246,48.77],[1.223,48.767],[1.225,48.763],[1.233,48.763],[1.223,48.758],[1.208,48.766],[1.186,48.773],[1.163,48.769],[1.149,48.777],[1.151,48.786],[1.135,48.785],[1.121,48.789],[1.117,48.784],[1.122,48.771],[1.12,48.771],[1.125,48.767],[1.118,48.766],[1.119,48.756],[1.113,48.752],[1.115,48.747],[1.103,48.749],[1.103,48.753],[1.096,48.749],[1.09,48.754],[1.088,48.753],[1.087,48.757],[1.083,48.752],[1.07,48.749],[1.069,48.757],[1.064,48.759],[1.048,48.749],[1.043,48.742],[1.034,48.739],[1.034,48.734],[1.038,48.731],[1.034,48.728],[1.029,48.729],[1.021,48.735],[1.017,48.728],[0.998,48.728],[0.991,48.726],[0.985,48.726],[0.978,48.731],[0.961,48.726],[0.956,48.717],[0.95,48.715],[0.921,48.709],[0.92,48.712],[0.9,48.711],[0.891,48.72],[0.873,48.713],[0.867,48.704],[0.869,48.699],[0.86,48.692],[0.864,48.688],[0.854,48.686],[0.841,48.678],[0.828,48.681],[0.815,48.67],[0.795,48.675],[0.782,48.667],[0.769,48.67],[0.765,48.675],[0.769,48.679],[0.761,48.68],[0.761,48.687],[0.768,48.693],[0.766,48.697],[0.75,48.705],[0.732,48.703],[0.729,48.707],[0.744,48.717],[0.759,48.72],[0.76,48.728],[0.775,48.738],[0.761,48.753],[0.749,48.761],[0.758,48.768],[0.753,48.773],[0.74,48.777],[0.732,48.785],[0.72,48.788],[0.716,48.785],[0.712,48.789],[0.696,48.795],[0.689,48.793],[0.665,48.81],[0.643,48.816],[0.622,48.83],[0.608,48.832],[0.615,48.836],[0.62,48.847],[0.636,48.854],[0.634,48.856],[0.623,48.853],[0.609,48.853],[0.612,48.858],[0.602,48.862],[0.605,48.87],[0.615,48.878],[0.609,48.879],[0.603,48.874],[0.596,48.875],[0.59,48.873],[0.585,48.877],[0.587,48.881],[0.595,48.883],[0.596,48.888],[0.578,48.894],[0.566,48.887],[0.551,48.874],[0.521,48.881],[0.51,48.88],[0.507,48.877],[0.495,48.879],[0.476,48.887],[0.463,48.889],[0.457,48.886],[0.457,48.88],[0.443,48.881],[0.45,48.891],[0.439,48.889],[0.443,48.887],[0.441,48.885],[0.421,48.887],[0.421,48.89],[0.419,48.892],[0.422,48.899],[0.406,48.901],[0.402,48.905],[0.386,48.91],[0.391,48.928],[0.395,48.929],[0.412,48.946],[0.413,48.951],[0.431,48.967],[0.433,48.979],[0.428,48.98],[0.425,48.985],[0.43,48.987],[0.434,49.005],[0.446,49.014],[0.446,49.019],[0.443,49.02],[0.442,49.025],[0.431,49.023],[0.435,49.026],[0.431,49.026],[0.428,49.032],[0.385,49.036],[0.381,49.041],[0.383,49.045],[0.377,49.049],[0.379,49.051],[0.367,49.052],[0.381,49.06],[0.379,49.071],[0.387,49.073],[0.391,49.078],[0.408,49.077],[0.417,49.073],[0.419,49.083],[0.416,49.088],[0.399,49.087],[0.397,49.091],[0.415,49.096],[0.4,49.097],[0.399,49.099],[0.403,49.108],[0.402,49.111],[0.407,49.112],[0.41,49.122],[0.408,49.129],[0.425,49.13],[0.426,49.136],[0.429,49.137],[0.428,49.14],[0.433,49.141],[0.427,49.143],[0.427,49.147],[0.424,49.148],[0.412,49.146],[0.407,49.15],[0.391,49.15],[0.386,49.154],[0.392,49.16],[0.393,49.178],[0.387,49.185],[0.391,49.19],[0.388,49.19],[0.39,49.193],[0.389,49.198],[0.395,49.208],[0.388,49.212],[0.389,49.216],[0.367,49.216],[0.356,49.224],[0.338,49.231],[0.321,49.248],[0.32,49.252],[0.339,49.253],[0.365,49.263],[0.366,49.26],[0.383,49.264],[0.381,49.279],[0.384,49.286],[0.362,49.297],[0.355,49.294],[0.343,49.296],[0.328,49.284],[0.326,49.278],[0.309,49.283],[0.323,49.297],[0.315,49.304],[0.316,49.311],[0.298,49.314],[0.313,49.323],[0.317,49.332],[0.326,49.34],[0.321,49.342],[0.321,49.345],[0.311,49.353],[0.302,49.371],[0.309,49.389],[0.301,49.406],[0.297,49.41],[0.297,49.43]]]}},{"type":"Feature","properties":{"code":"28","nom":"Eure-et-Loir"},"geometry":{"type":"Polygon","coordinates":[[[0.815,48.67],[0.828,48.681],[0.841,48.678],[0.854,48.686],[0.864,48.688],[0.86,48.692],[0.869,48.699],[0.867,48.704],[0.873,48.713],[0.891,48.72],[0.9,48.711],[0.92,48.712],[0.921,48.709],[0.95,48.715],[0.956,48.717],[0.961,48.726],[0.978,48.731],[0.985,48.726],[0.991,48.726],[0.998,48.728],[1.017,48.728],[1.021,48.735],[1.029,48.729],[1.034,48.728],[1.038,48.731],[1.034,48.734],[1.034,48.739],[1.043,48.742],[1.048,48.749],[1.064,48.759],[1.069,48.757],[1.07,48.749],[1.083,48.752],[1.087,48.757],[1.088,48.753],[1.09,48.754],[1.096,48.749],[1.103,48.753],[1.103,48.749],[1.115,48.747],[1.113,48.752],[1.119,48.756],[1.118,48.766],[1.125,48.767],[1.12,48.771],[1.122,48.771],[1.117,48.784],[1.121,48.789],[1.135,48.785],[1.151,48.786],[1.149,48.777],[1.163,48.769],[1.186,48.773],[1.208,48.766],[1.223,48.758],[1.233,48.763],[1.225,48.763],[1.223,48.767],[1.246,48.77],[1.256,48.766],[1.255,48.759],[1.26,48.758],[1.27,48.757],[1.271,48.763],[1.288,48.764],[1.297,48.768],[1.321,48.761],[1.33,48.761],[1.338,48.77],[1.353,48.779],[1.361,48.78],[1.366,48.784],[1.375,48.781],[1.377,48.792],[1.356,48.816],[1.361,48.834],[1.389,48.846],[1.404,48.861],[1.424,48.861],[1.432,48.866],[1.441,48.865],[1.461,48.872],[1.465,48.878],[1.466,48.889],[1.471,48.898],[1.461,48.9],[1.461,48.91],[1.455,48.913],[1.459,48.915],[1.448,48.925],[1.46,48.928],[1.461,48.938],[1.481,48.94],[1.493,48.936],[1.502,48.941],[1.512,48.934],[1.507,48.928],[1.514,48.922],[1.519,48.925],[1.538,48.923],[1.545,48.913],[1.538,48.908],[1.539,48.905],[1.55,48.899],[1.553,48.893],[1.564,48.891],[1.56,48.882],[1.556,48.882],[1.551,48.875],[1.548,48.876],[1.547,48.871],[1.555,48.865],[1.559,48.864],[1.56,48.868],[1.584,48.861],[1.577,48.844],[1.598,48.839],[1.594,48.834],[1.579,48.829],[1.584,48.827],[1.591,48.815],[1.581,48.811],[1.579,48.809],[1.583,48.807],[1.582,48.805],[1.577,48.805],[1.58,48.8],[1.578,48.796],[1.581,48.794],[1.575,48.791],[1.577,48.783],[1.588,48.774],[1.581,48.766],[1.585,48.762],[1.608,48.761],[1.627,48.748],[1.62,48.736],[1.616,48.736],[1.601,48.721],[1.597,48.721],[1.588,48.711],[1.592,48.708],[1.577,48.703],[1.585,48.699],[1.582,48.696],[1.591,48.693],[1.594,48.695],[1.605,48.689],[1.612,48.689],[1.605,48.675],[1.608,48.672],[1.601,48.668],[1.603,48.662],[1.621,48.65],[1.631,48.648],[1.643,48.651],[1.644,48.648],[1.638,48.645],[1.65,48.637],[1.65,48.632],[1.658,48.628],[1.655,48.623],[1.666,48.614],[1.668,48.617],[1.674,48.615],[1.685,48.62],[1.691,48.617],[1.682,48.616],[1.687,48.611],[1.693,48.615],[1.703,48.612],[1.715,48.615],[1.719,48.606],[1.702,48.585],[1.71,48.581],[1.709,48.578],[1.727,48.573],[1.732,48.576],[1.737,48.572],[1.744,48.572],[1.746,48.576],[1.757,48.575],[1.765,48.569],[1.763,48.565],[1.768,48.559],[1.778,48.553],[1.787,48.554],[1.776,48.528],[1.778,48.518],[1.777,48.509],[1.78,48.51],[1.783,48.5],[1.789,48.5],[1.791,48.497],[1.786,48.49],[1.796,48.484],[1.792,48.481],[1.803,48.473],[1.801,48.466],[1.837,48.467],[1.84,48.452],[1.844,48.452],[1.845,48.446],[1.858,48.447],[1.872,48.44],[1.904,48.439],[1.907,48.445],[1.921,48.448],[1.922,48.458],[1.929,48.457],[1.929,48.451],[1.933,48.45],[1.933,48.442],[1.943,48.441],[1.936,48.435],[1.939,48.434],[1.937,48.43],[1.937,48.426],[1.941,48.425],[1.94,48.42],[1.932,48.42],[1.932,48.416],[1.928,48.416],[1.926,48.413],[1.933,48.411],[1.928,48.406],[1.932,48.403],[1.946,48.406],[1.978,48.402],[1.973,48.396],[1.974,48.39],[1.967,48.38],[1.98,48.378],[1.982,48.375],[1.978,48.369],[1.984,48.368],[1.985,48.365],[1.989,48.364],[1.973,48.356],[1.975,48.345],[1.969,48.341],[1.982,48.328],[1.975,48.323],[1.981,48.319],[1.979,48.313],[1.975,48.313],[1.973,48.316],[1.959,48.307],[1.962,48.306],[1.965,48.295],[1.982,48.295],[1.98,48.292],[1.975,48.293],[1.973,48.288],[1.994,48.287],[1.993,48.279],[1.99,48.278],[1.984,48.264],[1.965,48.255],[1.962,48.247],[1.962,48.242],[1.965,48.241],[1.962,48.24],[1.966,48.239],[1.967,48.235],[1.963,48.223],[1.968,48.22],[1.972,48.208],[1.98,48.204],[1.971,48.19],[1.962,48.194],[1.967,48.202],[1.957,48.204],[1.951,48.195],[1.953,48.195],[1.951,48.19],[1.965,48.187],[1.965,48.184],[1.971,48.183],[1.971,48.171],[1.957,48.175],[1.945,48.175],[1.941,48.168],[1.925,48.174],[1.916,48.166],[1.914,48.167],[1.903,48.153],[1.907,48.15],[1.905,48.146],[1.92,48.146],[1.913,48.129],[1.902,48.131],[1.884,48.098],[1.873,48.099],[1.871,48.095],[1.865,48.095],[1.866,48.084],[1.849,48.085],[1.845,48.089],[1.838,48.087],[1.838,48.081],[1.83,48.082],[1.83,48.079],[1.802,48.089],[1.798,48.077],[1.788,48.077],[1.784,48.073],[1.78,48.077],[1.772,48.07],[1.762,48.072],[1.755,48.065],[1.749,48.068],[1.745,48.064],[1.742,48.068],[1.731,48.067],[1.726,48.07],[1.719,48.066],[1.714,48.069],[1.709,48.067],[1.689,48.078],[1.679,48.066],[1.675,48.067],[1.67,48.062],[1.667,48.065],[1.67,48.07],[1.663,48.072],[1.665,48.075],[1.66,48.076],[1.653,48.075],[1.647,48.07],[1.643,48.071],[1.634,48.068],[1.624,48.07],[1.624,48.065],[1.622,48.064],[1.625,48.058],[1.619,48.052],[1.621,48.048],[1.618,48.046],[1.619,48.043],[1.612,48.045],[1.608,48.043],[1.597,48.043],[1.594,48.031],[1.566,48.036],[1.545,48.045],[1.539,48.039],[1.551,48.035],[1.547,48.03],[1.523,48.035],[1.52,48.03],[1.513,48.028],[1.518,48.021],[1.518,48.012],[1.523,48.011],[1.527,48.007],[1.517,47.997],[1.526,47.993],[1.519,47.99],[1.518,47.987],[1.523,47.984],[1.52,47.982],[1.503,47.988],[1.499,47.985],[1.481,47.997],[1.457,48.008],[1.44,48.012],[1.433,48.009],[1.437,48.007],[1.434,47.999],[1.434,47.994],[1.438,47.991],[1.435,47.988],[1.44,47.984],[1.437,47.977],[1.407,47.97],[1.387,47.981],[1.378,47.972],[1.37,47.954],[1.346,47.965],[1.344,47.958],[1.309,47.954],[1.303,47.96],[1.303,47.963],[1.3,47.968],[1.272,47.965],[1.271,47.963],[1.265,47.962],[1.26,47.966],[1.262,47.968],[1.258,47.974],[1.247,47.98],[1.224,47.976],[1.21,47.969],[1.197,47.968],[1.192,47.972],[1.203,47.977],[1.198,47.983],[1.191,47.984],[1.187,48.002],[1.17,48.007],[1.17,48.011],[1.159,48.018],[1.16,48.02],[1.167,48.02],[1.167,48.027],[1.144,48.029],[1.142,48.031],[1.123,48.036],[1.117,48.044],[1.117,48.051],[1.106,48.06],[1.111,48.068],[1.11,48.073],[1.115,48.077],[1.112,48.081],[1.106,48.082],[1.07,48.076],[1.067,48.078],[1.069,48.085],[1.064,48.086],[1.039,48.085],[1.026,48.088],[1.009,48.083],[1.005,48.087],[0.999,48.086],[0.992,48.092],[0.991,48.097],[1.003,48.105],[1.046,48.118],[1.048,48.124],[1.04,48.13],[1.041,48.132],[1.014,48.133],[0.996,48.127],[0.964,48.106],[0.957,48.104],[0.955,48.099],[0.947,48.098],[0.945,48.099],[0.948,48.106],[0.944,48.112],[0.93,48.112],[0.91,48.103],[0.88,48.104],[0.882,48.108],[0.876,48.109],[0.841,48.103],[0.855,48.123],[0.85,48.133],[0.865,48.134],[0.87,48.132],[0.879,48.136],[0.883,48.134],[0.914,48.135],[0.917,48.139],[0.909,48.144],[0.912,48.149],[0.888,48.162],[0.869,48.163],[0.86,48.168],[0.844,48.165],[0.837,48.167],[0.827,48.176],[0.813,48.181],[0.811,48.186],[0.796,48.188],[0.798,48.194],[0.809,48.198],[0.806,48.205],[0.83,48.211],[0.83,48.214],[0.802,48.245],[0.802,48.25],[0.789,48.262],[0.791,48.266],[0.786,48.271],[0.796,48.287],[0.807,48.29],[0.793,48.293],[0.778,48.303],[0.761,48.299],[0.756,48.3],[0.763,48.307],[0.762,48.31],[0.769,48.313],[0.769,48.322],[0.784,48.334],[0.785,48.34],[0.791,48.343],[0.807,48.344],[0.812,48.349],[0.818,48.349],[0.829,48.342],[0.831,48.345],[0.842,48.347],[0.844,48.351],[0.84,48.353],[0.852,48.349],[0.862,48.351],[0.872,48.36],[0.876,48.355],[0.884,48.357],[0.901,48.374],[0.909,48.37],[0.916,48.375],[0.914,48.379],[0.918,48.377],[0.927,48.384],[0.929,48.39],[0.941,48.398],[0.95,48.399],[0.944,48.41],[0.945,48.417],[0.976,48.439],[0.973,48.444],[0.969,48.441],[0.956,48.444],[0.948,48.456],[0.939,48.461],[0.94,48.466],[0.937,48.467],[0.936,48.476],[0.956,48.482],[0.954,48.483],[0.955,48.493],[0.942,48.499],[0.954,48.504],[0.968,48.524],[0.952,48.526],[0.925,48.536],[0.923,48.538],[0.939,48.551],[0.926,48.56],[0.924,48.558],[0.894,48.572],[0.88,48.574],[0.869,48.573],[0.851,48.583],[0.847,48.61],[0.82,48.61],[0.817,48.615],[0.83,48.632],[0.822,48.636],[0.822,48.644],[0.825,48.649],[0.818,48.655],[0.819,48.658],[0.81,48.662],[0.815,48.67]]]}},{"type":"Feature","properties":{"code":"29","nom":"Finistère"},"geometry":{"type":"MultiPolygon","coordinates":[[[[-4,47.723],[-4.004,47.723],[-4.002,47.726],[-3.998,47.725],[-4,47.723]]],[[[-3.992,48.736],[-3.994,48.741],[-4.005,48.74],[-4.012,48.744],[-4.023,48.739],[-4.027,48.742],[-4.036,48.742],[-4.04,48.746],[-4.026,48.749],[-4.02,48.754],[-4.006,48.753],[-4.004,48.748],[-3.99,48.745],[-3.989,48.739],[-3.992,48.736]]],[[[-3.957,47.712],[-3.958,47.72],[-3.951,47.722],[-3.957,47.712]]],[[[-4.011,47.716],[-4.012,47.719],[-4.007,47.717],[-4.011,47.716]]],[[[-4.029,47.774],[-4.031,47.775],[-4.027,47.778],[-4.021,47.777],[-4.029,47.774]]],[[[-4.846,48.032],[-4.858,48.039],[-4.871,48.04],[-4.868,48.044],[-4.855,48.039],[-4.851,48.04],[-4.851,48.035],[-4.846,48.032]]],[[[-3.997,47.701],[-4.001,47.702],[-3.998,47.706],[-4.002,47.708],[-3.999,47.71],[-3.993,47.708],[-3.991,47.703],[-3.997,47.701]]],[[[-5.012,48.424],[-5.014,48.426],[-5.012,48.431],[-5.012,48.424]]],[[[-4.633,48.6],[-4.637,48.6],[-4.637,48.602],[-4.633,48.6]]],[[[-4.06,48.703],[-4.073,48.706],[-4.064,48.707],[-4.06,48.706],[-4.06,48.703]]],[[[-4.178,47.851],[-4.193,47.864],[-4.182,47.867],[-4.181,47.859],[-4.176,47.855],[-4.178,47.851]]],[[[-4.177,47.841],[-4.184,47.845],[-4.183,47.847],[-4.177,47.844],[-4.177,47.841]]],[[[-4.337,48.1],[-4.339,48.103],[-4.335,48.102],[-4.337,48.1]]],[[[-4.959,48.389],[-4.965,48.392],[-4.967,48.398],[-4.963,48.402],[-4.953,48.396],[-4.954,48.393],[-4.959,48.389]]],[[[-4.982,48.42],[-4.981,48.417],[-4.985,48.417],[-4.982,48.42]]],[[[-4.862,48.341],[-4.864,48.342],[-4.859,48.346],[-4.858,48.351],[-4.848,48.356],[-4.842,48.355],[-4.862,48.341]]],[[[-4.894,48.372],[-4.911,48.374],[-4.898,48.376],[-4.893,48.374],[-4.894,48.372]]],[[[-4.95,48.398],[-4.953,48.401],[-4.947,48.403],[-4.95,48.398]]],[[[-3.922,48.68],[-3.927,48.681],[-3.923,48.684],[-3.929,48.692],[-3.926,48.699],[-3.922,48.697],[-3.925,48.696],[-3.923,48.691],[-3.925,48.69],[-3.919,48.684],[-3.922,48.68]]],[[[-4.571,48.605],[-4.574,48.608],[-4.569,48.608],[-4.571,48.605]]],[[[-4.554,48.627],[-4.558,48.631],[-4.552,48.629],[-4.554,48.627]]],[[[-4.568,48.637],[-4.571,48.638],[-4.57,48.64],[-4.567,48.638],[-4.568,48.637]]],[[[-4.278,48.282],[-4.282,48.284],[-4.278,48.285],[-4.278,48.282]]],[[[-3.659,48.659],[-3.666,48.651],[-3.662,48.648],[-3.654,48.617],[-3.651,48.616],[-3.649,48.61],[-3.64,48.612],[-3.638,48.61],[-3.642,48.599],[-3.641,48.596],[-3.629,48.588],[-3.618,48.59],[-3.6,48.583],[-3.597,48.586],[-3.589,48.583],[-3.584,48.574],[-3.591,48.563],[-3.595,48.564],[-3.599,48.56],[-3.599,48.557],[-3.582,48.553],[-3.571,48.558],[-3.552,48.541],[-3.541,48.537],[-3.558,48.529],[-3.584,48.504],[-3.605,48.496],[-3.601,48.485],[-3.608,48.478],[-3.6,48.479],[-3.593,48.464],[-3.582,48.465],[-3.579,48.463],[-3.579,48.46],[-3.568,48.452],[-3.554,48.454],[-3.55,48.448],[-3.564,48.439],[-3.586,48.433],[-3.601,48.422],[-3.599,48.405],[-3.604,48.396],[-3.601,48.394],[-3.608,48.388],[-3.594,48.386],[-3.587,48.381],[-3.573,48.381],[-3.568,48.377],[-3.566,48.38],[-3.554,48.379],[-3.554,48.372],[-3.552,48.371],[-3.559,48.366],[-3.556,48.363],[-3.559,48.359],[-3.556,48.356],[-3.559,48.356],[-3.563,48.348],[-3.555,48.345],[-3.557,48.336],[-3.549,48.321],[-3.551,48.315],[-3.541,48.312],[-3.525,48.323],[-3.519,48.319],[-3.528,48.317],[-3.541,48.299],[-3.552,48.299],[-3.555,48.294],[-3.545,48.292],[-3.538,48.287],[-3.526,48.286],[-3.525,48.281],[-3.519,48.281],[-3.52,48.274],[-3.526,48.275],[-3.527,48.272],[-3.524,48.266],[-3.527,48.262],[-3.524,48.257],[-3.527,48.253],[-3.536,48.256],[-3.541,48.253],[-3.542,48.244],[-3.556,48.242],[-3.553,48.234],[-3.558,48.229],[-3.555,48.228],[-3.553,48.221],[-3.544,48.213],[-3.54,48.207],[-3.521,48.202],[-3.519,48.189],[-3.544,48.194],[-3.567,48.19],[-3.565,48.186],[-3.626,48.17],[-3.652,48.157],[-3.672,48.152],[-3.693,48.152],[-3.698,48.145],[-3.716,48.142],[-3.713,48.137],[-3.708,48.136],[-3.722,48.129],[-3.724,48.124],[-3.718,48.12],[-3.734,48.113],[-3.729,48.104],[-3.733,48.097],[-3.725,48.095],[-3.714,48.099],[-3.703,48.098],[-3.695,48.093],[-3.704,48.087],[-3.699,48.069],[-3.708,48.069],[-3.709,48.067],[-3.699,48.062],[-3.692,48.063],[-3.687,48.059],[-3.674,48.058],[-3.676,48.047],[-3.67,48.043],[-3.671,48.037],[-3.664,48.037],[-3.663,48.019],[-3.648,48.007],[-3.64,47.985],[-3.633,47.984],[-3.631,47.987],[-3.62,47.982],[-3.608,47.989],[-3.597,47.99],[-3.59,47.989],[-3.584,47.985],[-3.577,47.991],[-3.561,47.991],[-3.559,47.994],[-3.546,47.987],[-3.531,47.989],[-3.529,47.983],[-3.52,47.976],[-3.492,47.975],[-3.485,47.967],[-3.485,47.96],[-3.482,47.957],[-3.481,47.952],[-3.468,47.946],[-3.462,47.949],[-3.461,47.96],[-3.456,47.957],[-3.445,47.959],[-3.433,47.965],[-3.421,47.968],[-3.415,47.975],[-3.408,47.967],[-3.403,47.967],[-3.403,47.96],[-3.393,47.958],[-3.393,47.952],[-3.402,47.943],[-3.398,47.935],[-3.39,47.931],[-3.387,47.925],[-3.393,47.918],[-3.409,47.916],[-3.409,47.91],[-3.403,47.908],[-3.406,47.906],[-3.419,47.906],[-3.405,47.902],[-3.404,47.899],[-3.408,47.896],[-3.402,47.887],[-3.401,47.873],[-3.404,47.866],[-3.399,47.864],[-3.408,47.863],[-3.412,47.868],[-3.425,47.869],[-3.44,47.863],[-3.448,47.863],[-3.452,47.858],[-3.449,47.846],[-3.454,47.844],[-3.458,47.837],[-3.475,47.835],[-3.487,47.824],[-3.512,47.832],[-3.516,47.839],[-3.522,47.84],[-3.519,47.848],[-3.523,47.849],[-3.532,47.857],[-3.542,47.857],[-3.54,47.858],[-3.542,47.863],[-3.544,47.858],[-3.531,47.851],[-3.528,47.844],[-3.539,47.838],[-3.542,47.821],[-3.535,47.821],[-3.536,47.813],[-3.525,47.81],[-3.527,47.804],[-3.522,47.804],[-3.524,47.802],[-3.521,47.799],[-3.527,47.797],[-3.531,47.791],[-3.528,47.787],[-3.532,47.782],[-3.531,47.771],[-3.539,47.763],[-3.549,47.766],[-3.551,47.763],[-3.555,47.764],[-3.565,47.769],[-3.573,47.769],[-3.58,47.767],[-3.608,47.77],[-3.604,47.777],[-3.61,47.771],[-3.617,47.77],[-3.64,47.774],[-3.64,47.776],[-3.646,47.775],[-3.649,47.782],[-3.645,47.783],[-3.644,47.789],[-3.652,47.779],[-3.665,47.781],[-3.67,47.781],[-3.675,47.776],[-3.681,47.777],[-3.723,47.798],[-3.72,47.801],[-3.723,47.803],[-3.713,47.807],[-3.708,47.813],[-3.702,47.812],[-3.701,47.808],[-3.702,47.813],[-3.697,47.819],[-3.685,47.819],[-3.671,47.824],[-3.65,47.821],[-3.641,47.828],[-3.652,47.822],[-3.673,47.826],[-3.691,47.82],[-3.697,47.821],[-3.697,47.824],[-3.694,47.828],[-3.696,47.831],[-3.698,47.822],[-3.704,47.815],[-3.709,47.815],[-3.714,47.81],[-3.733,47.803],[-3.742,47.812],[-3.744,47.828],[-3.75,47.836],[-3.746,47.835],[-3.752,47.847],[-3.753,47.844],[-3.748,47.842],[-3.758,47.836],[-3.752,47.827],[-3.746,47.826],[-3.745,47.819],[-3.752,47.815],[-3.747,47.816],[-3.741,47.809],[-3.741,47.802],[-3.738,47.8],[-3.742,47.797],[-3.76,47.791],[-3.788,47.791],[-3.8,47.787],[-3.807,47.789],[-3.811,47.794],[-3.821,47.797],[-3.829,47.793],[-3.83,47.796],[-3.839,47.798],[-3.846,47.792],[-3.856,47.79],[-3.851,47.798],[-3.855,47.804],[-3.868,47.812],[-3.892,47.832],[-3.902,47.836],[-3.898,47.847],[-3.893,47.846],[-3.894,47.843],[-3.892,47.843],[-3.889,47.849],[-3.895,47.849],[-3.881,47.859],[-3.885,47.859],[-3.897,47.849],[-3.909,47.85],[-3.919,47.856],[-3.913,47.86],[-3.906,47.856],[-3.901,47.862],[-3.905,47.86],[-3.908,47.863],[-3.914,47.872],[-3.917,47.868],[-3.931,47.871],[-3.931,47.879],[-3.934,47.882],[-3.947,47.887],[-3.946,47.891],[-3.95,47.89],[-3.947,47.9],[-3.954,47.894],[-3.96,47.897],[-3.973,47.895],[-3.974,47.901],[-3.978,47.899],[-3.976,47.902],[-3.977,47.91],[-3.981,47.895],[-3.992,47.896],[-3.987,47.89],[-3.98,47.889],[-3.99,47.883],[-3.985,47.876],[-3.984,47.861],[-3.975,47.855],[-3.977,47.854],[-4.026,47.85],[-4.04,47.845],[-4.057,47.856],[-4.088,47.862],[-4.067,47.86],[-4.047,47.852],[-4.06,47.861],[-4.074,47.865],[-4.071,47.868],[-4.079,47.869],[-4.079,47.877],[-4.08,47.874],[-4.085,47.873],[-4.078,47.866],[-4.088,47.864],[-4.091,47.861],[-4.099,47.863],[-4.102,47.87],[-4.11,47.871],[-4.118,47.877],[-4.118,47.879],[-4.111,47.884],[-4.12,47.886],[-4.125,47.891],[-4.118,47.893],[-4.128,47.893],[-4.133,47.899],[-4.141,47.9],[-4.142,47.907],[-4.145,47.909],[-4.139,47.926],[-4.131,47.925],[-4.13,47.93],[-4.116,47.931],[-4.11,47.936],[-4.109,47.942],[-4.104,47.94],[-4.099,47.943],[-4.096,47.938],[-4.078,47.937],[-4.095,47.941],[-4.087,47.945],[-4.085,47.95],[-4.08,47.949],[-4.084,47.952],[-4.095,47.943],[-4.109,47.943],[-4.109,47.95],[-4.097,47.953],[-4.095,47.967],[-4.102,47.974],[-4.116,47.977],[-4.117,47.984],[-4.117,47.975],[-4.101,47.971],[-4.109,47.964],[-4.114,47.966],[-4.112,47.956],[-4.122,47.953],[-4.113,47.952],[-4.111,47.936],[-4.117,47.932],[-4.131,47.932],[-4.133,47.926],[-4.141,47.926],[-4.142,47.92],[-4.151,47.911],[-4.148,47.91],[-4.146,47.897],[-4.166,47.896],[-4.173,47.901],[-4.174,47.907],[-4.176,47.907],[-4.171,47.895],[-4.151,47.894],[-4.151,47.891],[-4.148,47.889],[-4.149,47.893],[-4.14,47.896],[-4.13,47.89],[-4.121,47.882],[-4.125,47.878],[-4.114,47.872],[-4.113,47.862],[-4.123,47.865],[-4.141,47.859],[-4.164,47.849],[-4.17,47.839],[-4.169,47.849],[-4.165,47.852],[-4.167,47.859],[-4.171,47.862],[-4.17,47.866],[-4.174,47.871],[-4.172,47.874],[-4.179,47.879],[-4.183,47.88],[-4.185,47.875],[-4.196,47.876],[-4.191,47.869],[-4.198,47.859],[-4.207,47.866],[-4.216,47.866],[-4.208,47.865],[-4.207,47.862],[-4.189,47.851],[-4.187,47.849],[-4.191,47.847],[-4.179,47.839],[-4.183,47.836],[-4.175,47.834],[-4.179,47.837],[-4.175,47.838],[-4.176,47.836],[-4.172,47.834],[-4.168,47.836],[-4.159,47.832],[-4.167,47.819],[-4.165,47.814],[-4.175,47.812],[-4.174,47.807],[-4.176,47.805],[-4.195,47.797],[-4.21,47.801],[-4.217,47.812],[-4.21,47.796],[-4.214,47.797],[-4.219,47.792],[-4.277,47.791],[-4.279,47.793],[-4.271,47.798],[-4.272,47.801],[-4.286,47.792],[-4.296,47.793],[-4.293,47.795],[-4.296,47.799],[-4.307,47.801],[-4.326,47.798],[-4.343,47.8],[-4.368,47.796],[-4.374,47.798],[-4.375,47.803],[-4.371,47.808],[-4.375,47.816],[-4.382,47.816],[-4.381,47.82],[-4.374,47.825],[-4.368,47.825],[-4.367,47.828],[-4.359,47.826],[-4.352,47.829],[-4.348,47.835],[-4.354,47.837],[-4.347,47.838],[-4.346,47.84],[-4.362,47.89],[-4.388,47.927],[-4.408,47.943],[-4.423,47.962],[-4.444,47.974],[-4.451,47.981],[-4.476,47.986],[-4.483,47.994],[-4.501,48.002],[-4.524,48.006],[-4.537,48.012],[-4.532,48.021],[-4.535,48.024],[-4.531,48.028],[-4.534,48.032],[-4.531,48.035],[-4.488,48.038],[-4.497,48.04],[-4.506,48.038],[-4.51,48.039],[-4.51,48.042],[-4.512,48.039],[-4.521,48.038],[-4.519,48.041],[-4.522,48.042],[-4.525,48.038],[-4.533,48.035],[-4.54,48.038],[-4.534,48.034],[-4.534,48.028],[-4.537,48.027],[-4.535,48.025],[-4.538,48.023],[-4.535,48.017],[-4.542,48.011],[-4.556,48.01],[-4.556,48.005],[-4.565,48],[-4.592,48.007],[-4.591,48.01],[-4.597,48.015],[-4.623,48.018],[-4.633,48.029],[-4.65,48.022],[-4.664,48.027],[-4.689,48.026],[-4.696,48.029],[-4.697,48.026],[-4.71,48.033],[-4.726,48.033],[-4.741,48.041],[-4.713,48.042],[-4.708,48.044],[-4.706,48.049],[-4.714,48.053],[-4.712,48.055],[-4.716,48.063],[-4.714,48.064],[-4.694,48.06],[-4.688,48.064],[-4.687,48.061],[-4.672,48.06],[-4.67,48.069],[-4.665,48.073],[-4.656,48.068],[-4.651,48.07],[-4.644,48.067],[-4.632,48.067],[-4.63,48.072],[-4.622,48.069],[-4.605,48.076],[-4.591,48.074],[-4.592,48.076],[-4.581,48.082],[-4.567,48.082],[-4.552,48.076],[-4.542,48.081],[-4.54,48.088],[-4.536,48.09],[-4.526,48.086],[-4.521,48.086],[-4.522,48.091],[-4.503,48.088],[-4.5,48.091],[-4.489,48.086],[-4.477,48.093],[-4.477,48.095],[-4.466,48.096],[-4.466,48.099],[-4.457,48.097],[-4.433,48.097],[-4.423,48.1],[-4.424,48.103],[-4.416,48.107],[-4.394,48.104],[-4.372,48.11],[-4.362,48.109],[-4.352,48.102],[-4.341,48.101],[-4.333,48.089],[-4.333,48.085],[-4.332,48.089],[-4.335,48.097],[-4.33,48.097],[-4.328,48.1],[-4.323,48.098],[-4.323,48.093],[-4.304,48.089],[-4.296,48.092],[-4.299,48.094],[-4.294,48.1],[-4.287,48.103],[-4.281,48.119],[-4.284,48.12],[-4.285,48.126],[-4.275,48.134],[-4.27,48.131],[-4.269,48.133],[-4.272,48.148],[-4.275,48.15],[-4.273,48.154],[-4.295,48.158],[-4.295,48.164],[-4.299,48.168],[-4.293,48.168],[-4.291,48.176],[-4.303,48.195],[-4.312,48.197],[-4.316,48.204],[-4.328,48.202],[-4.334,48.207],[-4.369,48.205],[-4.374,48.207],[-4.369,48.209],[-4.378,48.219],[-4.39,48.218],[-4.393,48.22],[-4.413,48.222],[-4.414,48.226],[-4.426,48.229],[-4.434,48.228],[-4.436,48.224],[-4.439,48.224],[-4.432,48.23],[-4.448,48.236],[-4.461,48.235],[-4.464,48.239],[-4.478,48.236],[-4.489,48.236],[-4.502,48.23],[-4.504,48.225],[-4.497,48.224],[-4.495,48.219],[-4.511,48.211],[-4.515,48.206],[-4.514,48.202],[-4.521,48.196],[-4.518,48.192],[-4.54,48.181],[-4.54,48.17],[-4.554,48.168],[-4.558,48.17],[-4.56,48.177],[-4.551,48.182],[-4.554,48.186],[-4.551,48.189],[-4.554,48.191],[-4.55,48.194],[-4.552,48.208],[-4.56,48.22],[-4.558,48.225],[-4.561,48.23],[-4.572,48.231],[-4.57,48.235],[-4.545,48.24],[-4.543,48.249],[-4.549,48.255],[-4.558,48.259],[-4.582,48.251],[-4.589,48.253],[-4.597,48.252],[-4.596,48.255],[-4.602,48.26],[-4.613,48.262],[-4.618,48.261],[-4.623,48.253],[-4.625,48.259],[-4.615,48.272],[-4.619,48.278],[-4.629,48.281],[-4.611,48.28],[-4.607,48.286],[-4.602,48.287],[-4.6,48.282],[-4.591,48.28],[-4.597,48.281],[-4.596,48.277],[-4.588,48.275],[-4.579,48.277],[-4.575,48.282],[-4.57,48.282],[-4.566,48.287],[-4.569,48.297],[-4.573,48.299],[-4.57,48.304],[-4.574,48.306],[-4.576,48.317],[-4.583,48.319],[-4.579,48.32],[-4.579,48.325],[-4.572,48.326],[-4.571,48.33],[-4.563,48.332],[-4.555,48.338],[-4.532,48.342],[-4.545,48.325],[-4.544,48.319],[-4.548,48.31],[-4.552,48.306],[-4.56,48.306],[-4.556,48.304],[-4.553,48.294],[-4.544,48.29],[-4.537,48.292],[-4.542,48.29],[-4.536,48.284],[-4.522,48.291],[-4.526,48.295],[-4.518,48.298],[-4.508,48.311],[-4.499,48.311],[-4.501,48.306],[-4.518,48.295],[-4.503,48.281],[-4.467,48.288],[-4.461,48.294],[-4.446,48.291],[-4.419,48.293],[-4.421,48.286],[-4.41,48.276],[-4.385,48.275],[-4.366,48.278],[-4.352,48.286],[-4.338,48.286],[-4.307,48.298],[-4.272,48.296],[-4.265,48.293],[-4.266,48.285],[-4.269,48.284],[-4.274,48.289],[-4.283,48.289],[-4.289,48.281],[-4.285,48.279],[-4.285,48.276],[-4.289,48.274],[-4.281,48.275],[-4.256,48.264],[-4.269,48.259],[-4.266,48.257],[-4.255,48.259],[-4.254,48.256],[-4.245,48.254],[-4.244,48.25],[-4.232,48.25],[-4.218,48.258],[-4.214,48.252],[-4.215,48.248],[-4.209,48.242],[-4.211,48.247],[-4.204,48.245],[-4.184,48.246],[-4.181,48.246],[-4.181,48.242],[-4.18,48.246],[-4.161,48.245],[-4.135,48.236],[-4.114,48.245],[-4.111,48.241],[-4.117,48.233],[-4.117,48.218],[-4.112,48.238],[-4.107,48.242],[-4.109,48.246],[-4.103,48.253],[-4.097,48.255],[-4.106,48.253],[-4.109,48.248],[-4.114,48.25],[-4.135,48.241],[-4.153,48.248],[-4.2,48.251],[-4.204,48.249],[-4.208,48.251],[-4.211,48.258],[-4.217,48.261],[-4.238,48.254],[-4.248,48.265],[-4.28,48.279],[-4.277,48.281],[-4.259,48.28],[-4.234,48.292],[-4.228,48.291],[-4.226,48.288],[-4.212,48.289],[-4.203,48.294],[-4.196,48.292],[-4.187,48.295],[-4.188,48.297],[-4.222,48.296],[-4.239,48.3],[-4.236,48.301],[-4.241,48.308],[-4.227,48.314],[-4.245,48.309],[-4.249,48.302],[-4.247,48.299],[-4.259,48.306],[-4.256,48.31],[-4.272,48.309],[-4.282,48.312],[-4.276,48.317],[-4.266,48.318],[-4.266,48.321],[-4.25,48.324],[-4.249,48.327],[-4.268,48.323],[-4.271,48.319],[-4.282,48.319],[-4.293,48.311],[-4.309,48.317],[-4.309,48.314],[-4.324,48.315],[-4.333,48.313],[-4.336,48.316],[-4.326,48.32],[-4.324,48.323],[-4.318,48.323],[-4.317,48.325],[-4.323,48.327],[-4.318,48.329],[-4.309,48.327],[-4.303,48.331],[-4.306,48.333],[-4.317,48.332],[-4.315,48.336],[-4.298,48.338],[-4.278,48.345],[-4.288,48.349],[-4.292,48.348],[-4.293,48.35],[-4.271,48.353],[-4.265,48.358],[-4.283,48.355],[-4.285,48.356],[-4.292,48.353],[-4.302,48.356],[-4.305,48.354],[-4.306,48.35],[-4.3,48.345],[-4.319,48.343],[-4.33,48.339],[-4.331,48.346],[-4.326,48.35],[-4.326,48.353],[-4.318,48.362],[-4.346,48.342],[-4.355,48.343],[-4.347,48.355],[-4.366,48.345],[-4.37,48.338],[-4.367,48.336],[-4.372,48.328],[-4.378,48.326],[-4.415,48.324],[-4.404,48.337],[-4.392,48.341],[-4.397,48.342],[-4.441,48.327],[-4.457,48.327],[-4.449,48.33],[-4.45,48.336],[-4.44,48.341],[-4.438,48.343],[-4.444,48.345],[-4.442,48.346],[-4.445,48.35],[-4.436,48.356],[-4.437,48.36],[-4.416,48.37],[-4.408,48.381],[-4.368,48.395],[-4.359,48.402],[-4.342,48.403],[-4.31,48.417],[-4.279,48.436],[-4.27,48.445],[-4.279,48.441],[-4.281,48.437],[-4.294,48.434],[-4.302,48.426],[-4.309,48.425],[-4.314,48.42],[-4.339,48.415],[-4.347,48.407],[-4.361,48.41],[-4.369,48.406],[-4.369,48.401],[-4.383,48.396],[-4.392,48.398],[-4.402,48.39],[-4.431,48.397],[-4.434,48.396],[-4.433,48.39],[-4.437,48.383],[-4.45,48.385],[-4.453,48.382],[-4.451,48.385],[-4.456,48.382],[-4.455,48.387],[-4.459,48.385],[-4.462,48.386],[-4.467,48.381],[-4.474,48.383],[-4.475,48.38],[-4.477,48.383],[-4.483,48.381],[-4.484,48.383],[-4.497,48.376],[-4.501,48.378],[-4.507,48.375],[-4.523,48.365],[-4.53,48.363],[-4.533,48.358],[-4.552,48.362],[-4.558,48.355],[-4.565,48.356],[-4.572,48.349],[-4.585,48.348],[-4.609,48.338],[-4.628,48.338],[-4.641,48.346],[-4.65,48.345],[-4.664,48.352],[-4.681,48.356],[-4.7,48.35],[-4.703,48.346],[-4.698,48.339],[-4.711,48.331],[-4.73,48.33],[-4.737,48.333],[-4.762,48.328],[-4.774,48.33],[-4.772,48.335],[-4.775,48.338],[-4.77,48.348],[-4.781,48.354],[-4.778,48.357],[-4.781,48.359],[-4.768,48.362],[-4.751,48.36],[-4.756,48.362],[-4.746,48.366],[-4.786,48.361],[-4.786,48.367],[-4.769,48.365],[-4.761,48.373],[-4.761,48.378],[-4.765,48.38],[-4.763,48.383],[-4.771,48.384],[-4.776,48.39],[-4.774,48.405],[-4.785,48.405],[-4.787,48.41],[-4.795,48.415],[-4.784,48.43],[-4.784,48.437],[-4.776,48.444],[-4.778,48.446],[-4.782,48.444],[-4.783,48.446],[-4.772,48.455],[-4.765,48.467],[-4.757,48.468],[-4.759,48.464],[-4.756,48.464],[-4.75,48.471],[-4.737,48.471],[-4.72,48.476],[-4.75,48.474],[-4.759,48.47],[-4.771,48.479],[-4.767,48.48],[-4.776,48.489],[-4.774,48.493],[-4.78,48.497],[-4.776,48.5],[-4.778,48.505],[-4.766,48.511],[-4.77,48.516],[-4.776,48.515],[-4.777,48.516],[-4.772,48.519],[-4.767,48.516],[-4.764,48.52],[-4.77,48.521],[-4.767,48.522],[-4.758,48.521],[-4.764,48.531],[-4.758,48.53],[-4.758,48.534],[-4.748,48.528],[-4.753,48.544],[-4.739,48.548],[-4.731,48.556],[-4.723,48.559],[-4.715,48.559],[-4.717,48.556],[-4.708,48.555],[-4.704,48.551],[-4.704,48.554],[-4.699,48.556],[-4.705,48.557],[-4.701,48.565],[-4.704,48.57],[-4.693,48.569],[-4.688,48.572],[-4.684,48.572],[-4.685,48.568],[-4.68,48.567],[-4.673,48.57],[-4.67,48.574],[-4.658,48.571],[-4.646,48.572],[-4.628,48.579],[-4.625,48.575],[-4.616,48.576],[-4.612,48.573],[-4.597,48.572],[-4.595,48.563],[-4.591,48.56],[-4.594,48.557],[-4.591,48.555],[-4.581,48.556],[-4.585,48.56],[-4.557,48.56],[-4.541,48.556],[-4.532,48.55],[-4.529,48.551],[-4.531,48.553],[-4.526,48.555],[-4.505,48.546],[-4.509,48.552],[-4.514,48.551],[-4.526,48.556],[-4.526,48.558],[-4.533,48.556],[-4.54,48.56],[-4.548,48.558],[-4.552,48.563],[-4.56,48.561],[-4.586,48.562],[-4.593,48.574],[-4.608,48.575],[-4.612,48.578],[-4.603,48.584],[-4.603,48.587],[-4.609,48.589],[-4.605,48.591],[-4.607,48.598],[-4.604,48.603],[-4.598,48.608],[-4.586,48.602],[-4.594,48.598],[-4.595,48.593],[-4.561,48.598],[-4.558,48.595],[-4.544,48.598],[-4.527,48.594],[-4.523,48.592],[-4.521,48.585],[-4.502,48.587],[-4.491,48.575],[-4.48,48.572],[-4.498,48.584],[-4.499,48.59],[-4.519,48.589],[-4.521,48.593],[-4.528,48.596],[-4.55,48.602],[-4.551,48.604],[-4.56,48.604],[-4.554,48.611],[-4.568,48.609],[-4.564,48.615],[-4.57,48.616],[-4.569,48.62],[-4.562,48.621],[-4.566,48.625],[-4.542,48.624],[-4.549,48.633],[-4.542,48.637],[-4.54,48.631],[-4.53,48.629],[-4.526,48.629],[-4.522,48.634],[-4.514,48.634],[-4.511,48.629],[-4.506,48.63],[-4.513,48.629],[-4.51,48.623],[-4.501,48.621],[-4.494,48.625],[-4.48,48.623],[-4.465,48.626],[-4.441,48.641],[-4.44,48.638],[-4.434,48.635],[-4.431,48.637],[-4.433,48.642],[-4.42,48.638],[-4.399,48.636],[-4.398,48.638],[-4.405,48.641],[-4.416,48.641],[-4.425,48.647],[-4.433,48.648],[-4.437,48.655],[-4.431,48.656],[-4.427,48.652],[-4.398,48.656],[-4.388,48.661],[-4.379,48.66],[-4.381,48.663],[-4.375,48.665],[-4.373,48.669],[-4.365,48.669],[-4.345,48.677],[-4.33,48.677],[-4.326,48.674],[-4.33,48.669],[-4.324,48.666],[-4.32,48.667],[-4.318,48.672],[-4.312,48.673],[-4.311,48.668],[-4.296,48.664],[-4.294,48.662],[-4.3,48.658],[-4.3,48.653],[-4.308,48.647],[-4.318,48.646],[-4.308,48.644],[-4.316,48.64],[-4.316,48.638],[-4.297,48.633],[-4.294,48.637],[-4.301,48.64],[-4.281,48.643],[-4.274,48.65],[-4.238,48.651],[-4.224,48.656],[-4.235,48.651],[-4.221,48.648],[-4.196,48.652],[-4.199,48.656],[-4.22,48.656],[-4.222,48.659],[-4.216,48.661],[-4.212,48.669],[-4.206,48.671],[-4.186,48.686],[-4.181,48.684],[-4.171,48.686],[-4.17,48.689],[-4.138,48.693],[-4.129,48.697],[-4.127,48.694],[-4.095,48.694],[-4.095,48.689],[-4.092,48.692],[-4.081,48.693],[-4.081,48.69],[-4.068,48.683],[-4.069,48.68],[-4.058,48.675],[-4.056,48.671],[-4.057,48.676],[-4.066,48.683],[-4.062,48.688],[-4.055,48.685],[-4.048,48.688],[-4.057,48.688],[-4.057,48.701],[-4.049,48.705],[-4.044,48.703],[-4.04,48.704],[-4.034,48.714],[-4.026,48.711],[-4.016,48.712],[-4.007,48.726],[-4.003,48.723],[-4.007,48.72],[-4.002,48.717],[-4.005,48.715],[-4.001,48.712],[-3.993,48.715],[-3.991,48.718],[-3.993,48.723],[-3.989,48.727],[-3.986,48.728],[-3.977,48.722],[-3.971,48.727],[-3.965,48.722],[-3.969,48.718],[-3.971,48.711],[-3.974,48.71],[-3.972,48.706],[-3.976,48.699],[-3.965,48.692],[-3.97,48.686],[-3.968,48.68],[-3.971,48.674],[-3.965,48.676],[-3.95,48.673],[-3.955,48.669],[-3.951,48.661],[-3.957,48.651],[-3.956,48.646],[-3.95,48.64],[-3.955,48.627],[-3.953,48.621],[-3.957,48.617],[-3.949,48.618],[-3.941,48.608],[-3.941,48.603],[-3.935,48.599],[-3.943,48.611],[-3.939,48.615],[-3.944,48.616],[-3.951,48.623],[-3.948,48.641],[-3.951,48.65],[-3.94,48.658],[-3.93,48.658],[-3.922,48.676],[-3.913,48.673],[-3.911,48.67],[-3.891,48.671],[-3.891,48.667],[-3.904,48.664],[-3.906,48.661],[-3.898,48.646],[-3.861,48.633],[-3.857,48.621],[-3.862,48.613],[-3.858,48.609],[-3.868,48.604],[-3.862,48.607],[-3.852,48.607],[-3.859,48.614],[-3.846,48.627],[-3.828,48.627],[-3.824,48.63],[-3.817,48.629],[-3.824,48.631],[-3.828,48.628],[-3.845,48.629],[-3.857,48.648],[-3.857,48.661],[-3.864,48.67],[-3.856,48.674],[-3.853,48.662],[-3.846,48.66],[-3.848,48.67],[-3.846,48.671],[-3.847,48.675],[-3.852,48.677],[-3.849,48.679],[-3.85,48.683],[-3.855,48.684],[-3.854,48.689],[-3.846,48.697],[-3.84,48.697],[-3.842,48.706],[-3.837,48.706],[-3.835,48.708],[-3.836,48.71],[-3.831,48.712],[-3.827,48.708],[-3.827,48.704],[-3.821,48.701],[-3.821,48.708],[-3.817,48.712],[-3.82,48.713],[-3.821,48.718],[-3.81,48.712],[-3.798,48.712],[-3.796,48.706],[-3.787,48.701],[-3.777,48.702],[-3.766,48.709],[-3.743,48.707],[-3.734,48.709],[-3.73,48.706],[-3.717,48.705],[-3.718,48.7],[-3.701,48.69],[-3.688,48.692],[-3.68,48.687],[-3.656,48.697],[-3.653,48.694],[-3.643,48.696],[-3.645,48.691],[-3.652,48.688],[-3.655,48.682],[-3.639,48.673],[-3.655,48.665],[-3.659,48.659]]],[[[-5.103,48.436],[-5.111,48.436],[-5.117,48.439],[-5.109,48.44],[-5.111,48.442],[-5.109,48.443],[-5.098,48.445],[-5.092,48.45],[-5.099,48.456],[-5.134,48.448],[-5.136,48.45],[-5.14,48.448],[-5.14,48.452],[-5.133,48.456],[-5.131,48.46],[-5.107,48.466],[-5.109,48.468],[-5.107,48.472],[-5.095,48.473],[-5.091,48.476],[-5.09,48.473],[-5.077,48.474],[-5.071,48.479],[-5.076,48.481],[-5.073,48.483],[-5.066,48.482],[-5.06,48.476],[-5.05,48.476],[-5.059,48.467],[-5.051,48.466],[-5.047,48.463],[-5.04,48.465],[-5.034,48.463],[-5.038,48.458],[-5.049,48.459],[-5.063,48.449],[-5.07,48.452],[-5.076,48.449],[-5.08,48.451],[-5.087,48.446],[-5.089,48.44],[-5.095,48.441],[-5.103,48.436]]],[[[-5.096,48.478],[-5.104,48.481],[-5.094,48.482],[-5.09,48.48],[-5.096,48.478]]],[[[-4.775,48.527],[-4.777,48.53],[-4.773,48.531],[-4.772,48.527],[-4.775,48.527]]]]}},{"type":"Feature","properties":{"code":"2A","nom":"Corse-du-Sud"},"geometry":{"type":"MultiPolygon","coordinates":[[[[8.586,41.874],[8.598,41.882],[8.594,41.874],[8.586,41.874]]],[[[9.374,41.559],[9.371,41.563],[9.374,41.562],[9.374,41.559]]],[[[8.542,42.37],[8.542,42.366],[8.535,42.371],[8.538,42.373],[8.542,42.37]]],[[[9.261,41.339],[9.259,41.334],[9.258,41.337],[9.249,41.341],[9.259,41.347],[9.256,41.341],[9.261,41.339]]],[[[9.359,41.548],[9.362,41.554],[9.365,41.553],[9.359,41.548]]],[[[9.271,41.365],[9.267,41.366],[9.267,41.362],[9.25,41.369],[9.258,41.374],[9.262,41.371],[9.268,41.373],[9.266,41.369],[9.275,41.369],[9.271,41.365]]],[[[9.226,41.371],[9.228,41.374],[9.23,41.372],[9.226,41.371]]],[[[9.392,41.668],[9.39,41.67],[9.394,41.673],[9.397,41.67],[9.392,41.668]]],[[[8.573,42.381],[8.587,42.379],[8.595,42.37],[8.602,42.369],[8.618,42.375],[8.624,42.371],[8.641,42.374],[8.65,42.362],[8.664,42.358],[8.683,42.359],[8.683,42.348],[8.715,42.349],[8.73,42.34],[8.759,42.338],[8.762,42.332],[8.771,42.325],[8.789,42.326],[8.793,42.323],[8.819,42.319],[8.82,42.316],[8.853,42.33],[8.861,42.33],[8.86,42.325],[8.862,42.32],[8.859,42.315],[8.861,42.313],[8.859,42.3],[8.877,42.293],[8.879,42.289],[8.886,42.284],[8.882,42.271],[8.905,42.254],[8.923,42.258],[8.927,42.252],[8.933,42.25],[8.94,42.237],[8.948,42.234],[8.974,42.232],[8.98,42.224],[8.984,42.225],[8.995,42.214],[9.003,42.214],[9.006,42.209],[9.014,42.208],[9.022,42.203],[9.046,42.207],[9.051,42.188],[9.048,42.182],[9.048,42.175],[9.051,42.17],[9.066,42.167],[9.066,42.158],[9.072,42.155],[9.07,42.15],[9.077,42.137],[9.072,42.13],[9.084,42.125],[9.094,42.115],[9.108,42.115],[9.125,42.105],[9.125,42.099],[9.135,42.087],[9.133,42.076],[9.128,42.066],[9.133,42.059],[9.131,42.054],[9.142,42.048],[9.145,42.042],[9.152,42.04],[9.153,42.036],[9.162,42.025],[9.189,42.031],[9.195,42.028],[9.209,42.03],[9.221,42.028],[9.215,41.994],[9.22,41.99],[9.22,41.976],[9.227,41.972],[9.223,41.967],[9.225,41.96],[9.223,41.95],[9.215,41.942],[9.221,41.936],[9.23,41.932],[9.222,41.922],[9.213,41.917],[9.218,41.913],[9.233,41.916],[9.243,41.91],[9.248,41.91],[9.252,41.899],[9.235,41.879],[9.237,41.874],[9.228,41.856],[9.232,41.85],[9.237,41.847],[9.245,41.85],[9.249,41.846],[9.261,41.845],[9.268,41.84],[9.288,41.845],[9.291,41.843],[9.301,41.845],[9.308,41.842],[9.309,41.832],[9.317,41.832],[9.33,41.837],[9.339,41.847],[9.344,41.844],[9.352,41.85],[9.354,41.855],[9.37,41.861],[9.369,41.863],[9.376,41.868],[9.378,41.865],[9.386,41.868],[9.395,41.861],[9.402,41.859],[9.4,41.849],[9.404,41.842],[9.406,41.818],[9.4,41.811],[9.398,41.801],[9.394,41.798],[9.396,41.791],[9.4,41.789],[9.396,41.784],[9.399,41.782],[9.396,41.774],[9.4,41.772],[9.404,41.774],[9.408,41.766],[9.405,41.76],[9.406,41.751],[9.403,41.749],[9.406,41.748],[9.407,41.743],[9.402,41.73],[9.406,41.722],[9.401,41.718],[9.406,41.714],[9.403,41.712],[9.404,41.709],[9.402,41.707],[9.4,41.693],[9.383,41.689],[9.372,41.679],[9.376,41.671],[9.388,41.67],[9.381,41.664],[9.382,41.661],[9.387,41.66],[9.387,41.656],[9.381,41.651],[9.385,41.646],[9.377,41.648],[9.37,41.637],[9.364,41.636],[9.358,41.641],[9.349,41.638],[9.346,41.63],[9.353,41.627],[9.355,41.617],[9.335,41.622],[9.32,41.615],[9.316,41.617],[9.326,41.618],[9.313,41.628],[9.308,41.628],[9.304,41.623],[9.306,41.615],[9.288,41.609],[9.285,41.603],[9.287,41.599],[9.281,41.597],[9.285,41.596],[9.283,41.59],[9.296,41.585],[9.305,41.59],[9.318,41.605],[9.334,41.603],[9.341,41.594],[9.369,41.597],[9.368,41.591],[9.361,41.591],[9.353,41.577],[9.348,41.575],[9.35,41.566],[9.343,41.559],[9.329,41.559],[9.317,41.551],[9.311,41.551],[9.308,41.549],[9.309,41.545],[9.303,41.546],[9.288,41.53],[9.274,41.531],[9.274,41.523],[9.28,41.523],[9.285,41.517],[9.278,41.507],[9.268,41.501],[9.276,41.496],[9.283,41.5],[9.286,41.499],[9.288,41.495],[9.284,41.489],[9.288,41.484],[9.286,41.484],[9.284,41.478],[9.279,41.477],[9.276,41.471],[9.27,41.473],[9.267,41.471],[9.267,41.468],[9.278,41.464],[9.271,41.462],[9.266,41.466],[9.259,41.461],[9.259,41.456],[9.253,41.455],[9.244,41.447],[9.224,41.442],[9.223,41.435],[9.229,41.426],[9.225,41.423],[9.224,41.415],[9.215,41.414],[9.219,41.412],[9.216,41.41],[9.22,41.405],[9.224,41.405],[9.245,41.422],[9.258,41.428],[9.265,41.428],[9.259,41.419],[9.26,41.414],[9.251,41.41],[9.246,41.401],[9.236,41.395],[9.231,41.383],[9.222,41.377],[9.22,41.367],[9.2,41.365],[9.198,41.368],[9.18,41.366],[9.174,41.379],[9.167,41.386],[9.149,41.385],[9.15,41.389],[9.159,41.389],[9.152,41.391],[9.143,41.388],[9.135,41.395],[9.127,41.394],[9.133,41.4],[9.105,41.395],[9.098,41.391],[9.094,41.394],[9.096,41.399],[9.091,41.399],[9.091,41.402],[9.097,41.411],[9.095,41.412],[9.109,41.42],[9.108,41.422],[9.105,41.422],[9.104,41.426],[9.107,41.429],[9.118,41.434],[9.12,41.436],[9.119,41.441],[9.122,41.441],[9.108,41.441],[9.109,41.445],[9.107,41.446],[9.106,41.443],[9.099,41.443],[9.094,41.45],[9.083,41.442],[9.07,41.445],[9.066,41.451],[9.069,41.461],[9.067,41.466],[9.071,41.466],[9.071,41.47],[9.077,41.472],[9.08,41.477],[9.069,41.475],[9.052,41.459],[9.048,41.461],[9.039,41.457],[9.041,41.465],[9.037,41.47],[9.029,41.468],[9.026,41.462],[9.023,41.463],[9.025,41.466],[9.018,41.468],[9.015,41.472],[9.018,41.478],[9.015,41.479],[9.009,41.474],[9.003,41.475],[8.998,41.479],[8.996,41.485],[8.993,41.485],[8.984,41.474],[8.981,41.476],[8.982,41.478],[8.975,41.481],[8.977,41.483],[8.973,41.485],[8.966,41.483],[8.966,41.489],[8.96,41.492],[8.941,41.489],[8.937,41.492],[8.937,41.495],[8.933,41.496],[8.927,41.49],[8.92,41.489],[8.921,41.498],[8.915,41.507],[8.9,41.509],[8.883,41.505],[8.882,41.508],[8.89,41.516],[8.878,41.524],[8.874,41.525],[8.866,41.52],[8.86,41.521],[8.856,41.518],[8.841,41.52],[8.843,41.526],[8.856,41.534],[8.851,41.539],[8.853,41.547],[8.847,41.541],[8.843,41.543],[8.843,41.547],[8.822,41.544],[8.813,41.549],[8.815,41.552],[8.808,41.556],[8.789,41.557],[8.788,41.562],[8.782,41.566],[8.788,41.564],[8.803,41.573],[8.803,41.576],[8.798,41.575],[8.792,41.579],[8.792,41.587],[8.783,41.585],[8.782,41.59],[8.774,41.592],[8.787,41.597],[8.786,41.603],[8.792,41.607],[8.79,41.617],[8.786,41.618],[8.795,41.624],[8.791,41.628],[8.796,41.631],[8.794,41.633],[8.804,41.634],[8.803,41.641],[8.81,41.639],[8.812,41.631],[8.82,41.63],[8.83,41.638],[8.847,41.643],[8.851,41.648],[8.872,41.647],[8.877,41.652],[8.881,41.67],[8.89,41.672],[8.898,41.678],[8.909,41.677],[8.917,41.682],[8.916,41.687],[8.914,41.691],[8.886,41.69],[8.878,41.696],[8.875,41.694],[8.87,41.696],[8.843,41.697],[8.825,41.709],[8.813,41.714],[8.807,41.71],[8.795,41.71],[8.792,41.701],[8.783,41.699],[8.788,41.709],[8.778,41.709],[8.771,41.714],[8.785,41.732],[8.781,41.738],[8.775,41.741],[8.755,41.737],[8.737,41.729],[8.727,41.728],[8.717,41.723],[8.707,41.722],[8.703,41.726],[8.708,41.736],[8.705,41.739],[8.696,41.742],[8.682,41.74],[8.672,41.744],[8.659,41.74],[8.66,41.749],[8.673,41.753],[8.685,41.747],[8.703,41.758],[8.708,41.757],[8.728,41.774],[8.733,41.78],[8.728,41.781],[8.724,41.79],[8.718,41.791],[8.718,41.795],[8.711,41.795],[8.708,41.798],[8.711,41.801],[8.718,41.804],[8.721,41.798],[8.739,41.797],[8.741,41.805],[8.749,41.811],[8.755,41.812],[8.759,41.809],[8.771,41.811],[8.775,41.825],[8.785,41.831],[8.772,41.835],[8.764,41.844],[8.757,41.841],[8.751,41.842],[8.751,41.845],[8.76,41.848],[8.772,41.846],[8.788,41.85],[8.79,41.866],[8.781,41.874],[8.785,41.879],[8.779,41.884],[8.789,41.884],[8.803,41.89],[8.803,41.893],[8.796,41.909],[8.786,41.92],[8.773,41.927],[8.763,41.923],[8.752,41.933],[8.74,41.931],[8.741,41.916],[8.731,41.916],[8.73,41.913],[8.723,41.912],[8.719,41.908],[8.688,41.909],[8.676,41.904],[8.641,41.91],[8.607,41.895],[8.616,41.903],[8.609,41.91],[8.615,41.918],[8.616,41.924],[8.623,41.926],[8.619,41.93],[8.623,41.935],[8.621,41.94],[8.609,41.939],[8.606,41.943],[8.607,41.947],[8.605,41.947],[8.607,41.952],[8.597,41.953],[8.598,41.96],[8.591,41.962],[8.592,41.964],[8.611,41.968],[8.614,41.972],[8.631,41.968],[8.648,41.968],[8.669,41.982],[8.668,41.992],[8.665,41.994],[8.659,41.992],[8.654,41.999],[8.66,42.012],[8.672,42.02],[8.683,42.023],[8.685,42.026],[8.692,42.028],[8.7,42.026],[8.717,42.03],[8.725,42.035],[8.723,42.042],[8.741,42.041],[8.747,42.049],[8.743,42.054],[8.745,42.058],[8.738,42.065],[8.719,42.064],[8.72,42.069],[8.715,42.082],[8.705,42.088],[8.71,42.095],[8.706,42.103],[8.7,42.106],[8.7,42.112],[8.689,42.115],[8.68,42.105],[8.666,42.106],[8.659,42.101],[8.658,42.109],[8.647,42.121],[8.636,42.119],[8.634,42.124],[8.624,42.123],[8.612,42.135],[8.594,42.13],[8.58,42.129],[8.594,42.144],[8.585,42.152],[8.573,42.152],[8.559,42.146],[8.561,42.151],[8.572,42.157],[8.577,42.155],[8.584,42.162],[8.591,42.164],[8.593,42.168],[8.588,42.171],[8.571,42.169],[8.561,42.172],[8.566,42.178],[8.585,42.179],[8.586,42.182],[8.578,42.189],[8.58,42.19],[8.577,42.195],[8.581,42.196],[8.581,42.206],[8.578,42.208],[8.568,42.205],[8.57,42.213],[8.577,42.214],[8.567,42.22],[8.574,42.228],[8.562,42.232],[8.552,42.227],[8.54,42.237],[8.546,42.24],[8.557,42.236],[8.573,42.239],[8.58,42.245],[8.592,42.245],[8.609,42.253],[8.616,42.252],[8.617,42.255],[8.626,42.252],[8.639,42.253],[8.644,42.258],[8.666,42.259],[8.674,42.263],[8.687,42.263],[8.693,42.268],[8.689,42.271],[8.691,42.277],[8.687,42.282],[8.679,42.281],[8.674,42.284],[8.678,42.289],[8.673,42.291],[8.674,42.294],[8.667,42.295],[8.66,42.3],[8.66,42.302],[8.653,42.3],[8.648,42.303],[8.641,42.3],[8.637,42.304],[8.629,42.305],[8.631,42.311],[8.628,42.312],[8.607,42.307],[8.602,42.309],[8.604,42.312],[8.597,42.316],[8.598,42.319],[8.628,42.332],[8.626,42.335],[8.629,42.339],[8.618,42.341],[8.617,42.348],[8.615,42.35],[8.613,42.346],[8.6,42.353],[8.59,42.352],[8.582,42.348],[8.577,42.341],[8.568,42.338],[8.565,42.333],[8.554,42.333],[8.559,42.345],[8.554,42.343],[8.551,42.346],[8.556,42.353],[8.553,42.356],[8.558,42.36],[8.555,42.361],[8.555,42.365],[8.543,42.367],[8.546,42.371],[8.545,42.375],[8.55,42.379],[8.554,42.371],[8.569,42.369],[8.573,42.374],[8.578,42.375],[8.573,42.381]]]]}},{"type":"Feature","properties":{"code":"2B","nom":"Haute-Corse"},"geometry":{"type":"Polygon","coordinates":[[[9.402,41.859],[9.395,41.861],[9.386,41.868],[9.378,41.865],[9.376,41.868],[9.369,41.863],[9.37,41.861],[9.354,41.855],[9.352,41.85],[9.344,41.844],[9.339,41.847],[9.33,41.837],[9.317,41.832],[9.309,41.832],[9.308,41.842],[9.301,41.845],[9.291,41.843],[9.288,41.845],[9.268,41.84],[9.261,41.845],[9.249,41.846],[9.245,41.85],[9.237,41.847],[9.232,41.85],[9.228,41.856],[9.237,41.874],[9.235,41.879],[9.252,41.899],[9.248,41.91],[9.243,41.91],[9.233,41.916],[9.218,41.913],[9.213,41.917],[9.222,41.922],[9.23,41.932],[9.221,41.936],[9.215,41.942],[9.223,41.95],[9.225,41.96],[9.223,41.967],[9.227,41.972],[9.22,41.976],[9.22,41.99],[9.215,41.994],[9.221,42.028],[9.209,42.03],[9.195,42.028],[9.189,42.031],[9.162,42.025],[9.153,42.036],[9.152,42.04],[9.145,42.042],[9.142,42.048],[9.131,42.054],[9.133,42.059],[9.128,42.066],[9.133,42.076],[9.135,42.087],[9.125,42.099],[9.125,42.105],[9.108,42.115],[9.094,42.115],[9.084,42.125],[9.072,42.13],[9.077,42.137],[9.07,42.15],[9.072,42.155],[9.066,42.158],[9.066,42.167],[9.051,42.17],[9.048,42.175],[9.048,42.182],[9.051,42.188],[9.046,42.207],[9.022,42.203],[9.014,42.208],[9.006,42.209],[9.003,42.214],[8.995,42.214],[8.984,42.225],[8.98,42.224],[8.974,42.232],[8.948,42.234],[8.94,42.237],[8.933,42.25],[8.927,42.252],[8.923,42.258],[8.905,42.254],[8.882,42.271],[8.886,42.284],[8.879,42.289],[8.877,42.293],[8.859,42.3],[8.861,42.313],[8.859,42.315],[8.862,42.32],[8.86,42.325],[8.861,42.33],[8.853,42.33],[8.82,42.316],[8.819,42.319],[8.793,42.323],[8.789,42.326],[8.771,42.325],[8.762,42.332],[8.759,42.338],[8.73,42.34],[8.715,42.349],[8.683,42.348],[8.683,42.359],[8.664,42.358],[8.65,42.362],[8.641,42.374],[8.624,42.371],[8.618,42.375],[8.602,42.369],[8.595,42.37],[8.587,42.379],[8.573,42.381],[8.577,42.383],[8.584,42.382],[8.586,42.385],[8.595,42.382],[8.608,42.386],[8.608,42.394],[8.602,42.397],[8.606,42.402],[8.612,42.403],[8.602,42.409],[8.609,42.411],[8.605,42.414],[8.606,42.416],[8.621,42.417],[8.622,42.422],[8.641,42.418],[8.646,42.413],[8.657,42.417],[8.664,42.434],[8.654,42.437],[8.648,42.442],[8.668,42.445],[8.67,42.45],[8.665,42.454],[8.665,42.457],[8.675,42.466],[8.679,42.466],[8.68,42.47],[8.675,42.476],[8.651,42.474],[8.65,42.479],[8.664,42.49],[8.666,42.497],[8.664,42.504],[8.667,42.516],[8.674,42.519],[8.683,42.515],[8.695,42.521],[8.695,42.526],[8.699,42.527],[8.707,42.523],[8.72,42.525],[8.714,42.531],[8.717,42.534],[8.71,42.536],[8.719,42.54],[8.719,42.545],[8.723,42.545],[8.717,42.549],[8.723,42.557],[8.715,42.564],[8.718,42.571],[8.707,42.57],[8.713,42.574],[8.709,42.577],[8.725,42.584],[8.724,42.574],[8.729,42.574],[8.726,42.573],[8.727,42.562],[8.736,42.564],[8.74,42.569],[8.745,42.567],[8.756,42.571],[8.758,42.569],[8.762,42.57],[8.756,42.564],[8.76,42.559],[8.769,42.556],[8.781,42.557],[8.792,42.56],[8.805,42.571],[8.804,42.578],[8.798,42.583],[8.805,42.586],[8.803,42.588],[8.811,42.592],[8.81,42.597],[8.803,42.603],[8.828,42.606],[8.829,42.602],[8.832,42.601],[8.851,42.612],[8.854,42.608],[8.867,42.608],[8.875,42.613],[8.874,42.618],[8.883,42.625],[8.879,42.629],[8.911,42.629],[8.922,42.639],[8.934,42.639],[8.936,42.642],[8.931,42.645],[8.936,42.644],[8.938,42.642],[8.935,42.638],[8.939,42.635],[8.947,42.634],[8.963,42.634],[8.972,42.64],[8.985,42.641],[8.996,42.64],[9.003,42.644],[9.007,42.641],[9.015,42.641],[9.029,42.653],[9.035,42.655],[9.04,42.653],[9.059,42.66],[9.062,42.665],[9.055,42.669],[9.059,42.672],[9.055,42.674],[9.054,42.681],[9.06,42.683],[9.057,42.695],[9.07,42.692],[9.084,42.706],[9.082,42.709],[9.086,42.715],[9.1,42.716],[9.107,42.725],[9.11,42.723],[9.112,42.727],[9.118,42.725],[9.118,42.728],[9.125,42.732],[9.135,42.729],[9.143,42.734],[9.149,42.731],[9.163,42.737],[9.198,42.725],[9.221,42.736],[9.233,42.724],[9.233,42.72],[9.246,42.721],[9.258,42.718],[9.254,42.706],[9.26,42.7],[9.269,42.702],[9.269,42.696],[9.275,42.694],[9.277,42.689],[9.28,42.689],[9.279,42.684],[9.284,42.676],[9.293,42.674],[9.301,42.678],[9.3,42.683],[9.314,42.689],[9.323,42.697],[9.323,42.717],[9.335,42.723],[9.334,42.726],[9.34,42.729],[9.345,42.736],[9.346,42.743],[9.338,42.764],[9.342,42.77],[9.339,42.774],[9.343,42.789],[9.342,42.798],[9.332,42.811],[9.326,42.813],[9.32,42.825],[9.31,42.834],[9.315,42.837],[9.316,42.843],[9.329,42.853],[9.334,42.861],[9.333,42.864],[9.34,42.866],[9.329,42.874],[9.326,42.883],[9.328,42.89],[9.321,42.894],[9.322,42.9],[9.354,42.916],[9.357,42.923],[9.361,42.925],[9.35,42.929],[9.35,42.933],[9.357,42.94],[9.359,42.945],[9.347,42.953],[9.346,42.958],[9.35,42.961],[9.346,42.964],[9.351,42.968],[9.346,42.977],[9.342,42.98],[9.345,42.986],[9.341,42.988],[9.343,42.99],[9.34,42.993],[9.343,42.999],[9.358,43.007],[9.376,43.005],[9.383,43.01],[9.39,43.007],[9.401,43.009],[9.408,43.006],[9.42,43.012],[9.427,43.01],[9.431,43.003],[9.441,43.001],[9.445,42.996],[9.444,42.993],[9.464,42.986],[9.461,42.979],[9.454,42.973],[9.458,42.966],[9.453,42.966],[9.452,42.962],[9.456,42.951],[9.469,42.936],[9.465,42.932],[9.472,42.924],[9.47,42.922],[9.472,42.92],[9.472,42.91],[9.469,42.905],[9.474,42.9],[9.473,42.896],[9.476,42.889],[9.474,42.886],[9.478,42.88],[9.473,42.874],[9.481,42.867],[9.481,42.86],[9.486,42.851],[9.48,42.837],[9.486,42.833],[9.487,42.821],[9.493,42.806],[9.491,42.794],[9.467,42.761],[9.466,42.757],[9.469,42.753],[9.464,42.749],[9.462,42.741],[9.462,42.733],[9.456,42.721],[9.454,42.707],[9.456,42.704],[9.453,42.696],[9.45,42.696],[9.453,42.693],[9.446,42.686],[9.446,42.674],[9.45,42.66],[9.462,42.64],[9.519,42.579],[9.527,42.566],[9.533,42.548],[9.535,42.523],[9.53,42.504],[9.53,42.489],[9.541,42.46],[9.543,42.429],[9.537,42.409],[9.532,42.372],[9.538,42.344],[9.56,42.282],[9.553,42.233],[9.556,42.202],[9.559,42.197],[9.554,42.161],[9.557,42.142],[9.555,42.123],[9.55,42.104],[9.529,42.086],[9.456,42.001],[9.432,41.981],[9.417,41.961],[9.412,41.947],[9.416,41.928],[9.412,41.919],[9.414,41.915],[9.402,41.897],[9.402,41.887],[9.397,41.875],[9.399,41.867],[9.398,41.863],[9.402,41.859]]]}},{"type":"Feature","properties":{"code":"30","nom":"Gard"},"geometry":{"type":"Polygon","coordinates":[[[3.374,44.171],[3.396,44.169],[3.397,44.161],[3.405,44.162],[3.411,44.153],[3.423,44.153],[3.431,44.148],[3.433,44.135],[3.44,44.129],[3.484,44.124],[3.509,44.126],[3.523,44.121],[3.532,44.122],[3.541,44.119],[3.543,44.109],[3.546,44.114],[3.564,44.123],[3.598,44.119],[3.603,44.116],[3.62,44.12],[3.625,44.118],[3.633,44.121],[3.636,44.141],[3.653,44.146],[3.627,44.154],[3.637,44.172],[3.637,44.176],[3.65,44.181],[3.658,44.173],[3.66,44.174],[3.672,44.18],[3.668,44.184],[3.67,44.186],[3.684,44.183],[3.694,44.17],[3.706,44.165],[3.726,44.164],[3.737,44.156],[3.748,44.155],[3.753,44.15],[3.76,44.151],[3.762,44.149],[3.761,44.144],[3.765,44.141],[3.774,44.144],[3.783,44.134],[3.797,44.127],[3.813,44.129],[3.822,44.136],[3.832,44.137],[3.838,44.134],[3.847,44.136],[3.856,44.13],[3.861,44.133],[3.876,44.127],[3.876,44.132],[3.89,44.145],[3.901,44.15],[3.91,44.147],[3.913,44.16],[3.921,44.159],[3.927,44.161],[3.926,44.168],[3.928,44.169],[3.922,44.179],[3.923,44.182],[3.932,44.181],[3.952,44.171],[3.974,44.164],[3.973,44.167],[3.977,44.171],[3.972,44.174],[3.966,44.171],[3.961,44.175],[3.965,44.178],[3.957,44.184],[3.96,44.191],[3.951,44.194],[3.94,44.193],[3.937,44.195],[3.944,44.204],[3.947,44.216],[3.952,44.218],[3.952,44.222],[3.945,44.232],[3.946,44.242],[3.955,44.25],[3.955,44.247],[3.963,44.25],[3.966,44.248],[3.975,44.256],[3.975,44.26],[3.969,44.266],[3.96,44.271],[3.956,44.272],[3.946,44.267],[3.934,44.276],[3.94,44.283],[3.939,44.287],[3.937,44.294],[3.925,44.301],[3.923,44.305],[3.943,44.316],[3.945,44.324],[3.948,44.328],[3.95,44.325],[3.952,44.332],[3.946,44.336],[3.935,44.336],[3.934,44.341],[3.925,44.347],[3.926,44.352],[3.917,44.359],[3.907,44.375],[3.898,44.378],[3.886,44.388],[3.889,44.393],[3.896,44.389],[3.9,44.391],[3.908,44.403],[3.916,44.405],[3.926,44.406],[3.944,44.4],[3.951,44.401],[3.949,44.413],[3.957,44.411],[3.961,44.414],[3.973,44.427],[3.971,44.431],[3.972,44.436],[3.977,44.44],[3.975,44.443],[3.984,44.445],[3.998,44.46],[4.014,44.455],[4.014,44.451],[4.022,44.45],[4.023,44.446],[4.038,44.446],[4.046,44.433],[4.035,44.42],[4.057,44.414],[4.068,44.405],[4.063,44.399],[4.065,44.395],[4.056,44.393],[4.048,44.398],[4.04,44.391],[4.044,44.385],[4.053,44.379],[4.051,44.374],[4.058,44.363],[4.056,44.36],[4.053,44.36],[4.055,44.35],[4.051,44.347],[4.054,44.339],[4.048,44.334],[4.036,44.33],[4.047,44.324],[4.046,44.322],[4.049,44.321],[4.047,44.319],[4.051,44.317],[4.069,44.325],[4.074,44.33],[4.093,44.331],[4.094,44.335],[4.104,44.334],[4.116,44.327],[4.127,44.338],[4.132,44.336],[4.135,44.329],[4.14,44.328],[4.143,44.313],[4.165,44.312],[4.178,44.318],[4.178,44.313],[4.187,44.299],[4.215,44.291],[4.241,44.27],[4.258,44.265],[4.278,44.275],[4.28,44.282],[4.289,44.292],[4.291,44.309],[4.288,44.315],[4.303,44.315],[4.317,44.321],[4.33,44.332],[4.326,44.338],[4.368,44.339],[4.391,44.347],[4.403,44.334],[4.39,44.301],[4.394,44.3],[4.392,44.298],[4.395,44.291],[4.401,44.288],[4.42,44.287],[4.433,44.291],[4.431,44.288],[4.435,44.283],[4.44,44.283],[4.453,44.298],[4.448,44.297],[4.451,44.333],[4.454,44.34],[4.475,44.342],[4.482,44.337],[4.499,44.338],[4.503,44.339],[4.504,44.344],[4.507,44.343],[4.507,44.337],[4.513,44.334],[4.513,44.328],[4.523,44.33],[4.532,44.323],[4.549,44.326],[4.544,44.321],[4.559,44.302],[4.57,44.299],[4.577,44.3],[4.587,44.295],[4.605,44.291],[4.612,44.286],[4.616,44.278],[4.635,44.285],[4.641,44.274],[4.649,44.27],[4.649,44.264],[4.654,44.254],[4.678,44.234],[4.678,44.229],[4.673,44.218],[4.674,44.214],[4.68,44.212],[4.694,44.215],[4.707,44.214],[4.71,44.208],[4.704,44.201],[4.706,44.193],[4.722,44.187],[4.72,44.177],[4.716,44.177],[4.719,44.145],[4.712,44.135],[4.711,44.118],[4.706,44.108],[4.719,44.093],[4.721,44.082],[4.73,44.079],[4.749,44.087],[4.758,44.088],[4.761,44.086],[4.761,44.079],[4.758,44.077],[4.76,44.075],[4.788,44.065],[4.788,44.054],[4.816,44.032],[4.818,44.019],[4.821,44.016],[4.838,44.015],[4.843,44.01],[4.846,43.997],[4.842,43.986],[4.812,43.988],[4.81,43.977],[4.815,43.968],[4.812,43.962],[4.793,43.954],[4.779,43.938],[4.769,43.934],[4.75,43.932],[4.739,43.924],[4.74,43.92],[4.723,43.906],[4.701,43.898],[4.699,43.897],[4.709,43.898],[4.692,43.884],[4.67,43.878],[4.662,43.871],[4.659,43.876],[4.642,43.867],[4.648,43.859],[4.641,43.851],[4.66,43.853],[4.665,43.851],[4.667,43.846],[4.65,43.839],[4.642,43.831],[4.652,43.818],[4.655,43.808],[4.652,43.784],[4.629,43.762],[4.626,43.749],[4.612,43.725],[4.615,43.709],[4.625,43.696],[4.627,43.685],[4.617,43.689],[4.606,43.686],[4.593,43.687],[4.579,43.698],[4.558,43.7],[4.54,43.707],[4.524,43.702],[4.487,43.699],[4.479,43.691],[4.476,43.684],[4.477,43.673],[4.451,43.664],[4.441,43.649],[4.434,43.634],[4.426,43.624],[4.427,43.621],[4.44,43.611],[4.467,43.615],[4.473,43.612],[4.475,43.608],[4.474,43.604],[4.467,43.599],[4.461,43.589],[4.447,43.583],[4.426,43.585],[4.403,43.573],[4.417,43.571],[4.416,43.567],[4.409,43.561],[4.404,43.559],[4.387,43.562],[4.382,43.553],[4.365,43.547],[4.35,43.547],[4.349,43.543],[4.334,43.535],[4.316,43.545],[4.323,43.554],[4.319,43.557],[4.314,43.556],[4.317,43.552],[4.311,43.551],[4.308,43.545],[4.325,43.528],[4.309,43.524],[4.296,43.515],[4.271,43.508],[4.259,43.508],[4.24,43.499],[4.239,43.494],[4.231,43.479],[4.23,43.46],[4.166,43.472],[4.132,43.486],[4.123,43.494],[4.117,43.508],[4.122,43.511],[4.123,43.521],[4.137,43.525],[4.139,43.532],[4.132,43.535],[4.132,43.54],[4.122,43.547],[4.101,43.554],[4.109,43.568],[4.108,43.57],[4.096,43.582],[4.08,43.59],[4.075,43.589],[4.084,43.592],[4.099,43.585],[4.124,43.589],[4.15,43.586],[4.15,43.598],[4.169,43.609],[4.194,43.642],[4.191,43.647],[4.194,43.655],[4.178,43.672],[4.179,43.675],[4.163,43.687],[4.167,43.699],[4.163,43.707],[4.152,43.717],[4.143,43.737],[4.131,43.741],[4.122,43.737],[4.114,43.738],[4.107,43.747],[4.094,43.752],[4.09,43.761],[4.093,43.763],[4.09,43.765],[4.084,43.768],[4.068,43.765],[4.063,43.772],[4.054,43.772],[4.051,43.78],[4.054,43.786],[4.019,43.807],[4.001,43.813],[3.974,43.801],[3.972,43.804],[3.966,43.802],[3.961,43.807],[3.962,43.817],[3.978,43.83],[3.973,43.837],[3.979,43.843],[3.958,43.844],[3.958,43.854],[3.938,43.854],[3.922,43.858],[3.918,43.868],[3.92,43.881],[3.917,43.888],[3.911,43.888],[3.903,43.879],[3.897,43.878],[3.857,43.877],[3.853,43.873],[3.852,43.868],[3.838,43.871],[3.831,43.866],[3.822,43.875],[3.804,43.879],[3.8,43.891],[3.82,43.911],[3.829,43.925],[3.824,43.929],[3.827,43.937],[3.82,43.942],[3.796,43.942],[3.787,43.955],[3.787,43.967],[3.781,43.968],[3.78,43.965],[3.77,43.969],[3.759,43.968],[3.752,43.973],[3.75,43.968],[3.744,43.967],[3.731,43.972],[3.717,43.961],[3.711,43.96],[3.705,43.962],[3.69,43.952],[3.686,43.954],[3.682,43.947],[3.689,43.944],[3.69,43.94],[3.684,43.94],[3.676,43.931],[3.679,43.925],[3.671,43.91],[3.643,43.916],[3.646,43.912],[3.648,43.902],[3.639,43.896],[3.632,43.899],[3.64,43.913],[3.639,43.916],[3.624,43.917],[3.612,43.902],[3.608,43.902],[3.6,43.892],[3.602,43.891],[3.6,43.887],[3.585,43.88],[3.576,43.865],[3.584,43.859],[3.599,43.855],[3.601,43.849],[3.581,43.848],[3.579,43.844],[3.558,43.857],[3.554,43.852],[3.538,43.853],[3.532,43.857],[3.528,43.854],[3.526,43.859],[3.528,43.861],[3.524,43.864],[3.519,43.863],[3.523,43.867],[3.52,43.871],[3.524,43.876],[3.522,43.879],[3.524,43.88],[3.52,43.883],[3.524,43.884],[3.523,43.888],[3.516,43.889],[3.519,43.892],[3.513,43.896],[3.503,43.897],[3.503,43.891],[3.497,43.892],[3.496,43.89],[3.483,43.892],[3.463,43.872],[3.456,43.869],[3.446,43.87],[3.432,43.863],[3.422,43.872],[3.431,43.873],[3.435,43.885],[3.441,43.888],[3.432,43.894],[3.44,43.897],[3.424,43.912],[3.415,43.915],[3.401,43.915],[3.395,43.909],[3.378,43.912],[3.37,43.917],[3.367,43.917],[3.367,43.914],[3.362,43.91],[3.358,43.914],[3.356,43.916],[3.357,43.921],[3.353,43.923],[3.352,43.929],[3.354,43.93],[3.351,43.932],[3.357,43.949],[3.376,43.956],[3.378,43.968],[3.406,43.97],[3.418,43.993],[3.439,43.998],[3.446,44.005],[3.449,44.012],[3.449,44.02],[3.452,44.021],[3.422,44.036],[3.417,44.042],[3.401,44.043],[3.393,44.048],[3.39,44.058],[3.381,44.056],[3.377,44.051],[3.371,44.049],[3.372,44.056],[3.367,44.058],[3.352,44.05],[3.338,44.058],[3.337,44.067],[3.329,44.079],[3.325,44.077],[3.324,44.08],[3.318,44.079],[3.307,44.069],[3.295,44.068],[3.297,44.072],[3.289,44.072],[3.275,44.084],[3.277,44.088],[3.269,44.088],[3.263,44.093],[3.272,44.098],[3.277,44.096],[3.291,44.106],[3.312,44.104],[3.323,44.11],[3.324,44.124],[3.32,44.136],[3.332,44.142],[3.335,44.159],[3.344,44.159],[3.357,44.168],[3.374,44.171]]]}},{"type":"Feature","properties":{"code":"31","nom":"Haute-Garonne"},"geometry":{"type":"Polygon","coordinates":[[[0.954,43.787],[0.962,43.79],[0.971,43.785],[0.974,43.788],[0.979,43.786],[0.983,43.793],[0.992,43.797],[1.017,43.802],[1.026,43.798],[1.036,43.804],[1.047,43.799],[1.057,43.798],[1.081,43.812],[1.083,43.816],[1.093,43.812],[1.097,43.807],[1.111,43.806],[1.105,43.801],[1.11,43.796],[1.115,43.798],[1.127,43.811],[1.142,43.815],[1.145,43.822],[1.15,43.822],[1.158,43.818],[1.161,43.808],[1.175,43.804],[1.181,43.795],[1.217,43.792],[1.219,43.787],[1.218,43.782],[1.209,43.78],[1.205,43.775],[1.213,43.768],[1.278,43.788],[1.28,43.791],[1.269,43.792],[1.267,43.798],[1.278,43.803],[1.283,43.796],[1.311,43.801],[1.327,43.809],[1.333,43.807],[1.337,43.811],[1.343,43.811],[1.35,43.817],[1.36,43.817],[1.362,43.82],[1.354,43.836],[1.328,43.838],[1.314,43.832],[1.31,43.84],[1.301,43.845],[1.294,43.846],[1.297,43.846],[1.295,43.849],[1.319,43.858],[1.33,43.855],[1.33,43.851],[1.355,43.854],[1.36,43.851],[1.365,43.856],[1.348,43.869],[1.357,43.876],[1.356,43.884],[1.365,43.89],[1.375,43.884],[1.393,43.881],[1.402,43.886],[1.415,43.878],[1.414,43.874],[1.418,43.871],[1.426,43.872],[1.432,43.869],[1.436,43.873],[1.447,43.874],[1.449,43.87],[1.458,43.882],[1.457,43.887],[1.475,43.902],[1.476,43.907],[1.488,43.902],[1.49,43.897],[1.488,43.892],[1.492,43.887],[1.499,43.889],[1.499,43.893],[1.504,43.893],[1.507,43.897],[1.517,43.901],[1.515,43.906],[1.523,43.904],[1.533,43.913],[1.533,43.921],[1.548,43.917],[1.556,43.918],[1.555,43.914],[1.551,43.911],[1.547,43.903],[1.55,43.89],[1.562,43.879],[1.556,43.878],[1.556,43.875],[1.564,43.872],[1.555,43.868],[1.573,43.849],[1.593,43.843],[1.592,43.836],[1.587,43.833],[1.593,43.826],[1.588,43.821],[1.59,43.815],[1.603,43.811],[1.608,43.806],[1.614,43.808],[1.63,43.799],[1.634,43.802],[1.645,43.8],[1.65,43.795],[1.642,43.787],[1.641,43.779],[1.652,43.776],[1.656,43.768],[1.65,43.752],[1.657,43.749],[1.661,43.742],[1.668,43.74],[1.673,43.736],[1.681,43.737],[1.69,43.728],[1.693,43.73],[1.699,43.726],[1.706,43.716],[1.705,43.714],[1.707,43.712],[1.702,43.709],[1.693,43.712],[1.694,43.71],[1.685,43.708],[1.682,43.701],[1.661,43.706],[1.666,43.702],[1.664,43.694],[1.697,43.693],[1.721,43.688],[1.719,43.684],[1.72,43.675],[1.729,43.669],[1.731,43.657],[1.706,43.653],[1.7,43.649],[1.692,43.642],[1.688,43.628],[1.691,43.625],[1.704,43.618],[1.708,43.623],[1.721,43.618],[1.727,43.61],[1.745,43.603],[1.754,43.605],[1.759,43.602],[1.767,43.603],[1.773,43.599],[1.772,43.593],[1.779,43.587],[1.791,43.583],[1.798,43.584],[1.797,43.583],[1.81,43.578],[1.813,43.583],[1.84,43.578],[1.841,43.573],[1.849,43.568],[1.849,43.561],[1.853,43.554],[1.851,43.549],[1.88,43.54],[1.871,43.534],[1.88,43.53],[1.883,43.518],[1.886,43.519],[1.892,43.516],[1.892,43.513],[1.917,43.502],[1.921,43.505],[1.926,43.501],[1.933,43.502],[1.941,43.494],[1.953,43.49],[1.956,43.494],[1.968,43.491],[1.99,43.477],[1.995,43.483],[2.009,43.48],[2.016,43.488],[2.013,43.494],[2.016,43.509],[2.03,43.506],[2.032,43.499],[2.038,43.499],[2.041,43.5],[2.038,43.506],[2.041,43.513],[2.047,43.503],[2.048,43.496],[2.043,43.492],[2.048,43.486],[2.039,43.477],[2.022,43.475],[2.018,43.47],[2.021,43.463],[2.018,43.458],[2.02,43.457],[2.014,43.45],[2.015,43.446],[2.022,43.447],[2.029,43.437],[2.031,43.431],[2.039,43.424],[2.037,43.422],[2.031,43.419],[2.021,43.423],[2.014,43.415],[1.998,43.413],[1.988,43.408],[1.978,43.418],[1.977,43.416],[1.972,43.421],[1.966,43.415],[1.962,43.419],[1.964,43.423],[1.954,43.426],[1.949,43.42],[1.934,43.425],[1.925,43.421],[1.92,43.422],[1.918,43.42],[1.921,43.414],[1.917,43.407],[1.91,43.406],[1.915,43.401],[1.905,43.393],[1.896,43.397],[1.898,43.403],[1.902,43.404],[1.901,43.407],[1.905,43.407],[1.898,43.412],[1.896,43.418],[1.873,43.429],[1.875,43.436],[1.872,43.438],[1.856,43.443],[1.853,43.437],[1.847,43.437],[1.846,43.434],[1.843,43.433],[1.848,43.426],[1.845,43.423],[1.842,43.415],[1.835,43.418],[1.826,43.418],[1.817,43.411],[1.817,43.404],[1.826,43.395],[1.819,43.392],[1.812,43.395],[1.803,43.393],[1.805,43.391],[1.802,43.387],[1.811,43.382],[1.801,43.376],[1.807,43.373],[1.803,43.368],[1.807,43.365],[1.804,43.358],[1.817,43.349],[1.813,43.341],[1.797,43.341],[1.783,43.346],[1.78,43.342],[1.772,43.341],[1.774,43.338],[1.772,43.337],[1.752,43.35],[1.749,43.349],[1.749,43.345],[1.734,43.335],[1.731,43.339],[1.724,43.341],[1.73,43.336],[1.724,43.33],[1.728,43.326],[1.727,43.324],[1.734,43.323],[1.736,43.314],[1.726,43.314],[1.726,43.31],[1.716,43.309],[1.704,43.303],[1.716,43.295],[1.709,43.292],[1.708,43.288],[1.698,43.281],[1.696,43.276],[1.688,43.274],[1.674,43.281],[1.65,43.261],[1.651,43.254],[1.657,43.25],[1.656,43.244],[1.644,43.237],[1.635,43.237],[1.637,43.255],[1.607,43.26],[1.602,43.266],[1.583,43.269],[1.579,43.275],[1.574,43.273],[1.572,43.276],[1.568,43.27],[1.574,43.265],[1.573,43.262],[1.565,43.253],[1.546,43.277],[1.542,43.275],[1.541,43.278],[1.519,43.269],[1.515,43.279],[1.517,43.281],[1.515,43.286],[1.518,43.289],[1.512,43.293],[1.507,43.286],[1.497,43.292],[1.493,43.282],[1.497,43.276],[1.489,43.27],[1.493,43.263],[1.489,43.258],[1.492,43.254],[1.498,43.255],[1.504,43.25],[1.498,43.24],[1.493,43.238],[1.504,43.233],[1.503,43.225],[1.508,43.221],[1.499,43.222],[1.487,43.227],[1.478,43.223],[1.468,43.209],[1.434,43.217],[1.426,43.224],[1.416,43.226],[1.42,43.232],[1.417,43.237],[1.425,43.241],[1.427,43.246],[1.425,43.248],[1.429,43.254],[1.424,43.257],[1.424,43.26],[1.42,43.261],[1.419,43.265],[1.412,43.266],[1.414,43.269],[1.402,43.278],[1.391,43.281],[1.383,43.288],[1.376,43.289],[1.378,43.296],[1.365,43.302],[1.367,43.304],[1.364,43.308],[1.373,43.31],[1.35,43.316],[1.337,43.314],[1.332,43.316],[1.324,43.309],[1.318,43.296],[1.305,43.298],[1.306,43.291],[1.301,43.289],[1.303,43.286],[1.293,43.288],[1.302,43.271],[1.294,43.268],[1.294,43.264],[1.321,43.261],[1.331,43.263],[1.332,43.257],[1.318,43.251],[1.327,43.249],[1.336,43.25],[1.34,43.244],[1.367,43.242],[1.374,43.245],[1.375,43.238],[1.382,43.234],[1.383,43.229],[1.374,43.214],[1.368,43.209],[1.36,43.213],[1.345,43.212],[1.338,43.207],[1.328,43.205],[1.33,43.197],[1.321,43.19],[1.315,43.19],[1.306,43.195],[1.296,43.189],[1.274,43.196],[1.267,43.192],[1.268,43.191],[1.263,43.186],[1.251,43.183],[1.244,43.19],[1.232,43.188],[1.227,43.183],[1.228,43.174],[1.224,43.172],[1.222,43.166],[1.214,43.162],[1.218,43.159],[1.216,43.158],[1.219,43.153],[1.262,43.146],[1.274,43.148],[1.276,43.142],[1.303,43.123],[1.289,43.123],[1.281,43.111],[1.26,43.109],[1.259,43.106],[1.263,43.101],[1.259,43.1],[1.259,43.097],[1.262,43.092],[1.224,43.086],[1.218,43.098],[1.211,43.104],[1.213,43.11],[1.208,43.119],[1.201,43.121],[1.175,43.141],[1.166,43.13],[1.145,43.138],[1.142,43.142],[1.145,43.144],[1.14,43.145],[1.124,43.156],[1.111,43.148],[1.113,43.145],[1.09,43.142],[1.087,43.138],[1.088,43.134],[1.071,43.139],[1.06,43.138],[1.054,43.145],[1.052,43.139],[1.047,43.137],[1.052,43.134],[1.051,43.119],[1.036,43.099],[1.026,43.101],[1.025,43.104],[1.018,43.105],[1.019,43.108],[1.012,43.11],[1.009,43.114],[1.002,43.114],[1.004,43.104],[0.998,43.101],[1,43.099],[0.992,43.098],[0.991,43.092],[0.997,43.086],[1.006,43.082],[0.996,43.072],[0.979,43.073],[0.986,43.065],[0.984,43.051],[0.989,43.047],[0.993,43.048],[0.994,43.046],[0.993,43.04],[0.984,43.044],[0.987,43.025],[1.006,43.02],[1.013,43.01],[1.022,43.01],[1.003,43.005],[0.995,42.991],[0.976,42.973],[0.952,42.966],[0.928,42.967],[0.906,42.958],[0.875,42.958],[0.879,42.943],[0.885,42.937],[0.884,42.931],[0.874,42.926],[0.868,42.929],[0.858,42.924],[0.845,42.926],[0.827,42.916],[0.826,42.914],[0.834,42.909],[0.833,42.902],[0.841,42.897],[0.844,42.89],[0.835,42.872],[0.84,42.866],[0.848,42.865],[0.848,42.857],[0.857,42.84],[0.86,42.838],[0.858,42.826],[0.844,42.829],[0.833,42.828],[0.802,42.84],[0.789,42.836],[0.776,42.837],[0.75,42.846],[0.736,42.849],[0.735,42.854],[0.728,42.857],[0.708,42.861],[0.691,42.855],[0.678,42.855],[0.679,42.848],[0.664,42.842],[0.659,42.837],[0.662,42.829],[0.67,42.824],[0.665,42.814],[0.671,42.805],[0.67,42.802],[0.66,42.798],[0.652,42.788],[0.645,42.784],[0.651,42.778],[0.667,42.775],[0.661,42.77],[0.651,42.766],[0.649,42.759],[0.642,42.755],[0.663,42.75],[0.663,42.743],[0.667,42.741],[0.671,42.731],[0.68,42.723],[0.674,42.718],[0.682,42.709],[0.674,42.7],[0.676,42.691],[0.668,42.689],[0.617,42.696],[0.606,42.699],[0.597,42.706],[0.587,42.695],[0.526,42.703],[0.519,42.692],[0.499,42.692],[0.478,42.7],[0.482,42.703],[0.485,42.71],[0.449,42.734],[0.458,42.735],[0.463,42.739],[0.46,42.75],[0.463,42.76],[0.455,42.772],[0.456,42.781],[0.463,42.79],[0.461,42.798],[0.464,42.805],[0.456,42.81],[0.458,42.815],[0.456,42.817],[0.468,42.847],[0.46,42.852],[0.473,42.859],[0.472,42.87],[0.477,42.878],[0.487,42.878],[0.492,42.874],[0.497,42.876],[0.5,42.874],[0.502,42.868],[0.526,42.868],[0.534,42.861],[0.538,42.864],[0.55,42.865],[0.554,42.86],[0.562,42.861],[0.576,42.871],[0.577,42.881],[0.585,42.89],[0.586,42.901],[0.598,42.914],[0.597,42.921],[0.6,42.927],[0.606,42.934],[0.627,42.942],[0.635,42.952],[0.642,42.953],[0.646,42.961],[0.636,42.969],[0.619,42.972],[0.614,42.982],[0.616,42.985],[0.612,42.989],[0.624,42.99],[0.627,43],[0.616,43.011],[0.616,43.021],[0.607,43.035],[0.593,43.035],[0.595,43.03],[0.592,43.027],[0.592,43.022],[0.586,43.023],[0.584,43.019],[0.575,43.022],[0.566,43.02],[0.54,43.001],[0.531,43.003],[0.532,43.008],[0.528,43.005],[0.527,43.009],[0.536,43.019],[0.535,43.027],[0.538,43.036],[0.535,43.037],[0.538,43.042],[0.547,43.045],[0.563,43.036],[0.567,43.037],[0.56,43.047],[0.561,43.06],[0.553,43.065],[0.558,43.067],[0.564,43.074],[0.554,43.074],[0.556,43.078],[0.554,43.079],[0.532,43.083],[0.532,43.093],[0.515,43.093],[0.501,43.096],[0.498,43.103],[0.502,43.104],[0.503,43.107],[0.491,43.109],[0.489,43.115],[0.453,43.111],[0.464,43.118],[0.454,43.127],[0.442,43.131],[0.471,43.158],[0.488,43.165],[0.512,43.184],[0.512,43.187],[0.522,43.192],[0.526,43.198],[0.519,43.195],[0.506,43.198],[0.517,43.212],[0.536,43.208],[0.545,43.213],[0.552,43.209],[0.559,43.211],[0.574,43.22],[0.572,43.224],[0.574,43.227],[0.573,43.233],[0.568,43.232],[0.553,43.238],[0.561,43.243],[0.567,43.252],[0.578,43.254],[0.577,43.259],[0.597,43.274],[0.61,43.278],[0.614,43.277],[0.616,43.289],[0.63,43.292],[0.636,43.296],[0.636,43.301],[0.607,43.311],[0.612,43.316],[0.646,43.312],[0.653,43.315],[0.669,43.325],[0.675,43.33],[0.675,43.334],[0.68,43.335],[0.688,43.349],[0.697,43.355],[0.704,43.366],[0.708,43.367],[0.711,43.374],[0.715,43.375],[0.714,43.377],[0.734,43.371],[0.754,43.389],[0.749,43.395],[0.745,43.395],[0.752,43.399],[0.751,43.403],[0.759,43.405],[0.754,43.409],[0.754,43.414],[0.748,43.418],[0.749,43.421],[0.758,43.414],[0.77,43.417],[0.807,43.4],[0.812,43.41],[0.821,43.417],[0.844,43.41],[0.85,43.414],[0.861,43.413],[0.866,43.416],[0.873,43.411],[0.888,43.412],[0.889,43.407],[0.895,43.405],[0.907,43.408],[0.917,43.406],[0.918,43.402],[0.928,43.4],[0.927,43.395],[0.932,43.393],[0.933,43.387],[0.942,43.386],[0.944,43.381],[0.947,43.385],[0.957,43.385],[0.959,43.389],[0.964,43.386],[0.969,43.377],[0.966,43.372],[0.967,43.369],[0.978,43.363],[0.994,43.367],[0.997,43.369],[0.994,43.373],[0.996,43.376],[1.006,43.38],[0.998,43.382],[1.002,43.391],[0.993,43.409],[0.998,43.409],[1,43.414],[1.004,43.414],[1.023,43.412],[1.026,43.42],[1.03,43.418],[1.019,43.431],[1.022,43.432],[1.022,43.438],[1.027,43.438],[1.032,43.442],[1.037,43.457],[1.044,43.457],[1.045,43.459],[1.018,43.474],[1.024,43.48],[1.037,43.484],[1.036,43.487],[1.052,43.487],[1.054,43.49],[1.046,43.497],[1.056,43.494],[1.057,43.497],[1.054,43.498],[1.059,43.505],[1.073,43.506],[1.061,43.511],[1.061,43.514],[1.058,43.515],[1.05,43.516],[1.055,43.521],[1.052,43.524],[1.058,43.527],[1.07,43.523],[1.076,43.527],[1.071,43.53],[1.067,43.536],[1.053,43.541],[1.067,43.54],[1.072,43.546],[1.088,43.547],[1.097,43.538],[1.095,43.536],[1.099,43.534],[1.119,43.546],[1.119,43.55],[1.114,43.55],[1.112,43.557],[1.125,43.554],[1.156,43.557],[1.163,43.574],[1.176,43.57],[1.185,43.573],[1.199,43.569],[1.203,43.578],[1.2,43.588],[1.201,43.596],[1.192,43.601],[1.194,43.603],[1.189,43.605],[1.18,43.615],[1.173,43.607],[1.165,43.604],[1.159,43.605],[1.143,43.621],[1.148,43.634],[1.14,43.642],[1.131,43.643],[1.126,43.639],[1.119,43.641],[1.111,43.637],[1.108,43.64],[1.088,43.645],[1.101,43.661],[1.095,43.665],[1.075,43.662],[1.064,43.672],[1.058,43.671],[1.057,43.674],[1.049,43.675],[1.052,43.685],[1.06,43.687],[1.057,43.692],[1.063,43.701],[1.066,43.7],[1.064,43.703],[1.038,43.714],[1.028,43.71],[1.02,43.719],[1.023,43.723],[0.989,43.739],[0.986,43.744],[0.993,43.746],[0.986,43.748],[0.975,43.761],[0.971,43.762],[0.969,43.757],[0.966,43.76],[0.97,43.762],[0.964,43.764],[0.965,43.767],[0.956,43.774],[0.958,43.776],[0.953,43.785],[0.954,43.787]]]}},{"type":"Feature","properties":{"code":"32","nom":"Gers"},"geometry":{"type":"Polygon","coordinates":[[[0.076,43.983],[0.08,43.981],[0.089,43.986],[0.105,43.985],[0.117,43.988],[0.12,43.995],[0.126,43.997],[0.127,44.002],[0.142,43.994],[0.139,43.975],[0.158,43.973],[0.163,43.976],[0.166,43.981],[0.165,43.995],[0.167,43.997],[0.177,44.002],[0.18,44.001],[0.19,44.015],[0.195,44.014],[0.198,44.016],[0.203,44.013],[0.206,44.021],[0.211,44.02],[0.214,44.023],[0.225,44.019],[0.231,44.023],[0.234,44.022],[0.235,44.018],[0.23,44.011],[0.233,44.009],[0.253,44.003],[0.257,44.008],[0.27,44.004],[0.273,43.999],[0.303,43.991],[0.309,43.995],[0.318,43.995],[0.32,43.999],[0.314,44.009],[0.317,44.01],[0.327,44.007],[0.344,44.013],[0.354,44.013],[0.353,44.015],[0.358,44.017],[0.365,44.015],[0.371,44.008],[0.382,44.006],[0.391,44.02],[0.397,44.02],[0.397,44.022],[0.411,44.021],[0.417,44.03],[0.425,44.026],[0.433,44.029],[0.442,44.029],[0.445,44.039],[0.46,44.055],[0.484,44.053],[0.485,44.058],[0.502,44.058],[0.504,44.052],[0.506,44.052],[0.506,44.056],[0.512,44.063],[0.521,44.057],[0.531,44.058],[0.538,44.053],[0.542,44.056],[0.555,44.055],[0.567,44.06],[0.578,44.073],[0.576,44.076],[0.586,44.075],[0.594,44.079],[0.601,44.078],[0.599,44.075],[0.607,44.07],[0.62,44.066],[0.628,44.061],[0.632,44.05],[0.639,44.05],[0.644,44.044],[0.654,44.042],[0.653,44.037],[0.656,44.037],[0.652,44.033],[0.663,44.024],[0.677,44.027],[0.68,44.029],[0.679,44.037],[0.686,44.046],[0.695,44.044],[0.7,44.053],[0.708,44.058],[0.716,44.057],[0.732,44.062],[0.739,44.061],[0.742,44.065],[0.752,44.066],[0.753,44.056],[0.76,44.051],[0.757,44.04],[0.764,44.03],[0.794,44.042],[0.797,44.046],[0.811,44.049],[0.82,44.056],[0.829,44.055],[0.836,44.047],[0.851,44.046],[0.852,44.041],[0.855,44.043],[0.865,44.039],[0.86,44.038],[0.858,44.035],[0.851,44.036],[0.843,44.031],[0.844,44.028],[0.84,44.024],[0.825,44.03],[0.813,44.024],[0.818,44.017],[0.825,44.015],[0.819,44.01],[0.824,44.007],[0.828,43.997],[0.817,43.991],[0.815,43.989],[0.819,43.987],[0.816,43.984],[0.809,43.982],[0.805,43.977],[0.796,43.976],[0.791,43.97],[0.793,43.965],[0.784,43.955],[0.772,43.953],[0.761,43.947],[0.762,43.932],[0.771,43.922],[0.777,43.925],[0.786,43.924],[0.796,43.927],[0.798,43.931],[0.806,43.93],[0.809,43.932],[0.843,43.915],[0.849,43.917],[0.852,43.923],[0.858,43.92],[0.864,43.924],[0.87,43.92],[0.874,43.913],[0.888,43.91],[0.887,43.906],[0.891,43.903],[0.904,43.899],[0.884,43.891],[0.883,43.875],[0.906,43.86],[0.912,43.85],[0.895,43.85],[0.895,43.84],[0.925,43.83],[0.914,43.82],[0.912,43.815],[0.904,43.81],[0.904,43.803],[0.901,43.804],[0.9,43.801],[0.903,43.798],[0.896,43.791],[0.898,43.786],[0.904,43.783],[0.909,43.788],[0.912,43.784],[0.917,43.785],[0.924,43.793],[0.931,43.788],[0.938,43.793],[0.949,43.792],[0.954,43.787],[0.953,43.785],[0.958,43.776],[0.956,43.774],[0.965,43.767],[0.964,43.764],[0.97,43.762],[0.966,43.76],[0.969,43.757],[0.971,43.762],[0.975,43.761],[0.986,43.748],[0.993,43.746],[0.986,43.744],[0.989,43.739],[1.023,43.723],[1.02,43.719],[1.028,43.71],[1.038,43.714],[1.064,43.703],[1.066,43.7],[1.063,43.701],[1.057,43.692],[1.06,43.687],[1.052,43.685],[1.049,43.675],[1.057,43.674],[1.058,43.671],[1.064,43.672],[1.075,43.662],[1.095,43.665],[1.101,43.661],[1.088,43.645],[1.108,43.64],[1.111,43.637],[1.119,43.641],[1.126,43.639],[1.131,43.643],[1.14,43.642],[1.148,43.634],[1.143,43.621],[1.159,43.605],[1.165,43.604],[1.173,43.607],[1.18,43.615],[1.189,43.605],[1.194,43.603],[1.192,43.601],[1.201,43.596],[1.2,43.588],[1.203,43.578],[1.199,43.569],[1.185,43.573],[1.176,43.57],[1.163,43.574],[1.156,43.557],[1.125,43.554],[1.112,43.557],[1.114,43.55],[1.119,43.55],[1.119,43.546],[1.099,43.534],[1.095,43.536],[1.097,43.538],[1.088,43.547],[1.072,43.546],[1.067,43.54],[1.053,43.541],[1.067,43.536],[1.071,43.53],[1.076,43.527],[1.07,43.523],[1.058,43.527],[1.052,43.524],[1.055,43.521],[1.05,43.516],[1.058,43.515],[1.061,43.514],[1.061,43.511],[1.073,43.506],[1.059,43.505],[1.054,43.498],[1.057,43.497],[1.056,43.494],[1.046,43.497],[1.054,43.49],[1.052,43.487],[1.036,43.487],[1.037,43.484],[1.024,43.48],[1.018,43.474],[1.045,43.459],[1.044,43.457],[1.037,43.457],[1.032,43.442],[1.027,43.438],[1.022,43.438],[1.022,43.432],[1.019,43.431],[1.03,43.418],[1.026,43.42],[1.023,43.412],[1.004,43.414],[1,43.414],[0.998,43.409],[0.993,43.409],[1.002,43.391],[0.998,43.382],[1.006,43.38],[0.996,43.376],[0.994,43.373],[0.997,43.369],[0.994,43.367],[0.978,43.363],[0.967,43.369],[0.966,43.372],[0.969,43.377],[0.964,43.386],[0.959,43.389],[0.957,43.385],[0.947,43.385],[0.944,43.381],[0.942,43.386],[0.933,43.387],[0.932,43.393],[0.927,43.395],[0.928,43.4],[0.918,43.402],[0.917,43.406],[0.907,43.408],[0.895,43.405],[0.889,43.407],[0.888,43.412],[0.873,43.411],[0.866,43.416],[0.861,43.413],[0.85,43.414],[0.844,43.41],[0.821,43.417],[0.812,43.41],[0.807,43.4],[0.77,43.417],[0.758,43.414],[0.749,43.421],[0.748,43.418],[0.754,43.414],[0.754,43.409],[0.759,43.405],[0.751,43.403],[0.752,43.399],[0.745,43.395],[0.749,43.395],[0.754,43.389],[0.734,43.371],[0.714,43.377],[0.715,43.375],[0.711,43.374],[0.708,43.367],[0.704,43.366],[0.697,43.355],[0.688,43.349],[0.68,43.335],[0.675,43.334],[0.675,43.33],[0.669,43.325],[0.653,43.315],[0.646,43.312],[0.612,43.316],[0.607,43.311],[0.596,43.316],[0.591,43.314],[0.584,43.32],[0.576,43.323],[0.572,43.32],[0.563,43.321],[0.562,43.325],[0.553,43.326],[0.552,43.329],[0.541,43.327],[0.508,43.334],[0.494,43.325],[0.482,43.332],[0.445,43.341],[0.441,43.337],[0.445,43.332],[0.443,43.328],[0.414,43.329],[0.396,43.334],[0.394,43.337],[0.395,43.35],[0.399,43.35],[0.391,43.35],[0.392,43.356],[0.379,43.355],[0.378,43.353],[0.371,43.353],[0.365,43.35],[0.348,43.349],[0.343,43.345],[0.332,43.343],[0.328,43.349],[0.327,43.36],[0.33,43.363],[0.327,43.373],[0.324,43.374],[0.315,43.367],[0.307,43.368],[0.3,43.373],[0.298,43.388],[0.278,43.386],[0.257,43.377],[0.249,43.377],[0.244,43.374],[0.244,43.372],[0.233,43.368],[0.22,43.37],[0.206,43.368],[0.199,43.375],[0.182,43.371],[0.177,43.377],[0.18,43.382],[0.174,43.403],[0.153,43.399],[0.145,43.415],[0.132,43.424],[0.137,43.434],[0.166,43.442],[0.166,43.444],[0.155,43.458],[0.153,43.457],[0.15,43.465],[0.135,43.466],[0.127,43.492],[0.13,43.492],[0.13,43.495],[0.116,43.51],[0.117,43.515],[0.112,43.517],[0.1,43.513],[0.101,43.511],[0.09,43.51],[0.082,43.517],[0.08,43.524],[0.072,43.52],[0.051,43.519],[0.043,43.534],[0.03,43.545],[0.017,43.543],[0.009,43.561],[-0.003,43.566],[-0.001,43.575],[-0.005,43.578],[-0.004,43.585],[-0.015,43.606],[-0.021,43.604],[-0.026,43.607],[-0.033,43.604],[-0.034,43.607],[-0.039,43.606],[-0.045,43.613],[-0.055,43.606],[-0.074,43.606],[-0.076,43.592],[-0.098,43.589],[-0.097,43.582],[-0.108,43.582],[-0.122,43.587],[-0.121,43.584],[-0.129,43.581],[-0.138,43.58],[-0.139,43.583],[-0.148,43.586],[-0.156,43.584],[-0.16,43.581],[-0.177,43.597],[-0.191,43.588],[-0.205,43.584],[-0.211,43.593],[-0.233,43.589],[-0.235,43.583],[-0.243,43.585],[-0.244,43.589],[-0.248,43.59],[-0.248,43.597],[-0.255,43.597],[-0.248,43.607],[-0.247,43.616],[-0.278,43.616],[-0.281,43.622],[-0.279,43.629],[-0.282,43.641],[-0.281,43.643],[-0.264,43.636],[-0.261,43.649],[-0.263,43.653],[-0.242,43.655],[-0.246,43.659],[-0.243,43.66],[-0.245,43.665],[-0.24,43.671],[-0.258,43.674],[-0.257,43.683],[-0.248,43.686],[-0.247,43.689],[-0.245,43.688],[-0.239,43.694],[-0.245,43.699],[-0.245,43.705],[-0.251,43.708],[-0.211,43.724],[-0.202,43.73],[-0.201,43.734],[-0.194,43.737],[-0.197,43.748],[-0.219,43.75],[-0.218,43.754],[-0.207,43.756],[-0.207,43.759],[-0.211,43.762],[-0.212,43.769],[-0.217,43.771],[-0.213,43.779],[-0.222,43.789],[-0.218,43.798],[-0.224,43.801],[-0.227,43.808],[-0.218,43.81],[-0.216,43.813],[-0.213,43.809],[-0.201,43.807],[-0.192,43.81],[-0.192,43.818],[-0.196,43.821],[-0.198,43.829],[-0.188,43.833],[-0.196,43.846],[-0.209,43.858],[-0.196,43.865],[-0.198,43.868],[-0.196,43.872],[-0.192,43.87],[-0.189,43.863],[-0.186,43.863],[-0.186,43.869],[-0.192,43.877],[-0.19,43.881],[-0.201,43.885],[-0.211,43.885],[-0.222,43.894],[-0.226,43.89],[-0.234,43.891],[-0.238,43.894],[-0.235,43.896],[-0.239,43.898],[-0.233,43.899],[-0.231,43.908],[-0.225,43.914],[-0.218,43.907],[-0.2,43.915],[-0.192,43.926],[-0.181,43.93],[-0.179,43.938],[-0.166,43.928],[-0.16,43.928],[-0.161,43.931],[-0.154,43.932],[-0.153,43.94],[-0.136,43.936],[-0.125,43.944],[-0.108,43.933],[-0.108,43.929],[-0.103,43.927],[-0.095,43.929],[-0.094,43.933],[-0.099,43.936],[-0.093,43.949],[-0.089,43.949],[-0.081,43.943],[-0.07,43.945],[-0.069,43.951],[-0.059,43.961],[-0.044,43.963],[-0.036,43.984],[0.001,43.96],[0.007,43.954],[0.006,43.944],[-0.008,43.94],[-0.011,43.935],[-0.024,43.93],[0.018,43.912],[0.031,43.901],[0.041,43.904],[0.059,43.897],[0.062,43.902],[0.069,43.904],[0.072,43.914],[0.077,43.916],[0.073,43.921],[0.071,43.935],[0.062,43.941],[0.061,43.949],[0.057,43.949],[0.055,43.96],[0.061,43.963],[0.061,43.965],[0.066,43.965],[0.067,43.974],[0.076,43.983]]]}},{"type":"Feature","properties":{"code":"33","nom":"Gironde"},"geometry":{"type":"MultiPolygon","coordinates":[[[[-1.239,44.593],[-1.233,44.594],[-1.23,44.589],[-1.238,44.592],[-1.244,44.589],[-1.244,44.584],[-1.234,44.584],[-1.25,44.58],[-1.249,44.576],[-1.244,44.575],[-1.246,44.572],[-1.252,44.58],[-1.248,44.587],[-1.239,44.593]]],[[[-1.03,44.649],[-1.033,44.651],[-1.029,44.656],[-1.029,44.661],[-1.026,44.662],[-1.014,44.652],[-1.021,44.65],[-1.025,44.653],[-1.03,44.649]]],[[[-1.024,44.644],[-1.028,44.647],[-1.027,44.65],[-1.021,44.646],[-1.024,44.644]]],[[[-1.178,44.697],[-1.185,44.697],[-1.188,44.702],[-1.179,44.704],[-1.178,44.697]]],[[[-1.18,44.693],[-1.185,44.697],[-1.182,44.697],[-1.18,44.693]]],[[[-1.026,45.575],[-0.927,45.496],[-0.841,45.435],[-0.774,45.369],[-0.753,45.322],[-0.714,45.328],[-0.644,45.322],[-0.645,45.315],[-0.623,45.319],[-0.615,45.323],[-0.605,45.324],[-0.604,45.322],[-0.594,45.321],[-0.594,45.335],[-0.585,45.343],[-0.569,45.332],[-0.575,45.316],[-0.57,45.299],[-0.566,45.296],[-0.561,45.299],[-0.548,45.293],[-0.53,45.292],[-0.514,45.286],[-0.486,45.294],[-0.473,45.294],[-0.464,45.289],[-0.445,45.286],[-0.419,45.274],[-0.415,45.269],[-0.425,45.248],[-0.407,45.248],[-0.405,45.24],[-0.414,45.228],[-0.416,45.213],[-0.421,45.209],[-0.402,45.188],[-0.397,45.17],[-0.385,45.146],[-0.38,45.156],[-0.369,45.163],[-0.364,45.17],[-0.349,45.17],[-0.339,45.167],[-0.321,45.156],[-0.319,45.145],[-0.314,45.138],[-0.308,45.149],[-0.281,45.144],[-0.275,45.141],[-0.275,45.135],[-0.268,45.134],[-0.267,45.127],[-0.258,45.118],[-0.259,45.115],[-0.247,45.109],[-0.219,45.107],[-0.21,45.1],[-0.191,45.094],[-0.164,45.093],[-0.154,45.089],[-0.142,45.09],[-0.131,45.097],[-0.128,45.105],[-0.12,45.108],[-0.113,45.115],[-0.098,45.121],[-0.088,45.121],[-0.085,45.116],[-0.072,45.108],[-0.064,45.099],[-0.053,45.101],[-0.048,45.098],[-0.04,45.102],[-0.03,45.108],[-0.026,45.115],[-0.015,45.115],[-0.007,45.119],[0.044,45.115],[0.052,45.109],[0.055,45.1],[0.063,45.096],[0.065,45.081],[0.072,45.075],[0.073,45.07],[0.066,45.061],[0.062,45.051],[0.057,45.05],[0.054,45.039],[0.044,45.036],[0.041,45.022],[0.039,45.024],[0.035,45.014],[0.04,44.994],[0.037,44.992],[0.033,44.981],[0.027,44.975],[0.018,44.981],[0.014,44.979],[0.015,44.972],[0.009,44.963],[0.01,44.954],[0.003,44.947],[0.012,44.941],[0.018,44.928],[0.028,44.922],[0.034,44.914],[0.015,44.894],[0.012,44.884],[0.003,44.881],[0.001,44.876],[0.003,44.874],[-0.009,44.866],[-0.008,44.863],[-0.011,44.858],[-0.033,44.856],[-0.034,44.852],[0.004,44.846],[0.021,44.85],[0.039,44.839],[0.037,44.83],[0.039,44.827],[0.047,44.825],[0.062,44.826],[0.072,44.819],[0.077,44.821],[0.083,44.831],[0.099,44.833],[0.108,44.832],[0.109,44.821],[0.112,44.819],[0.124,44.828],[0.147,44.829],[0.161,44.826],[0.179,44.826],[0.191,44.82],[0.209,44.841],[0.226,44.846],[0.242,44.857],[0.244,44.861],[0.238,44.872],[0.255,44.867],[0.279,44.867],[0.315,44.845],[0.308,44.839],[0.301,44.84],[0.298,44.833],[0.301,44.829],[0.292,44.832],[0.287,44.823],[0.264,44.826],[0.266,44.813],[0.269,44.811],[0.275,44.8],[0.271,44.785],[0.277,44.781],[0.278,44.775],[0.297,44.762],[0.295,44.757],[0.292,44.759],[0.281,44.753],[0.252,44.75],[0.245,44.753],[0.24,44.763],[0.226,44.764],[0.213,44.75],[0.215,44.746],[0.21,44.74],[0.219,44.725],[0.201,44.723],[0.195,44.743],[0.19,44.746],[0.192,44.749],[0.184,44.749],[0.176,44.74],[0.175,44.734],[0.164,44.736],[0.151,44.73],[0.14,44.736],[0.139,44.721],[0.135,44.722],[0.14,44.714],[0.132,44.709],[0.135,44.707],[0.133,44.705],[0.118,44.713],[0.108,44.711],[0.105,44.708],[0.107,44.706],[0.106,44.702],[0.1,44.701],[0.102,44.696],[0.106,44.696],[0.104,44.686],[0.111,44.685],[0.114,44.681],[0.121,44.684],[0.134,44.682],[0.13,44.673],[0.137,44.666],[0.144,44.665],[0.162,44.671],[0.177,44.667],[0.182,44.659],[0.169,44.647],[0.168,44.639],[0.165,44.633],[0.15,44.633],[0.141,44.641],[0.138,44.639],[0.14,44.633],[0.136,44.632],[0.139,44.627],[0.145,44.626],[0.155,44.615],[0.151,44.609],[0.135,44.608],[0.111,44.59],[0.082,44.584],[0.086,44.576],[0.082,44.57],[0.082,44.563],[0.076,44.564],[0.072,44.553],[0.074,44.552],[0.072,44.549],[0.045,44.551],[0.038,44.554],[0.032,44.549],[0.025,44.548],[0.021,44.541],[-0.001,44.552],[-0.001,44.548],[0.009,44.539],[0.012,44.539],[0.018,44.53],[0.01,44.522],[-0.006,44.517],[-0.01,44.51],[-0.015,44.507],[-0.018,44.492],[-0.015,44.489],[-0.012,44.473],[-0.015,44.468],[-0.013,44.461],[-0.003,44.461],[0.005,44.457],[0.008,44.447],[0.003,44.443],[-0.005,44.442],[-0.004,44.438],[-0.009,44.434],[-0.006,44.424],[-0.012,44.422],[-0.014,44.419],[-0.005,44.418],[-0.009,44.412],[0.006,44.401],[0.004,44.398],[0.012,44.395],[0.018,44.39],[0.019,44.387],[0.007,44.382],[0.024,44.377],[0.023,44.376],[0.015,44.367],[0.006,44.367],[0.001,44.372],[-0.012,44.372],[-0.029,44.36],[-0.054,44.359],[-0.058,44.361],[-0.07,44.353],[-0.079,44.354],[-0.086,44.338],[-0.067,44.322],[-0.06,44.321],[-0.035,44.297],[-0.043,44.294],[-0.037,44.286],[-0.033,44.272],[-0.046,44.27],[-0.053,44.266],[-0.067,44.247],[-0.069,44.251],[-0.074,44.252],[-0.075,44.249],[-0.088,44.241],[-0.088,44.236],[-0.097,44.238],[-0.098,44.234],[-0.108,44.231],[-0.123,44.241],[-0.127,44.233],[-0.141,44.226],[-0.166,44.241],[-0.175,44.257],[-0.194,44.272],[-0.204,44.264],[-0.226,44.265],[-0.228,44.256],[-0.223,44.206],[-0.272,44.194],[-0.311,44.203],[-0.39,44.209],[-0.397,44.237],[-0.383,44.286],[-0.405,44.287],[-0.42,44.299],[-0.432,44.301],[-0.432,44.323],[-0.479,44.325],[-0.518,44.339],[-0.528,44.365],[-0.561,44.375],[-0.571,44.383],[-0.642,44.4],[-0.628,44.406],[-0.625,44.412],[-0.628,44.443],[-0.644,44.45],[-0.676,44.457],[-0.683,44.451],[-0.679,44.45],[-0.682,44.444],[-0.692,44.441],[-0.73,44.448],[-0.781,44.44],[-0.777,44.437],[-0.78,44.435],[-0.778,44.434],[-0.78,44.428],[-0.798,44.428],[-0.81,44.42],[-0.843,44.418],[-0.912,44.437],[-0.919,44.443],[-0.97,44.429],[-1.029,44.423],[-1.008,44.437],[-0.981,44.483],[-0.988,44.508],[-0.991,44.512],[-1.027,44.507],[-1.085,44.532],[-1.106,44.503],[-1.254,44.468],[-1.251,44.506],[-1.26,44.543],[-1.259,44.547],[-1.232,44.569],[-1.212,44.6],[-1.205,44.614],[-1.204,44.64],[-1.192,44.661],[-1.164,44.664],[-1.153,44.661],[-1.152,44.663],[-1.145,44.658],[-1.142,44.659],[-1.144,44.657],[-1.14,44.653],[-1.154,44.647],[-1.155,44.644],[-1.149,44.64],[-1.144,44.64],[-1.146,44.645],[-1.143,44.647],[-1.128,44.648],[-1.118,44.647],[-1.117,44.643],[-1.114,44.645],[-1.104,44.644],[-1.103,44.646],[-1.096,44.644],[-1.096,44.642],[-1.081,44.64],[-1.078,44.644],[-1.074,44.642],[-1.075,44.646],[-1.071,44.644],[-1.066,44.647],[-1.051,44.644],[-1.052,44.649],[-1.045,44.648],[-1.039,44.654],[-1.036,44.649],[-1.029,44.648],[-1.022,44.642],[-1.02,44.643],[-1.02,44.649],[-1.004,44.648],[-1.005,44.654],[-1.019,44.664],[-1.019,44.67],[-1.024,44.676],[-1.019,44.678],[-1.028,44.677],[-1.031,44.68],[-1.036,44.678],[-1.044,44.681],[-1.038,44.686],[-1.04,44.686],[-1.05,44.682],[-1.069,44.696],[-1.064,44.697],[-1.058,44.694],[-1.037,44.692],[-1.046,44.701],[-1.054,44.704],[-1.051,44.706],[-1.086,44.726],[-1.102,44.74],[-1.118,44.744],[-1.123,44.751],[-1.116,44.755],[-1.128,44.751],[-1.143,44.762],[-1.151,44.764],[-1.151,44.767],[-1.162,44.775],[-1.165,44.773],[-1.168,44.776],[-1.18,44.758],[-1.174,44.755],[-1.174,44.745],[-1.19,44.737],[-1.191,44.731],[-1.204,44.722],[-1.204,44.718],[-1.223,44.71],[-1.224,44.708],[-1.222,44.707],[-1.233,44.693],[-1.24,44.668],[-1.239,44.658],[-1.246,44.642],[-1.246,44.637],[-1.241,44.643],[-1.241,44.64],[-1.245,44.631],[-1.243,44.629],[-1.245,44.623],[-1.252,44.618],[-1.26,44.626],[-1.262,44.632],[-1.258,44.678],[-1.227,44.84],[-1.208,44.962],[-1.19,45.108],[-1.162,45.3],[-1.159,45.358],[-1.161,45.411],[-1.151,45.442],[-1.156,45.476],[-1.136,45.511],[-1.119,45.523],[-1.106,45.539],[-1.101,45.54],[-1.096,45.557],[-1.091,45.562],[-1.062,45.572],[-1.026,45.575]]]]}},{"type":"Feature","properties":{"code":"34","nom":"Hérault"},"geometry":{"type":"Polygon","coordinates":[[[3.358,43.914],[3.362,43.91],[3.367,43.914],[3.367,43.917],[3.37,43.917],[3.378,43.912],[3.395,43.909],[3.401,43.915],[3.415,43.915],[3.424,43.912],[3.44,43.897],[3.432,43.894],[3.441,43.888],[3.435,43.885],[3.431,43.873],[3.422,43.872],[3.432,43.863],[3.446,43.87],[3.456,43.869],[3.463,43.872],[3.483,43.892],[3.496,43.89],[3.497,43.892],[3.503,43.891],[3.503,43.897],[3.513,43.896],[3.519,43.892],[3.516,43.889],[3.523,43.888],[3.524,43.884],[3.52,43.883],[3.524,43.88],[3.522,43.879],[3.524,43.876],[3.52,43.871],[3.523,43.867],[3.519,43.863],[3.524,43.864],[3.528,43.861],[3.526,43.859],[3.528,43.854],[3.532,43.857],[3.538,43.853],[3.554,43.852],[3.558,43.857],[3.579,43.844],[3.581,43.848],[3.601,43.849],[3.599,43.855],[3.584,43.859],[3.576,43.865],[3.585,43.88],[3.6,43.887],[3.602,43.891],[3.6,43.892],[3.608,43.902],[3.612,43.902],[3.624,43.917],[3.639,43.916],[3.64,43.913],[3.632,43.899],[3.639,43.896],[3.648,43.902],[3.646,43.912],[3.643,43.916],[3.671,43.91],[3.679,43.925],[3.676,43.931],[3.684,43.94],[3.69,43.94],[3.689,43.944],[3.682,43.947],[3.686,43.954],[3.69,43.952],[3.705,43.962],[3.711,43.96],[3.717,43.961],[3.731,43.972],[3.744,43.967],[3.75,43.968],[3.752,43.973],[3.759,43.968],[3.77,43.969],[3.78,43.965],[3.781,43.968],[3.787,43.967],[3.787,43.955],[3.796,43.942],[3.82,43.942],[3.827,43.937],[3.824,43.929],[3.829,43.925],[3.82,43.911],[3.8,43.891],[3.804,43.879],[3.822,43.875],[3.831,43.866],[3.838,43.871],[3.852,43.868],[3.853,43.873],[3.857,43.877],[3.897,43.878],[3.903,43.879],[3.911,43.888],[3.917,43.888],[3.92,43.881],[3.918,43.868],[3.922,43.858],[3.938,43.854],[3.958,43.854],[3.958,43.844],[3.979,43.843],[3.973,43.837],[3.978,43.83],[3.962,43.817],[3.961,43.807],[3.966,43.802],[3.972,43.804],[3.974,43.801],[4.001,43.813],[4.019,43.807],[4.054,43.786],[4.051,43.78],[4.054,43.772],[4.063,43.772],[4.068,43.765],[4.084,43.768],[4.09,43.765],[4.093,43.763],[4.09,43.761],[4.094,43.752],[4.107,43.747],[4.114,43.738],[4.122,43.737],[4.131,43.741],[4.143,43.737],[4.152,43.717],[4.163,43.707],[4.167,43.699],[4.163,43.687],[4.179,43.675],[4.178,43.672],[4.194,43.655],[4.191,43.647],[4.194,43.642],[4.169,43.609],[4.15,43.598],[4.15,43.586],[4.124,43.589],[4.099,43.585],[4.084,43.592],[4.075,43.589],[4.08,43.59],[4.096,43.582],[4.108,43.57],[4.109,43.568],[4.101,43.554],[4.051,43.557],[4.007,43.552],[3.934,43.528],[3.935,43.526],[3.932,43.524],[3.928,43.525],[3.894,43.511],[3.851,43.486],[3.797,43.441],[3.777,43.431],[3.725,43.416],[3.726,43.401],[3.708,43.399],[3.692,43.392],[3.682,43.393],[3.674,43.39],[3.67,43.394],[3.665,43.393],[3.635,43.378],[3.566,43.326],[3.525,43.288],[3.516,43.275],[3.51,43.272],[3.499,43.275],[3.483,43.274],[3.452,43.282],[3.444,43.282],[3.43,43.29],[3.394,43.286],[3.343,43.27],[3.276,43.236],[3.241,43.213],[3.226,43.22],[3.228,43.222],[3.204,43.242],[3.199,43.25],[3.187,43.251],[3.175,43.244],[3.158,43.242],[3.144,43.247],[3.148,43.253],[3.142,43.26],[3.12,43.262],[3.115,43.254],[3.111,43.253],[3.087,43.264],[3.078,43.262],[3.054,43.28],[3.037,43.283],[3.034,43.28],[3.022,43.282],[3.023,43.277],[3.011,43.274],[3.01,43.276],[3.013,43.282],[3.005,43.285],[3.007,43.309],[3.003,43.31],[3.004,43.32],[2.947,43.312],[2.921,43.326],[2.914,43.32],[2.89,43.328],[2.884,43.335],[2.892,43.344],[2.888,43.354],[2.89,43.365],[2.87,43.373],[2.873,43.379],[2.869,43.382],[2.857,43.377],[2.855,43.373],[2.863,43.365],[2.863,43.362],[2.869,43.359],[2.872,43.35],[2.871,43.342],[2.876,43.34],[2.872,43.338],[2.869,43.331],[2.838,43.322],[2.818,43.324],[2.806,43.32],[2.806,43.316],[2.818,43.31],[2.788,43.289],[2.788,43.272],[2.783,43.267],[2.775,43.264],[2.772,43.258],[2.753,43.255],[2.738,43.267],[2.726,43.273],[2.715,43.277],[2.713,43.274],[2.705,43.275],[2.699,43.281],[2.707,43.294],[2.703,43.295],[2.705,43.299],[2.698,43.303],[2.701,43.311],[2.698,43.316],[2.689,43.323],[2.688,43.317],[2.676,43.314],[2.678,43.307],[2.675,43.302],[2.672,43.303],[2.665,43.297],[2.659,43.296],[2.659,43.293],[2.639,43.295],[2.632,43.298],[2.627,43.289],[2.617,43.284],[2.617,43.289],[2.607,43.297],[2.601,43.298],[2.602,43.305],[2.598,43.31],[2.6,43.314],[2.592,43.318],[2.585,43.333],[2.556,43.338],[2.551,43.334],[2.545,43.345],[2.541,43.346],[2.546,43.352],[2.549,43.361],[2.557,43.367],[2.551,43.378],[2.556,43.385],[2.555,43.388],[2.569,43.4],[2.586,43.399],[2.593,43.404],[2.595,43.409],[2.593,43.413],[2.58,43.412],[2.577,43.418],[2.566,43.423],[2.581,43.423],[2.587,43.428],[2.596,43.429],[2.597,43.433],[2.606,43.431],[2.606,43.441],[2.618,43.438],[2.628,43.448],[2.646,43.459],[2.638,43.465],[2.643,43.469],[2.648,43.469],[2.666,43.462],[2.668,43.47],[2.657,43.482],[2.659,43.484],[2.655,43.497],[2.661,43.503],[2.659,43.517],[2.676,43.513],[2.667,43.523],[2.655,43.527],[2.65,43.535],[2.631,43.548],[2.627,43.552],[2.627,43.557],[2.616,43.567],[2.632,43.584],[2.627,43.588],[2.627,43.593],[2.622,43.592],[2.622,43.596],[2.616,43.595],[2.615,43.6],[2.629,43.61],[2.626,43.618],[2.631,43.62],[2.635,43.625],[2.646,43.66],[2.652,43.658],[2.652,43.649],[2.67,43.649],[2.685,43.654],[2.686,43.651],[2.71,43.647],[2.711,43.644],[2.72,43.645],[2.725,43.637],[2.731,43.636],[2.735,43.631],[2.738,43.632],[2.744,43.62],[2.755,43.614],[2.767,43.617],[2.772,43.622],[2.783,43.626],[2.795,43.624],[2.808,43.636],[2.813,43.636],[2.814,43.641],[2.828,43.637],[2.847,43.646],[2.857,43.643],[2.874,43.645],[2.879,43.657],[2.907,43.654],[2.92,43.662],[2.917,43.669],[2.922,43.679],[2.919,43.688],[2.935,43.695],[2.938,43.69],[2.947,43.693],[2.958,43.7],[2.985,43.709],[2.987,43.706],[2.993,43.708],[3.009,43.702],[3.012,43.704],[3.016,43.698],[3.027,43.693],[3.033,43.692],[3.045,43.697],[3.06,43.693],[3.062,43.695],[3.062,43.702],[3.069,43.707],[3.053,43.716],[3.058,43.727],[3.052,43.732],[3.059,43.738],[3.053,43.746],[3.056,43.755],[3.068,43.757],[3.069,43.762],[3.076,43.769],[3.065,43.773],[3.065,43.776],[3.059,43.78],[3.056,43.793],[3.049,43.802],[3.053,43.807],[3.063,43.809],[3.064,43.815],[3.058,43.819],[3.059,43.831],[3.065,43.836],[3.086,43.836],[3.111,43.828],[3.124,43.818],[3.132,43.816],[3.15,43.814],[3.158,43.818],[3.181,43.813],[3.211,43.813],[3.223,43.818],[3.229,43.825],[3.249,43.83],[3.251,43.843],[3.24,43.849],[3.234,43.859],[3.238,43.87],[3.243,43.875],[3.254,43.877],[3.259,43.881],[3.265,43.895],[3.275,43.898],[3.283,43.893],[3.293,43.896],[3.319,43.891],[3.343,43.894],[3.34,43.902],[3.358,43.914]]]}},{"type":"Feature","properties":{"code":"35","nom":"Ille-et-Vilaine"},"geometry":{"type":"MultiPolygon","coordinates":[[[[-2.159,48.637],[-2.162,48.639],[-2.159,48.639],[-2.159,48.637]]],[[[-1.954,48.697],[-1.955,48.699],[-1.953,48.699],[-1.954,48.697]]],[[[-2.124,48.604],[-2.124,48.607],[-2.131,48.61],[-2.131,48.613],[-2.136,48.613],[-2.139,48.625],[-2.15,48.627],[-2.151,48.635],[-2.141,48.632],[-2.133,48.636],[-2.132,48.639],[-2.127,48.635],[-2.122,48.636],[-2.112,48.644],[-2.111,48.638],[-2.098,48.638],[-2.095,48.634],[-2.082,48.636],[-2.077,48.641],[-2.069,48.638],[-2.057,48.64],[-2.056,48.636],[-2.052,48.636],[-2.049,48.639],[-2.046,48.636],[-2.051,48.633],[-2.055,48.627],[-2.054,48.626],[-2.047,48.624],[-2.034,48.627],[-2.03,48.624],[-2.033,48.621],[-2.029,48.615],[-2.034,48.613],[-2.034,48.61],[-2.03,48.607],[-2.031,48.604],[-2.02,48.604],[-2.025,48.603],[-2.025,48.598],[-2.02,48.598],[-2.013,48.586],[-2.005,48.588],[-2.003,48.584],[-1.996,48.583],[-1.994,48.578],[-2.003,48.577],[-2.013,48.571],[-2.007,48.566],[-2.016,48.562],[-2.022,48.553],[-2.03,48.555],[-2.037,48.55],[-2.039,48.542],[-2.044,48.541],[-2.054,48.554],[-2.045,48.557],[-2.048,48.561],[-2.045,48.564],[-2.057,48.566],[-2.058,48.57],[-2.076,48.568],[-2.095,48.571],[-2.098,48.577],[-2.102,48.576],[-2.109,48.584],[-2.115,48.584],[-2.125,48.591],[-2.126,48.597],[-2.124,48.604]]],[[[-2.074,48.675],[-2.069,48.679],[-2.068,48.677],[-2.074,48.675]]],[[[-1.948,48.539],[-1.969,48.537],[-1.961,48.549],[-1.963,48.556],[-1.978,48.557],[-1.974,48.56],[-1.974,48.568],[-1.982,48.572],[-1.987,48.585],[-1.982,48.586],[-1.961,48.575],[-1.955,48.576],[-1.954,48.579],[-1.966,48.584],[-1.961,48.59],[-1.961,48.592],[-1.973,48.589],[-1.977,48.593],[-1.993,48.594],[-1.998,48.591],[-2.002,48.594],[-1.997,48.604],[-2.002,48.6],[-2.012,48.598],[-2.012,48.604],[-2.001,48.615],[-2.015,48.614],[-2.018,48.62],[-2.013,48.623],[-2.014,48.627],[-2.018,48.628],[-2.023,48.635],[-2.031,48.634],[-2.031,48.637],[-2.02,48.64],[-2.025,48.642],[-2.024,48.646],[-2.029,48.647],[-2.029,48.65],[-2.01,48.654],[-1.989,48.665],[-1.982,48.676],[-1.989,48.68],[-1.991,48.683],[-1.988,48.684],[-1.986,48.681],[-1.981,48.682],[-1.965,48.687],[-1.962,48.686],[-1.963,48.682],[-1.958,48.681],[-1.945,48.685],[-1.938,48.684],[-1.948,48.69],[-1.952,48.691],[-1.956,48.687],[-1.959,48.691],[-1.938,48.694],[-1.937,48.702],[-1.933,48.701],[-1.933,48.694],[-1.924,48.692],[-1.917,48.696],[-1.913,48.691],[-1.905,48.69],[-1.896,48.693],[-1.89,48.699],[-1.875,48.695],[-1.868,48.701],[-1.863,48.7],[-1.845,48.712],[-1.844,48.702],[-1.849,48.702],[-1.85,48.699],[-1.845,48.697],[-1.849,48.695],[-1.847,48.69],[-1.841,48.688],[-1.84,48.683],[-1.836,48.68],[-1.846,48.677],[-1.851,48.671],[-1.863,48.667],[-1.864,48.655],[-1.872,48.646],[-1.855,48.623],[-1.843,48.615],[-1.826,48.611],[-1.768,48.602],[-1.675,48.611],[-1.664,48.61],[-1.571,48.626],[-1.566,48.62],[-1.566,48.614],[-1.544,48.606],[-1.547,48.602],[-1.537,48.599],[-1.544,48.587],[-1.543,48.58],[-1.532,48.581],[-1.528,48.579],[-1.527,48.574],[-1.519,48.567],[-1.524,48.564],[-1.527,48.566],[-1.524,48.562],[-1.529,48.56],[-1.526,48.557],[-1.534,48.55],[-1.53,48.544],[-1.516,48.538],[-1.519,48.535],[-1.518,48.53],[-1.511,48.526],[-1.511,48.524],[-1.508,48.523],[-1.504,48.519],[-1.505,48.515],[-1.503,48.516],[-1.495,48.507],[-1.49,48.496],[-1.49,48.489],[-1.484,48.491],[-1.482,48.487],[-1.473,48.485],[-1.467,48.488],[-1.459,48.485],[-1.45,48.488],[-1.435,48.477],[-1.44,48.471],[-1.423,48.461],[-1.398,48.462],[-1.38,48.456],[-1.37,48.461],[-1.365,48.466],[-1.354,48.468],[-1.345,48.473],[-1.349,48.482],[-1.339,48.491],[-1.329,48.486],[-1.331,48.493],[-1.329,48.493],[-1.328,48.498],[-1.322,48.5],[-1.317,48.496],[-1.301,48.499],[-1.288,48.51],[-1.28,48.509],[-1.278,48.515],[-1.27,48.524],[-1.269,48.529],[-1.272,48.534],[-1.254,48.543],[-1.249,48.544],[-1.239,48.538],[-1.222,48.539],[-1.217,48.537],[-1.206,48.539],[-1.207,48.542],[-1.199,48.536],[-1.199,48.532],[-1.193,48.529],[-1.17,48.531],[-1.154,48.519],[-1.147,48.518],[-1.134,48.522],[-1.116,48.522],[-1.115,48.518],[-1.104,48.513],[-1.07,48.508],[-1.067,48.504],[-1.077,48.502],[-1.076,48.495],[-1.079,48.49],[-1.07,48.486],[-1.079,48.482],[-1.073,48.482],[-1.075,48.477],[-1.071,48.473],[-1.071,48.469],[-1.066,48.47],[-1.064,48.467],[-1.067,48.461],[-1.065,48.451],[-1.08,48.444],[-1.084,48.434],[-1.077,48.422],[-1.08,48.414],[-1.069,48.406],[-1.054,48.384],[-1.053,48.381],[-1.065,48.367],[-1.059,48.367],[-1.055,48.364],[-1.059,48.359],[-1.06,48.349],[-1.045,48.328],[-1.054,48.321],[-1.059,48.312],[-1.082,48.298],[-1.084,48.293],[-1.091,48.289],[-1.094,48.273],[-1.1,48.268],[-1.102,48.263],[-1.099,48.26],[-1.099,48.249],[-1.09,48.239],[-1.092,48.233],[-1.086,48.231],[-1.084,48.221],[-1.081,48.22],[-1.087,48.209],[-1.074,48.2],[-1.077,48.194],[-1.08,48.175],[-1.075,48.172],[-1.078,48.169],[-1.073,48.166],[-1.074,48.159],[-1.064,48.16],[-1.06,48.15],[-1.059,48.126],[-1.054,48.117],[-1.055,48.109],[-1.052,48.105],[-1.05,48.09],[-1.041,48.078],[-1.022,48.068],[-1.027,48.065],[-1.034,48.052],[-1.026,48.046],[-1.03,48.044],[-1.027,48.04],[-1.03,48.036],[-1.035,48.034],[-1.018,48.013],[-1.019,48.004],[-1.016,48.004],[-1.02,48],[-1.021,47.995],[-1.038,47.991],[-1.05,47.984],[-1.064,47.985],[-1.072,47.982],[-1.086,47.987],[-1.103,47.989],[-1.125,47.987],[-1.128,47.981],[-1.124,47.98],[-1.128,47.976],[-1.125,47.972],[-1.155,47.966],[-1.161,47.959],[-1.159,47.954],[-1.162,47.952],[-1.16,47.939],[-1.167,47.936],[-1.163,47.928],[-1.168,47.917],[-1.176,47.912],[-1.177,47.908],[-1.176,47.897],[-1.182,47.892],[-1.197,47.889],[-1.197,47.878],[-1.192,47.875],[-1.189,47.867],[-1.198,47.864],[-1.204,47.858],[-1.216,47.857],[-1.223,47.852],[-1.214,47.845],[-1.216,47.831],[-1.222,47.826],[-1.22,47.821],[-1.223,47.819],[-1.232,47.82],[-1.236,47.818],[-1.233,47.817],[-1.238,47.81],[-1.243,47.808],[-1.236,47.798],[-1.24,47.793],[-1.246,47.777],[-1.312,47.791],[-1.365,47.799],[-1.361,47.803],[-1.378,47.81],[-1.377,47.815],[-1.381,47.822],[-1.395,47.829],[-1.406,47.825],[-1.411,47.829],[-1.418,47.827],[-1.423,47.832],[-1.439,47.83],[-1.448,47.833],[-1.454,47.831],[-1.463,47.836],[-1.472,47.833],[-1.478,47.836],[-1.482,47.831],[-1.475,47.825],[-1.467,47.809],[-1.471,47.803],[-1.491,47.798],[-1.5,47.798],[-1.503,47.801],[-1.52,47.794],[-1.529,47.785],[-1.55,47.783],[-1.553,47.785],[-1.565,47.779],[-1.576,47.778],[-1.586,47.78],[-1.598,47.77],[-1.594,47.767],[-1.605,47.763],[-1.623,47.764],[-1.627,47.76],[-1.626,47.757],[-1.634,47.743],[-1.636,47.742],[-1.64,47.726],[-1.638,47.722],[-1.648,47.721],[-1.656,47.715],[-1.658,47.709],[-1.689,47.713],[-1.711,47.708],[-1.711,47.7],[-1.722,47.698],[-1.751,47.707],[-1.772,47.698],[-1.821,47.705],[-1.828,47.711],[-1.84,47.706],[-1.858,47.708],[-1.864,47.707],[-1.867,47.702],[-1.878,47.695],[-1.899,47.696],[-1.936,47.687],[-1.954,47.672],[-1.961,47.671],[-1.969,47.674],[-1.969,47.69],[-1.974,47.694],[-1.987,47.681],[-2.009,47.671],[-2.013,47.666],[-2.039,47.67],[-2.05,47.662],[-2.048,47.657],[-2.051,47.65],[-2.081,47.65],[-2.09,47.642],[-2.097,47.631],[-2.105,47.638],[-2.094,47.64],[-2.096,47.647],[-2.102,47.644],[-2.114,47.648],[-2.112,47.655],[-2.103,47.667],[-2.104,47.676],[-2.123,47.683],[-2.122,47.688],[-2.125,47.691],[-2.119,47.709],[-2.131,47.722],[-2.107,47.732],[-2.109,47.737],[-2.059,47.738],[-2.058,47.742],[-2.062,47.751],[-2.084,47.75],[-2.085,47.763],[-2.126,47.761],[-2.128,47.762],[-2.128,47.769],[-2.124,47.771],[-2.11,47.771],[-2.11,47.779],[-2.095,47.779],[-2.08,47.789],[-2.074,47.789],[-2.069,47.802],[-2.07,47.811],[-2.047,47.818],[-2.046,47.823],[-2.036,47.833],[-2.048,47.836],[-2.052,47.841],[-2.05,47.844],[-2.054,47.854],[-2.051,47.857],[-2.051,47.861],[-2.055,47.869],[-2.064,47.86],[-2.069,47.852],[-2.091,47.843],[-2.102,47.844],[-2.109,47.849],[-2.105,47.852],[-2.104,47.859],[-2.096,47.862],[-2.114,47.877],[-2.117,47.881],[-2.114,47.886],[-2.116,47.89],[-2.112,47.895],[-2.106,47.893],[-2.101,47.896],[-2.106,47.902],[-2.101,47.9],[-2.087,47.904],[-2.082,47.909],[-2.086,47.914],[-2.079,47.919],[-2.093,47.932],[-2.098,47.933],[-2.102,47.939],[-2.098,47.943],[-2.1,47.948],[-2.11,47.953],[-2.111,47.96],[-2.125,47.965],[-2.137,47.979],[-2.144,47.984],[-2.178,47.98],[-2.187,47.983],[-2.188,47.989],[-2.191,47.991],[-2.211,47.995],[-2.216,47.993],[-2.224,47.996],[-2.226,47.995],[-2.239,48],[-2.288,47.992],[-2.29,48.001],[-2.282,48.003],[-2.276,48.01],[-2.283,48.018],[-2.28,48.026],[-2.261,48.042],[-2.242,48.053],[-2.225,48.051],[-2.189,48.052],[-2.188,48.057],[-2.181,48.057],[-2.17,48.063],[-2.172,48.073],[-2.168,48.076],[-2.181,48.083],[-2.22,48.081],[-2.236,48.076],[-2.233,48.069],[-2.234,48.063],[-2.256,48.063],[-2.258,48.073],[-2.248,48.085],[-2.253,48.088],[-2.252,48.094],[-2.256,48.097],[-2.255,48.109],[-2.287,48.134],[-2.283,48.145],[-2.278,48.146],[-2.277,48.148],[-2.275,48.147],[-2.271,48.152],[-2.259,48.151],[-2.256,48.146],[-2.25,48.144],[-2.236,48.145],[-2.235,48.149],[-2.248,48.153],[-2.249,48.157],[-2.245,48.161],[-2.229,48.165],[-2.223,48.174],[-2.225,48.184],[-2.219,48.193],[-2.222,48.2],[-2.218,48.204],[-2.224,48.204],[-2.225,48.208],[-2.228,48.21],[-2.213,48.214],[-2.202,48.208],[-2.184,48.21],[-2.186,48.22],[-2.19,48.222],[-2.191,48.225],[-2.186,48.236],[-2.188,48.241],[-2.187,48.248],[-2.184,48.249],[-2.167,48.253],[-2.154,48.261],[-2.15,48.259],[-2.124,48.259],[-2.107,48.252],[-2.111,48.257],[-2.104,48.258],[-2.096,48.267],[-2.109,48.268],[-2.114,48.271],[-2.11,48.275],[-2.081,48.277],[-2.075,48.285],[-2.079,48.293],[-2.053,48.298],[-2.047,48.294],[-2.049,48.29],[-2.028,48.285],[-2.025,48.281],[-2.014,48.282],[-2.014,48.28],[-2.002,48.281],[-2.005,48.292],[-1.999,48.29],[-1.998,48.297],[-1.993,48.299],[-1.975,48.302],[-1.968,48.292],[-1.958,48.293],[-1.956,48.296],[-1.968,48.303],[-1.957,48.307],[-1.959,48.314],[-1.954,48.316],[-1.967,48.343],[-1.947,48.342],[-1.929,48.347],[-1.933,48.361],[-1.943,48.36],[-1.948,48.369],[-1.945,48.374],[-1.946,48.38],[-1.938,48.383],[-1.94,48.386],[-1.937,48.39],[-1.94,48.393],[-1.93,48.395],[-1.943,48.401],[-1.936,48.407],[-1.941,48.411],[-1.938,48.412],[-1.936,48.417],[-1.952,48.429],[-1.949,48.436],[-1.952,48.439],[-1.949,48.446],[-1.939,48.447],[-1.926,48.456],[-1.924,48.463],[-1.927,48.468],[-1.933,48.47],[-1.928,48.476],[-1.909,48.482],[-1.915,48.492],[-1.92,48.492],[-1.923,48.499],[-1.923,48.505],[-1.911,48.506],[-1.911,48.515],[-1.919,48.535],[-1.927,48.538],[-1.927,48.54],[-1.922,48.544],[-1.932,48.551],[-1.948,48.539]]]]}},{"type":"Feature","properties":{"code":"36","nom":"Indre"},"geometry":{"type":"Polygon","coordinates":[[[1.327,47.186],[1.338,47.196],[1.351,47.194],[1.371,47.2],[1.401,47.212],[1.421,47.229],[1.458,47.24],[1.482,47.239],[1.495,47.235],[1.494,47.232],[1.501,47.232],[1.503,47.235],[1.525,47.226],[1.528,47.219],[1.531,47.219],[1.535,47.225],[1.525,47.242],[1.531,47.249],[1.524,47.255],[1.56,47.261],[1.593,47.258],[1.592,47.277],[1.606,47.275],[1.613,47.277],[1.619,47.272],[1.628,47.276],[1.645,47.272],[1.652,47.273],[1.652,47.269],[1.645,47.264],[1.668,47.257],[1.671,47.261],[1.677,47.259],[1.683,47.263],[1.705,47.265],[1.705,47.271],[1.716,47.277],[1.749,47.248],[1.776,47.231],[1.791,47.232],[1.796,47.238],[1.839,47.219],[1.84,47.208],[1.837,47.199],[1.842,47.178],[1.823,47.173],[1.811,47.164],[1.808,47.153],[1.775,47.131],[1.79,47.126],[1.794,47.121],[1.804,47.119],[1.809,47.122],[1.827,47.122],[1.849,47.109],[1.883,47.101],[1.888,47.105],[1.894,47.103],[1.905,47.109],[1.923,47.102],[1.926,47.107],[1.964,47.125],[1.969,47.125],[1.97,47.121],[1.973,47.121],[1.988,47.127],[1.997,47.127],[2,47.124],[1.998,47.123],[2.001,47.119],[2,47.114],[2.013,47.111],[2.007,47.108],[2.003,47.094],[2.029,47.095],[2.03,47.097],[2.025,47.104],[2.049,47.107],[2.048,47.105],[2.054,47.102],[2.047,47.094],[2.054,47.087],[2.056,47.072],[2.041,47.066],[2.038,47.056],[2.029,47.046],[2.031,47.042],[2.051,47.042],[2.052,47.04],[2.06,47.035],[2.064,47.028],[2.075,47.026],[2.086,47.016],[2.093,47.016],[2.103,47.007],[2.109,46.997],[2.092,46.988],[2.096,46.985],[2.093,46.979],[2.087,46.973],[2.091,46.968],[2.088,46.96],[2.07,46.954],[2.07,46.934],[2.11,46.913],[2.147,46.918],[2.155,46.912],[2.139,46.889],[2.126,46.88],[2.114,46.88],[2.107,46.872],[2.083,46.869],[2.096,46.855],[2.08,46.841],[2.076,46.835],[2.045,46.837],[2.051,46.827],[2.073,46.809],[2.081,46.807],[2.093,46.8],[2.096,46.801],[2.117,46.78],[2.115,46.774],[2.108,46.776],[2.11,46.772],[2.107,46.765],[2.098,46.761],[2.096,46.755],[2.067,46.752],[2.066,46.742],[2.072,46.735],[2.079,46.734],[2.082,46.73],[2.085,46.732],[2.091,46.727],[2.093,46.724],[2.087,46.713],[2.102,46.708],[2.107,46.711],[2.118,46.71],[2.131,46.706],[2.141,46.696],[2.155,46.692],[2.148,46.682],[2.144,46.682],[2.148,46.677],[2.137,46.677],[2.139,46.664],[2.163,46.654],[2.163,46.646],[2.176,46.651],[2.179,46.643],[2.189,46.642],[2.186,46.633],[2.18,46.628],[2.187,46.617],[2.184,46.612],[2.186,46.604],[2.181,46.6],[2.177,46.602],[2.169,46.595],[2.167,46.589],[2.172,46.567],[2.175,46.564],[2.159,46.558],[2.169,46.539],[2.181,46.529],[2.183,46.509],[2.199,46.502],[2.199,46.498],[2.194,46.496],[2.204,46.491],[2.204,46.484],[2.193,46.47],[2.157,46.462],[2.151,46.458],[2.154,46.455],[2.151,46.448],[2.158,46.44],[2.154,46.434],[2.168,46.424],[2.158,46.422],[2.146,46.424],[2.127,46.419],[2.116,46.422],[2.103,46.409],[2.089,46.409],[2.079,46.412],[2.074,46.42],[2.045,46.421],[2.02,46.429],[1.993,46.431],[1.991,46.435],[1.979,46.442],[1.924,46.432],[1.921,46.44],[1.909,46.444],[1.902,46.438],[1.885,46.441],[1.883,46.44],[1.887,46.434],[1.883,46.433],[1.855,46.434],[1.846,46.431],[1.846,46.428],[1.84,46.426],[1.834,46.429],[1.82,46.43],[1.817,46.432],[1.819,46.435],[1.817,46.44],[1.803,46.447],[1.798,46.455],[1.754,46.452],[1.748,46.45],[1.759,46.44],[1.755,46.438],[1.76,46.427],[1.749,46.413],[1.751,46.406],[1.739,46.401],[1.727,46.39],[1.711,46.392],[1.698,46.402],[1.7,46.405],[1.692,46.409],[1.684,46.418],[1.663,46.406],[1.655,46.395],[1.642,46.385],[1.633,46.389],[1.627,46.389],[1.626,46.394],[1.614,46.4],[1.615,46.407],[1.623,46.418],[1.62,46.422],[1.609,46.423],[1.599,46.419],[1.595,46.409],[1.588,46.407],[1.579,46.41],[1.554,46.394],[1.546,46.393],[1.544,46.419],[1.536,46.421],[1.533,46.423],[1.537,46.425],[1.534,46.426],[1.522,46.426],[1.511,46.421],[1.509,46.413],[1.5,46.406],[1.498,46.395],[1.493,46.398],[1.478,46.394],[1.473,46.383],[1.466,46.381],[1.468,46.379],[1.465,46.375],[1.446,46.375],[1.442,46.369],[1.443,46.365],[1.435,46.365],[1.44,46.356],[1.428,46.354],[1.415,46.347],[1.411,46.35],[1.409,46.361],[1.401,46.367],[1.395,46.368],[1.397,46.372],[1.392,46.371],[1.384,46.375],[1.378,46.383],[1.356,46.4],[1.348,46.399],[1.344,46.402],[1.327,46.396],[1.314,46.395],[1.313,46.393],[1.319,46.393],[1.323,46.385],[1.32,46.382],[1.311,46.384],[1.308,46.379],[1.315,46.374],[1.303,46.371],[1.292,46.375],[1.284,46.372],[1.28,46.376],[1.26,46.379],[1.251,46.377],[1.238,46.366],[1.225,46.367],[1.224,46.369],[1.22,46.366],[1.216,46.367],[1.212,46.379],[1.216,46.383],[1.215,46.387],[1.21,46.39],[1.192,46.38],[1.192,46.377],[1.182,46.376],[1.177,46.384],[1.197,46.401],[1.192,46.405],[1.193,46.41],[1.206,46.422],[1.213,46.432],[1.204,46.435],[1.201,46.431],[1.186,46.428],[1.183,46.429],[1.186,46.441],[1.152,46.449],[1.136,46.471],[1.157,46.469],[1.142,46.484],[1.133,46.498],[1.141,46.497],[1.149,46.502],[1.146,46.506],[1.108,46.532],[1.091,46.538],[1.078,46.535],[1.066,46.54],[1.051,46.536],[1.023,46.536],[1.02,46.541],[1.025,46.549],[1.019,46.564],[1.015,46.568],[0.987,46.566],[0.984,46.567],[0.986,46.57],[0.982,46.573],[0.974,46.575],[0.964,46.571],[0.957,46.578],[0.941,46.581],[0.935,46.586],[0.938,46.594],[0.922,46.595],[0.911,46.602],[0.907,46.608],[0.908,46.614],[0.905,46.614],[0.906,46.619],[0.894,46.626],[0.894,46.629],[0.908,46.644],[0.906,46.649],[0.918,46.651],[0.907,46.666],[0.912,46.673],[0.911,46.677],[0.902,46.679],[0.919,46.691],[0.928,46.693],[0.928,46.695],[0.914,46.71],[0.914,46.716],[0.908,46.719],[0.913,46.726],[0.903,46.731],[0.902,46.736],[0.879,46.739],[0.877,46.743],[0.867,46.748],[0.885,46.755],[0.904,46.754],[0.906,46.759],[0.918,46.756],[0.927,46.757],[0.935,46.752],[0.945,46.737],[0.956,46.737],[0.965,46.744],[0.966,46.748],[0.98,46.754],[0.983,46.764],[1.012,46.758],[1.011,46.767],[0.999,46.781],[1.005,46.786],[1.004,46.793],[0.987,46.798],[0.984,46.804],[0.992,46.805],[1.003,46.814],[1.007,46.811],[1.01,46.815],[1.007,46.823],[1.011,46.837],[1.016,46.844],[1.023,46.846],[1.017,46.851],[1.017,46.856],[1.023,46.864],[1.034,46.908],[1.033,46.914],[1.038,46.928],[1.036,46.94],[1.06,46.95],[1.058,46.953],[1.064,46.956],[1.059,46.974],[1.05,46.981],[1.056,46.983],[1.056,46.996],[1.074,47.003],[1.07,47.007],[1.074,47.008],[1.084,47.021],[1.087,47.019],[1.11,47.029],[1.115,47.026],[1.129,47.027],[1.161,47.04],[1.183,47.041],[1.199,47.028],[1.223,47.024],[1.232,47.014],[1.253,47.022],[1.268,47.036],[1.278,47.04],[1.269,47.049],[1.283,47.055],[1.294,47.072],[1.312,47.072],[1.317,47.085],[1.31,47.094],[1.318,47.104],[1.322,47.106],[1.328,47.105],[1.332,47.1],[1.343,47.101],[1.356,47.108],[1.365,47.122],[1.364,47.135],[1.351,47.152],[1.347,47.169],[1.327,47.186]]]}},{"type":"Feature","properties":{"code":"37","nom":"Indre-et-Loire"},"geometry":{"type":"Polygon","coordinates":[[[0.614,47.694],[0.627,47.707],[0.639,47.71],[0.643,47.707],[0.644,47.7],[0.654,47.699],[0.644,47.688],[0.644,47.685],[0.648,47.684],[0.654,47.684],[0.675,47.699],[0.694,47.687],[0.712,47.682],[0.72,47.691],[0.727,47.691],[0.739,47.696],[0.749,47.691],[0.76,47.691],[0.77,47.684],[0.8,47.679],[0.812,47.682],[0.828,47.677],[0.834,47.677],[0.867,47.691],[0.867,47.686],[0.863,47.685],[0.86,47.681],[0.862,47.677],[0.86,47.665],[0.853,47.662],[0.844,47.645],[0.859,47.637],[0.863,47.632],[0.859,47.626],[0.85,47.625],[0.853,47.613],[0.857,47.613],[0.86,47.609],[0.861,47.599],[0.898,47.604],[0.899,47.609],[0.893,47.609],[0.892,47.612],[0.906,47.616],[0.905,47.62],[0.916,47.625],[0.92,47.633],[0.954,47.625],[0.965,47.63],[0.971,47.622],[0.992,47.62],[0.986,47.613],[0.987,47.606],[0.984,47.605],[0.988,47.6],[0.987,47.591],[0.997,47.587],[0.997,47.584],[1.004,47.584],[1.004,47.59],[1.009,47.594],[1.012,47.604],[1.024,47.609],[1.033,47.608],[1.059,47.578],[1.063,47.566],[1.069,47.57],[1.077,47.571],[1.075,47.568],[1.078,47.563],[1.075,47.558],[1.064,47.552],[1.051,47.54],[1.047,47.54],[1.048,47.534],[1.045,47.531],[1.056,47.528],[1.056,47.524],[1.07,47.523],[1.067,47.515],[1.074,47.512],[1.066,47.505],[1.079,47.494],[1.089,47.473],[1.095,47.47],[1.085,47.464],[1.087,47.462],[1.113,47.466],[1.126,47.451],[1.133,47.449],[1.114,47.428],[1.105,47.432],[1.085,47.43],[1.096,47.422],[1.098,47.417],[1.102,47.418],[1.111,47.409],[1.114,47.396],[1.124,47.392],[1.119,47.387],[1.122,47.382],[1.113,47.38],[1.104,47.37],[1.11,47.364],[1.116,47.363],[1.123,47.354],[1.113,47.348],[1.116,47.346],[1.108,47.337],[1.106,47.331],[1.095,47.329],[1.099,47.312],[1.106,47.301],[1.112,47.296],[1.122,47.293],[1.127,47.298],[1.128,47.294],[1.131,47.295],[1.162,47.272],[1.176,47.288],[1.194,47.283],[1.204,47.289],[1.216,47.289],[1.216,47.293],[1.222,47.294],[1.242,47.287],[1.243,47.274],[1.26,47.265],[1.259,47.262],[1.266,47.256],[1.276,47.257],[1.28,47.248],[1.295,47.237],[1.304,47.218],[1.322,47.196],[1.324,47.188],[1.327,47.186],[1.347,47.169],[1.351,47.152],[1.364,47.135],[1.365,47.122],[1.356,47.108],[1.343,47.101],[1.332,47.1],[1.328,47.105],[1.322,47.106],[1.318,47.104],[1.31,47.094],[1.317,47.085],[1.312,47.072],[1.294,47.072],[1.283,47.055],[1.269,47.049],[1.278,47.04],[1.268,47.036],[1.253,47.022],[1.232,47.014],[1.223,47.024],[1.199,47.028],[1.183,47.041],[1.161,47.04],[1.129,47.027],[1.115,47.026],[1.11,47.029],[1.087,47.019],[1.084,47.021],[1.074,47.008],[1.07,47.007],[1.074,47.003],[1.056,46.996],[1.056,46.983],[1.05,46.981],[1.059,46.974],[1.064,46.956],[1.058,46.953],[1.06,46.95],[1.036,46.94],[1.038,46.928],[1.033,46.914],[1.034,46.908],[1.023,46.864],[1.017,46.856],[1.017,46.851],[1.023,46.846],[1.016,46.844],[1.011,46.837],[1.007,46.823],[1.01,46.815],[1.007,46.811],[1.003,46.814],[0.992,46.805],[0.984,46.804],[0.987,46.798],[1.004,46.793],[1.005,46.786],[0.999,46.781],[1.011,46.767],[1.012,46.758],[0.983,46.764],[0.98,46.754],[0.966,46.748],[0.965,46.744],[0.956,46.737],[0.945,46.737],[0.935,46.752],[0.927,46.757],[0.918,46.756],[0.906,46.759],[0.904,46.754],[0.885,46.755],[0.867,46.748],[0.86,46.755],[0.859,46.76],[0.848,46.761],[0.828,46.777],[0.828,46.787],[0.815,46.789],[0.812,46.796],[0.817,46.803],[0.81,46.809],[0.809,46.828],[0.805,46.831],[0.795,46.833],[0.787,46.84],[0.787,46.844],[0.796,46.847],[0.796,46.849],[0.79,46.852],[0.767,46.851],[0.766,46.856],[0.772,46.862],[0.77,46.865],[0.765,46.865],[0.754,46.86],[0.747,46.869],[0.734,46.876],[0.727,46.887],[0.704,46.903],[0.705,46.912],[0.709,46.918],[0.703,46.926],[0.706,46.936],[0.702,46.95],[0.696,46.957],[0.693,46.974],[0.662,46.978],[0.656,46.985],[0.648,46.988],[0.633,46.987],[0.622,46.996],[0.624,47.004],[0.619,47.007],[0.576,47.005],[0.568,47.006],[0.567,47],[0.574,46.993],[0.574,46.983],[0.601,46.973],[0.6,46.957],[0.564,46.956],[0.543,46.96],[0.528,46.956],[0.522,46.958],[0.513,46.956],[0.505,46.96],[0.501,46.956],[0.445,46.941],[0.439,46.93],[0.419,46.937],[0.405,46.936],[0.367,46.95],[0.361,46.948],[0.349,46.937],[0.324,46.931],[0.311,46.938],[0.306,46.954],[0.301,46.956],[0.308,46.963],[0.298,46.971],[0.308,46.977],[0.303,46.982],[0.306,46.986],[0.298,46.984],[0.292,46.989],[0.304,46.991],[0.305,46.995],[0.313,46.998],[0.305,47.003],[0.307,47.011],[0.299,47.02],[0.31,47.026],[0.306,47.038],[0.309,47.044],[0.305,47.053],[0.293,47.053],[0.286,47.048],[0.272,47.046],[0.268,47.043],[0.264,47.046],[0.267,47.049],[0.265,47.055],[0.26,47.056],[0.268,47.068],[0.246,47.071],[0.239,47.068],[0.235,47.069],[0.233,47.064],[0.228,47.06],[0.208,47.053],[0.192,47.065],[0.189,47.061],[0.176,47.061],[0.174,47.071],[0.201,47.091],[0.187,47.101],[0.183,47.114],[0.166,47.107],[0.163,47.101],[0.135,47.108],[0.133,47.115],[0.14,47.124],[0.127,47.12],[0.123,47.129],[0.111,47.13],[0.107,47.129],[0.105,47.121],[0.09,47.122],[0.081,47.119],[0.08,47.123],[0.076,47.124],[0.082,47.136],[0.078,47.146],[0.066,47.143],[0.062,47.155],[0.054,47.161],[0.054,47.164],[0.063,47.176],[0.067,47.19],[0.053,47.197],[0.061,47.208],[0.066,47.21],[0.068,47.216],[0.075,47.214],[0.079,47.217],[0.077,47.22],[0.072,47.22],[0.074,47.237],[0.068,47.247],[0.075,47.248],[0.078,47.254],[0.075,47.262],[0.081,47.265],[0.08,47.272],[0.089,47.275],[0.09,47.282],[0.079,47.284],[0.094,47.303],[0.099,47.303],[0.099,47.308],[0.113,47.318],[0.118,47.326],[0.117,47.332],[0.138,47.336],[0.147,47.345],[0.146,47.355],[0.14,47.362],[0.154,47.364],[0.183,47.381],[0.179,47.384],[0.168,47.386],[0.17,47.396],[0.154,47.399],[0.16,47.404],[0.166,47.404],[0.174,47.415],[0.181,47.416],[0.185,47.425],[0.181,47.453],[0.191,47.461],[0.195,47.475],[0.199,47.476],[0.2,47.483],[0.22,47.502],[0.219,47.509],[0.222,47.518],[0.22,47.52],[0.226,47.527],[0.218,47.529],[0.216,47.524],[0.207,47.526],[0.203,47.528],[0.207,47.532],[0.206,47.535],[0.193,47.539],[0.2,47.541],[0.2,47.545],[0.204,47.548],[0.209,47.558],[0.207,47.561],[0.215,47.573],[0.234,47.578],[0.23,47.585],[0.234,47.59],[0.232,47.606],[0.23,47.608],[0.236,47.612],[0.259,47.612],[0.262,47.609],[0.268,47.609],[0.27,47.605],[0.268,47.603],[0.276,47.598],[0.322,47.595],[0.338,47.585],[0.34,47.579],[0.363,47.575],[0.378,47.569],[0.391,47.577],[0.402,47.578],[0.396,47.587],[0.397,47.594],[0.39,47.599],[0.383,47.61],[0.374,47.613],[0.364,47.621],[0.364,47.625],[0.383,47.643],[0.396,47.641],[0.408,47.633],[0.409,47.626],[0.418,47.624],[0.424,47.618],[0.45,47.619],[0.457,47.628],[0.453,47.634],[0.464,47.646],[0.475,47.647],[0.48,47.643],[0.497,47.647],[0.498,47.645],[0.516,47.657],[0.523,47.653],[0.552,47.659],[0.56,47.666],[0.559,47.671],[0.586,47.669],[0.597,47.673],[0.608,47.682],[0.615,47.683],[0.619,47.691],[0.619,47.693],[0.614,47.694]]]}},{"type":"Feature","properties":{"code":"38","nom":"Isère"},"geometry":{"type":"Polygon","coordinates":[[[5.624,45.613],[5.623,45.604],[5.641,45.586],[5.646,45.584],[5.647,45.577],[5.674,45.559],[5.67,45.556],[5.675,45.552],[5.672,45.547],[5.68,45.547],[5.681,45.542],[5.673,45.543],[5.67,45.538],[5.676,45.531],[5.692,45.528],[5.691,45.522],[5.7,45.518],[5.704,45.513],[5.701,45.508],[5.713,45.507],[5.71,45.502],[5.715,45.498],[5.713,45.496],[5.716,45.495],[5.715,45.491],[5.719,45.487],[5.719,45.484],[5.736,45.472],[5.734,45.467],[5.736,45.458],[5.732,45.453],[5.736,45.446],[5.739,45.445],[5.74,45.437],[5.758,45.435],[5.766,45.44],[5.783,45.442],[5.787,45.439],[5.798,45.438],[5.797,45.435],[5.808,45.426],[5.82,45.421],[5.854,45.417],[5.861,45.409],[5.881,45.407],[5.89,45.401],[5.892,45.391],[5.895,45.389],[5.9,45.392],[5.91,45.39],[5.915,45.401],[5.928,45.417],[5.922,45.416],[5.908,45.408],[5.904,45.408],[5.902,45.414],[5.904,45.433],[5.914,45.435],[5.921,45.444],[5.92,45.448],[5.926,45.466],[5.919,45.469],[5.915,45.476],[5.953,45.485],[5.966,45.492],[5.975,45.492],[5.982,45.487],[5.984,45.481],[5.991,45.475],[6.011,45.473],[6.007,45.459],[6.011,45.458],[6.009,45.454],[6.049,45.438],[6.063,45.444],[6.093,45.444],[6.096,45.442],[6.093,45.436],[6.095,45.432],[6.123,45.439],[6.134,45.433],[6.136,45.425],[6.14,45.423],[6.145,45.414],[6.177,45.393],[6.186,45.373],[6.192,45.369],[6.18,45.36],[6.17,45.36],[6.171,45.357],[6.195,45.352],[6.19,45.342],[6.192,45.338],[6.184,45.328],[6.187,45.32],[6.154,45.311],[6.154,45.304],[6.141,45.299],[6.143,45.296],[6.131,45.285],[6.133,45.271],[6.139,45.267],[6.141,45.261],[6.13,45.247],[6.126,45.244],[6.127,45.232],[6.142,45.222],[6.138,45.213],[6.159,45.202],[6.162,45.188],[6.154,45.169],[6.145,45.165],[6.148,45.16],[6.144,45.155],[6.161,45.151],[6.169,45.154],[6.174,45.162],[6.181,45.165],[6.19,45.164],[6.212,45.155],[6.224,45.141],[6.25,45.151],[6.265,45.14],[6.261,45.127],[6.257,45.122],[6.247,45.12],[6.24,45.113],[6.229,45.108],[6.229,45.1],[6.237,45.086],[6.239,45.075],[6.245,45.072],[6.24,45.068],[6.22,45.065],[6.216,45.048],[6.209,45.041],[6.21,45.029],[6.203,45.023],[6.204,45.012],[6.253,44.995],[6.306,45.005],[6.318,45.004],[6.324,44.999],[6.316,44.99],[6.315,44.98],[6.323,44.972],[6.33,44.969],[6.323,44.962],[6.323,44.953],[6.331,44.946],[6.339,44.947],[6.359,44.941],[6.353,44.925],[6.357,44.922],[6.357,44.911],[6.359,44.907],[6.354,44.897],[6.358,44.894],[6.359,44.888],[6.351,44.881],[6.354,44.853],[6.336,44.848],[6.324,44.852],[6.319,44.855],[6.317,44.862],[6.309,44.866],[6.304,44.873],[6.289,44.874],[6.281,44.87],[6.269,44.87],[6.258,44.864],[6.25,44.852],[6.225,44.852],[6.196,44.859],[6.188,44.854],[6.17,44.854],[6.168,44.852],[6.159,44.859],[6.144,44.858],[6.133,44.865],[6.111,44.843],[6.101,44.843],[6.097,44.837],[6.073,44.828],[6.057,44.816],[6.05,44.818],[6.03,44.838],[6.022,44.838],[6.009,44.83],[6.006,44.821],[5.996,44.818],[5.979,44.819],[5.96,44.812],[5.95,44.805],[5.954,44.8],[5.96,44.8],[5.962,44.796],[5.978,44.791],[5.98,44.781],[5.953,44.771],[5.951,44.76],[5.937,44.764],[5.936,44.76],[5.925,44.757],[5.919,44.751],[5.911,44.758],[5.9,44.758],[5.892,44.756],[5.889,44.749],[5.882,44.747],[5.867,44.752],[5.847,44.752],[5.838,44.758],[5.827,44.76],[5.829,44.742],[5.818,44.731],[5.811,44.713],[5.803,44.71],[5.801,44.707],[5.772,44.697],[5.768,44.699],[5.756,44.696],[5.746,44.701],[5.741,44.707],[5.742,44.71],[5.737,44.714],[5.721,44.713],[5.715,44.719],[5.709,44.721],[5.704,44.729],[5.7,44.729],[5.699,44.722],[5.663,44.725],[5.662,44.721],[5.652,44.723],[5.647,44.724],[5.644,44.732],[5.636,44.733],[5.626,44.753],[5.609,44.755],[5.597,44.762],[5.587,44.763],[5.581,44.773],[5.582,44.778],[5.55,44.795],[5.545,44.796],[5.544,44.789],[5.554,44.779],[5.553,44.776],[5.556,44.77],[5.555,44.767],[5.535,44.776],[5.52,44.777],[5.482,44.787],[5.477,44.789],[5.48,44.793],[5.464,44.792],[5.462,44.795],[5.459,44.8],[5.476,44.807],[5.477,44.816],[5.485,44.823],[5.464,44.826],[5.466,44.841],[5.476,44.867],[5.47,44.879],[5.48,44.897],[5.484,44.922],[5.478,44.967],[5.494,44.996],[5.48,45.013],[5.484,45.023],[5.476,45.025],[5.478,45.034],[5.465,45.046],[5.475,45.07],[5.482,45.073],[5.494,45.072],[5.483,45.084],[5.469,45.089],[5.461,45.086],[5.448,45.072],[5.45,45.071],[5.437,45.062],[5.439,45.058],[5.435,45.054],[5.43,45.053],[5.426,45.056],[5.413,45.045],[5.397,45.044],[5.391,45.047],[5.387,45.057],[5.383,45.056],[5.381,45.051],[5.397,45.04],[5.386,45.035],[5.38,45.041],[5.375,45.04],[5.373,45.044],[5.346,45.048],[5.34,45.062],[5.336,45.063],[5.326,45.056],[5.321,45.057],[5.32,45.052],[5.306,45.053],[5.308,45.058],[5.305,45.061],[5.293,45.064],[5.289,45.06],[5.28,45.061],[5.273,45.055],[5.268,45.055],[5.266,45.06],[5.245,45.061],[5.245,45.067],[5.233,45.07],[5.226,45.079],[5.208,45.084],[5.179,45.083],[5.173,45.076],[5.171,45.069],[5.162,45.066],[5.157,45.066],[5.149,45.077],[5.14,45.073],[5.135,45.074],[5.138,45.081],[5.141,45.076],[5.145,45.082],[5.154,45.079],[5.163,45.098],[5.173,45.104],[5.187,45.121],[5.187,45.135],[5.191,45.141],[5.188,45.145],[5.181,45.148],[5.192,45.155],[5.187,45.167],[5.19,45.169],[5.175,45.182],[5.169,45.199],[5.164,45.198],[5.167,45.21],[5.179,45.217],[5.202,45.217],[5.185,45.231],[5.183,45.242],[5.177,45.248],[5.157,45.247],[5.158,45.256],[5.152,45.255],[5.142,45.247],[5.142,45.244],[5.131,45.243],[5.128,45.247],[5.121,45.248],[5.125,45.262],[5.13,45.267],[5.131,45.287],[5.138,45.293],[5.137,45.298],[5.122,45.299],[5.119,45.291],[5.107,45.287],[5.084,45.286],[5.075,45.282],[5.071,45.285],[5.068,45.296],[5.054,45.319],[5.023,45.318],[5.01,45.342],[4.995,45.344],[4.985,45.343],[4.976,45.336],[4.966,45.335],[4.961,45.329],[4.954,45.327],[4.948,45.329],[4.929,45.324],[4.88,45.297],[4.859,45.299],[4.859,45.309],[4.8,45.298],[4.77,45.316],[4.762,45.324],[4.762,45.342],[4.764,45.345],[4.768,45.344],[4.774,45.346],[4.774,45.353],[4.756,45.366],[4.759,45.383],[4.758,45.391],[4.742,45.415],[4.745,45.421],[4.76,45.434],[4.755,45.451],[4.757,45.456],[4.765,45.457],[4.779,45.455],[4.781,45.471],[4.812,45.483],[4.825,45.495],[4.842,45.501],[4.868,45.523],[4.873,45.531],[4.864,45.537],[4.835,45.545],[4.811,45.571],[4.782,45.581],[4.777,45.587],[4.811,45.59],[4.813,45.588],[4.83,45.588],[4.858,45.577],[4.862,45.587],[4.86,45.591],[4.881,45.599],[4.882,45.602],[4.893,45.602],[4.901,45.606],[4.928,45.606],[4.971,45.613],[4.998,45.603],[5.002,45.614],[4.989,45.619],[5.005,45.623],[5.037,45.613],[5.044,45.621],[5.035,45.628],[5.039,45.632],[5.035,45.637],[5.04,45.644],[5.038,45.645],[5.058,45.653],[5.054,45.66],[5.061,45.666],[5.075,45.672],[5.082,45.678],[5.089,45.677],[5.094,45.683],[5.108,45.688],[5.105,45.7],[5.111,45.699],[5.113,45.703],[5.119,45.7],[5.131,45.708],[5.143,45.7],[5.15,45.706],[5.154,45.7],[5.159,45.708],[5.159,45.715],[5.144,45.72],[5.138,45.728],[5.139,45.731],[5.126,45.738],[5.095,45.739],[5.095,45.743],[5.089,45.75],[5.093,45.76],[5.091,45.762],[5.095,45.769],[5.084,45.765],[5.068,45.765],[5.066,45.768],[5.06,45.783],[5.059,45.792],[5.089,45.784],[5.101,45.813],[5.104,45.814],[5.108,45.798],[5.114,45.799],[5.112,45.807],[5.114,45.811],[5.126,45.811],[5.145,45.805],[5.149,45.806],[5.16,45.802],[5.168,45.795],[5.178,45.793],[5.192,45.772],[5.227,45.769],[5.27,45.792],[5.278,45.803],[5.289,45.811],[5.294,45.828],[5.3,45.835],[5.302,45.848],[5.314,45.858],[5.329,45.864],[5.341,45.881],[5.354,45.883],[5.413,45.852],[5.419,45.84],[5.428,45.836],[5.436,45.828],[5.433,45.824],[5.425,45.825],[5.421,45.822],[5.422,45.808],[5.446,45.787],[5.457,45.781],[5.485,45.753],[5.516,45.732],[5.526,45.717],[5.55,45.712],[5.554,45.707],[5.552,45.702],[5.574,45.695],[5.576,45.688],[5.567,45.684],[5.561,45.687],[5.562,45.692],[5.556,45.698],[5.549,45.699],[5.546,45.697],[5.545,45.687],[5.555,45.678],[5.553,45.672],[5.563,45.674],[5.569,45.672],[5.568,45.671],[5.586,45.667],[5.587,45.66],[5.603,45.652],[5.606,45.64],[5.605,45.634],[5.613,45.63],[5.624,45.613]]]}},{"type":"Feature","properties":{"code":"39","nom":"Jura"},"geometry":{"type":"MultiPolygon","coordinates":[[[[5.444,46.845],[5.441,46.846],[5.44,46.851],[5.446,46.849],[5.448,46.847],[5.444,46.845]]],[[[5.456,46.851],[5.452,46.854],[5.458,46.854],[5.456,46.851]]],[[[5.519,47.304],[5.522,47.306],[5.523,47.3],[5.527,47.3],[5.53,47.296],[5.531,47.29],[5.534,47.289],[5.531,47.285],[5.539,47.286],[5.544,47.28],[5.559,47.278],[5.556,47.269],[5.558,47.271],[5.567,47.271],[5.572,47.268],[5.569,47.263],[5.572,47.262],[5.573,47.256],[5.578,47.253],[5.602,47.262],[5.605,47.258],[5.616,47.259],[5.623,47.253],[5.627,47.256],[5.642,47.256],[5.649,47.261],[5.654,47.261],[5.652,47.262],[5.653,47.265],[5.66,47.264],[5.671,47.27],[5.672,47.271],[5.669,47.272],[5.67,47.275],[5.677,47.276],[5.683,47.274],[5.685,47.271],[5.692,47.272],[5.694,47.268],[5.699,47.268],[5.697,47.266],[5.699,47.265],[5.713,47.249],[5.713,47.245],[5.72,47.24],[5.714,47.236],[5.721,47.231],[5.723,47.226],[5.72,47.22],[5.738,47.208],[5.738,47.201],[5.754,47.206],[5.761,47.202],[5.757,47.197],[5.762,47.193],[5.781,47.193],[5.778,47.191],[5.786,47.188],[5.785,47.186],[5.787,47.185],[5.784,47.182],[5.787,47.18],[5.785,47.178],[5.788,47.174],[5.784,47.173],[5.785,47.171],[5.793,47.175],[5.81,47.17],[5.811,47.169],[5.81,47.157],[5.816,47.152],[5.814,47.15],[5.823,47.142],[5.828,47.141],[5.816,47.134],[5.805,47.119],[5.803,47.112],[5.793,47.107],[5.787,47.096],[5.779,47.098],[5.771,47.094],[5.769,47.089],[5.779,47.075],[5.78,47.064],[5.785,47.055],[5.763,47.045],[5.746,47.057],[5.737,47.055],[5.737,47.05],[5.753,47.039],[5.749,47.031],[5.741,47.031],[5.744,47.022],[5.75,47.017],[5.761,47.016],[5.76,47.013],[5.763,47.011],[5.77,47.018],[5.788,47.021],[5.799,47.031],[5.797,47.042],[5.81,47.047],[5.816,47.046],[5.818,47.041],[5.815,47.035],[5.816,47.024],[5.814,47.017],[5.829,47.012],[5.839,47.015],[5.839,47.009],[5.847,47.009],[5.847,47.003],[5.856,47.009],[5.876,47.006],[5.882,47.005],[5.883,47],[5.887,46.997],[5.897,46.996],[5.899,46.999],[5.911,47],[5.916,47.013],[5.921,47.014],[5.916,47.005],[5.913,46.989],[5.922,46.985],[5.92,46.981],[5.924,46.979],[5.927,46.984],[5.929,46.981],[5.932,46.984],[5.94,46.982],[5.941,46.986],[5.95,46.99],[5.944,46.98],[5.969,46.98],[5.969,46.976],[5.976,46.976],[5.976,46.972],[5.973,46.969],[5.98,46.963],[5.957,46.949],[5.961,46.946],[5.964,46.948],[5.997,46.933],[5.981,46.919],[5.981,46.908],[6,46.896],[6.008,46.896],[6.012,46.89],[6.01,46.887],[6.012,46.883],[6.006,46.873],[6.016,46.872],[6.017,46.868],[6.024,46.872],[6.022,46.875],[6.033,46.871],[6.026,46.864],[6.029,46.862],[6.023,46.853],[6.048,46.848],[6.047,46.846],[6.056,46.85],[6.065,46.86],[6.087,46.85],[6.087,46.843],[6.091,46.842],[6.106,46.845],[6.113,46.836],[6.152,46.821],[6.149,46.816],[6.154,46.815],[6.157,46.809],[6.165,46.803],[6.174,46.801],[6.179,46.797],[6.176,46.797],[6.177,46.795],[6.181,46.796],[6.203,46.773],[6.207,46.765],[6.184,46.755],[6.181,46.742],[6.14,46.725],[6.113,46.708],[6.07,46.69],[6.106,46.65],[6.097,46.646],[6.099,46.643],[6.059,46.626],[6.061,46.623],[6.058,46.619],[6.065,46.613],[6.054,46.614],[6.049,46.608],[6.126,46.556],[6.131,46.554],[6.138,46.558],[6.156,46.545],[6.149,46.539],[6.153,46.537],[6.144,46.528],[6.138,46.531],[6.117,46.513],[6.097,46.481],[6.073,46.466],[6.073,46.46],[6.077,46.457],[6.074,46.454],[6.086,46.444],[6.064,46.416],[6.057,46.416],[6.036,46.392],[6.018,46.381],[6.015,46.376],[5.984,46.363],[5.98,46.354],[5.967,46.343],[5.941,46.309],[5.926,46.314],[5.922,46.312],[5.917,46.308],[5.92,46.307],[5.916,46.294],[5.909,46.284],[5.895,46.287],[5.878,46.269],[5.869,46.265],[5.864,46.271],[5.853,46.262],[5.821,46.262],[5.766,46.268],[5.744,46.267],[5.725,46.261],[5.72,46.264],[5.721,46.269],[5.714,46.281],[5.719,46.293],[5.715,46.309],[5.685,46.311],[5.684,46.317],[5.668,46.324],[5.644,46.325],[5.65,46.334],[5.649,46.341],[5.643,46.345],[5.631,46.33],[5.613,46.327],[5.606,46.314],[5.606,46.31],[5.602,46.309],[5.599,46.3],[5.594,46.294],[5.565,46.293],[5.559,46.283],[5.539,46.269],[5.52,46.264],[5.509,46.265],[5.503,46.271],[5.5,46.268],[5.474,46.264],[5.468,46.269],[5.469,46.271],[5.457,46.274],[5.459,46.291],[5.463,46.289],[5.466,46.292],[5.475,46.315],[5.469,46.317],[5.465,46.324],[5.459,46.323],[5.457,46.317],[5.444,46.319],[5.438,46.316],[5.424,46.348],[5.417,46.345],[5.414,46.317],[5.41,46.309],[5.405,46.31],[5.404,46.333],[5.402,46.333],[5.401,46.34],[5.381,46.346],[5.373,46.352],[5.377,46.364],[5.37,46.367],[5.37,46.369],[5.363,46.37],[5.378,46.382],[5.371,46.383],[5.371,46.387],[5.363,46.389],[5.363,46.394],[5.36,46.391],[5.352,46.393],[5.353,46.397],[5.341,46.402],[5.334,46.397],[5.329,46.403],[5.326,46.402],[5.315,46.409],[5.299,46.413],[5.299,46.416],[5.302,46.417],[5.312,46.416],[5.308,46.417],[5.307,46.422],[5.309,46.425],[5.324,46.428],[5.318,46.432],[5.315,46.445],[5.311,46.447],[5.313,46.448],[5.312,46.452],[5.318,46.453],[5.323,46.456],[5.323,46.463],[5.347,46.461],[5.359,46.464],[5.36,46.462],[5.373,46.46],[5.384,46.471],[5.398,46.467],[5.41,46.47],[5.418,46.476],[5.421,46.486],[5.418,46.489],[5.422,46.499],[5.42,46.502],[5.41,46.5],[5.402,46.506],[5.393,46.507],[5.392,46.512],[5.385,46.516],[5.369,46.516],[5.358,46.52],[5.362,46.532],[5.359,46.536],[5.363,46.552],[5.356,46.562],[5.368,46.567],[5.362,46.577],[5.368,46.58],[5.406,46.582],[5.405,46.588],[5.414,46.6],[5.408,46.602],[5.409,46.606],[5.404,46.608],[5.404,46.61],[5.398,46.609],[5.396,46.611],[5.4,46.614],[5.417,46.615],[5.437,46.629],[5.441,46.638],[5.413,46.654],[5.427,46.66],[5.425,46.661],[5.427,46.664],[5.419,46.668],[5.422,46.673],[5.403,46.679],[5.395,46.685],[5.408,46.698],[5.406,46.704],[5.394,46.708],[5.397,46.717],[5.395,46.722],[5.39,46.723],[5.394,46.729],[5.387,46.729],[5.387,46.731],[5.361,46.731],[5.367,46.752],[5.373,46.751],[5.374,46.755],[5.389,46.765],[5.39,46.771],[5.385,46.775],[5.372,46.777],[5.369,46.779],[5.373,46.783],[5.369,46.786],[5.37,46.783],[5.365,46.783],[5.354,46.793],[5.349,46.794],[5.348,46.79],[5.34,46.791],[5.337,46.796],[5.333,46.796],[5.334,46.805],[5.327,46.815],[5.339,46.821],[5.338,46.823],[5.342,46.82],[5.343,46.822],[5.339,46.826],[5.347,46.819],[5.345,46.816],[5.352,46.814],[5.368,46.825],[5.381,46.828],[5.389,46.827],[5.391,46.83],[5.402,46.83],[5.403,46.832],[5.408,46.833],[5.412,46.828],[5.429,46.826],[5.444,46.829],[5.448,46.825],[5.45,46.829],[5.458,46.83],[5.463,46.827],[5.457,46.831],[5.465,46.841],[5.457,46.845],[5.461,46.854],[5.459,46.855],[5.436,46.862],[5.44,46.856],[5.441,46.858],[5.45,46.856],[5.445,46.852],[5.442,46.853],[5.444,46.855],[5.433,46.855],[5.431,46.86],[5.419,46.861],[5.409,46.864],[5.407,46.868],[5.402,46.868],[5.405,46.879],[5.4,46.881],[5.404,46.89],[5.399,46.893],[5.395,46.891],[5.391,46.894],[5.362,46.883],[5.352,46.893],[5.338,46.889],[5.336,46.885],[5.329,46.888],[5.329,46.896],[5.313,46.91],[5.31,46.921],[5.307,46.924],[5.31,46.927],[5.306,46.934],[5.308,46.938],[5.299,46.936],[5.292,46.941],[5.283,46.94],[5.275,46.935],[5.27,46.928],[5.262,46.927],[5.264,46.937],[5.252,46.944],[5.254,46.948],[5.261,46.947],[5.265,46.959],[5.263,46.965],[5.254,46.971],[5.255,46.98],[5.275,46.992],[5.272,46.993],[5.276,46.996],[5.274,46.998],[5.301,47.002],[5.305,47.006],[5.302,47.008],[5.305,47.012],[5.31,47.011],[5.318,47.013],[5.315,47.017],[5.275,47.027],[5.284,47.048],[5.296,47.054],[5.296,47.057],[5.306,47.063],[5.308,47.059],[5.311,47.058],[5.313,47.064],[5.327,47.075],[5.335,47.078],[5.357,47.078],[5.359,47.081],[5.37,47.077],[5.386,47.082],[5.392,47.092],[5.399,47.096],[5.398,47.106],[5.411,47.114],[5.412,47.12],[5.409,47.12],[5.409,47.127],[5.419,47.134],[5.439,47.142],[5.438,47.153],[5.451,47.162],[5.453,47.173],[5.459,47.183],[5.455,47.193],[5.446,47.2],[5.449,47.203],[5.464,47.207],[5.474,47.213],[5.473,47.216],[5.48,47.217],[5.474,47.231],[5.484,47.238],[5.483,47.239],[5.486,47.243],[5.483,47.246],[5.486,47.251],[5.48,47.256],[5.488,47.268],[5.488,47.289],[5.505,47.283],[5.507,47.291],[5.519,47.304]]]]}},{"type":"Feature","properties":{"code":"40","nom":"Landes"},"geometry":{"type":"Polygon","coordinates":[[[-0.243,43.585],[-0.254,43.583],[-0.253,43.588],[-0.259,43.589],[-0.273,43.584],[-0.283,43.586],[-0.291,43.568],[-0.297,43.568],[-0.301,43.571],[-0.304,43.56],[-0.328,43.556],[-0.336,43.551],[-0.348,43.556],[-0.357,43.563],[-0.366,43.562],[-0.375,43.568],[-0.38,43.566],[-0.394,43.569],[-0.401,43.563],[-0.406,43.568],[-0.424,43.557],[-0.428,43.56],[-0.433,43.555],[-0.446,43.553],[-0.45,43.55],[-0.463,43.567],[-0.456,43.569],[-0.459,43.562],[-0.448,43.567],[-0.447,43.573],[-0.441,43.579],[-0.433,43.578],[-0.434,43.582],[-0.432,43.584],[-0.437,43.591],[-0.449,43.596],[-0.461,43.587],[-0.468,43.59],[-0.483,43.58],[-0.505,43.573],[-0.511,43.563],[-0.526,43.559],[-0.531,43.553],[-0.553,43.543],[-0.557,43.543],[-0.564,43.556],[-0.567,43.558],[-0.572,43.552],[-0.596,43.542],[-0.596,43.538],[-0.614,43.538],[-0.616,43.544],[-0.634,43.554],[-0.643,43.553],[-0.658,43.556],[-0.658,43.561],[-0.641,43.571],[-0.641,43.575],[-0.671,43.567],[-0.676,43.564],[-0.677,43.56],[-0.685,43.56],[-0.688,43.557],[-0.701,43.562],[-0.707,43.56],[-0.709,43.541],[-0.717,43.541],[-0.729,43.545],[-0.727,43.547],[-0.733,43.55],[-0.734,43.556],[-0.761,43.571],[-0.768,43.579],[-0.782,43.577],[-0.782,43.564],[-0.794,43.564],[-0.798,43.559],[-0.804,43.556],[-0.818,43.561],[-0.829,43.56],[-0.843,43.554],[-0.842,43.547],[-0.846,43.542],[-0.856,43.542],[-0.893,43.551],[-0.905,43.551],[-0.923,43.543],[-0.921,43.535],[-0.927,43.532],[-0.94,43.539],[-0.945,43.536],[-0.946,43.532],[-0.951,43.532],[-0.979,43.54],[-0.986,43.537],[-0.988,43.541],[-1.001,43.538],[-0.999,43.534],[-0.99,43.533],[-0.989,43.531],[-0.989,43.519],[-0.994,43.51],[-0.992,43.504],[-1.02,43.506],[-1.024,43.502],[-1.031,43.51],[-1.044,43.509],[-1.046,43.514],[-1.052,43.509],[-1.054,43.513],[-1.058,43.513],[-1.069,43.508],[-1.073,43.519],[-1.082,43.522],[-1.081,43.518],[-1.088,43.511],[-1.109,43.514],[-1.118,43.501],[-1.138,43.5],[-1.139,43.49],[-1.144,43.488],[-1.148,43.488],[-1.15,43.496],[-1.153,43.497],[-1.164,43.491],[-1.169,43.492],[-1.171,43.495],[-1.169,43.502],[-1.172,43.505],[-1.165,43.508],[-1.152,43.507],[-1.147,43.511],[-1.133,43.51],[-1.131,43.519],[-1.153,43.529],[-1.16,43.539],[-1.171,43.546],[-1.196,43.546],[-1.217,43.531],[-1.291,43.498],[-1.324,43.505],[-1.358,43.5],[-1.361,43.496],[-1.368,43.495],[-1.418,43.497],[-1.419,43.502],[-1.431,43.515],[-1.437,43.513],[-1.46,43.519],[-1.465,43.517],[-1.461,43.532],[-1.472,43.534],[-1.477,43.539],[-1.49,43.534],[-1.494,43.529],[-1.501,43.529],[-1.501,43.527],[-1.525,43.53],[-1.492,43.572],[-1.46,43.62],[-1.447,43.646],[-1.446,43.656],[-1.442,43.666],[-1.439,43.697],[-1.42,43.773],[-1.395,43.852],[-1.389,43.858],[-1.391,43.859],[-1.39,43.866],[-1.313,44.141],[-1.277,44.32],[-1.254,44.468],[-1.106,44.503],[-1.085,44.532],[-1.027,44.507],[-0.991,44.512],[-0.988,44.508],[-0.981,44.483],[-1.008,44.437],[-1.029,44.423],[-0.97,44.429],[-0.919,44.443],[-0.912,44.437],[-0.843,44.418],[-0.81,44.42],[-0.798,44.428],[-0.78,44.428],[-0.778,44.434],[-0.78,44.435],[-0.777,44.437],[-0.781,44.44],[-0.73,44.448],[-0.692,44.441],[-0.682,44.444],[-0.679,44.45],[-0.683,44.451],[-0.676,44.457],[-0.644,44.45],[-0.628,44.443],[-0.625,44.412],[-0.628,44.406],[-0.642,44.4],[-0.571,44.383],[-0.561,44.375],[-0.528,44.365],[-0.518,44.339],[-0.479,44.325],[-0.432,44.323],[-0.432,44.301],[-0.42,44.299],[-0.405,44.287],[-0.383,44.286],[-0.397,44.237],[-0.39,44.209],[-0.311,44.203],[-0.272,44.194],[-0.223,44.206],[-0.228,44.256],[-0.226,44.265],[-0.204,44.264],[-0.194,44.272],[-0.175,44.257],[-0.166,44.241],[-0.141,44.226],[-0.129,44.204],[-0.131,44.189],[-0.129,44.152],[-0.114,44.151],[-0.109,44.155],[-0.087,44.156],[-0.06,44.151],[-0.004,44.15],[0.029,44.137],[0.035,44.131],[0.135,44.124],[0.131,44.122],[0.136,44.109],[0.124,44.106],[0.113,44.094],[0.101,44.087],[0.105,44.078],[0.099,44.079],[0.094,44.066],[0.083,44.064],[0.088,44.058],[0.087,44.052],[0.079,44.045],[0.082,44.04],[0.076,44.03],[0.072,44.025],[0.06,44.025],[0.063,44.017],[0.06,44.014],[0.063,44.001],[0.076,43.983],[0.067,43.974],[0.066,43.965],[0.061,43.965],[0.061,43.963],[0.055,43.96],[0.057,43.949],[0.061,43.949],[0.062,43.941],[0.071,43.935],[0.073,43.921],[0.077,43.916],[0.072,43.914],[0.069,43.904],[0.062,43.902],[0.059,43.897],[0.041,43.904],[0.031,43.901],[0.018,43.912],[-0.024,43.93],[-0.011,43.935],[-0.008,43.94],[0.006,43.944],[0.007,43.954],[0.001,43.96],[-0.036,43.984],[-0.044,43.963],[-0.059,43.961],[-0.069,43.951],[-0.07,43.945],[-0.081,43.943],[-0.089,43.949],[-0.093,43.949],[-0.099,43.936],[-0.094,43.933],[-0.095,43.929],[-0.103,43.927],[-0.108,43.929],[-0.108,43.933],[-0.125,43.944],[-0.136,43.936],[-0.153,43.94],[-0.154,43.932],[-0.161,43.931],[-0.16,43.928],[-0.166,43.928],[-0.179,43.938],[-0.181,43.93],[-0.192,43.926],[-0.2,43.915],[-0.218,43.907],[-0.225,43.914],[-0.231,43.908],[-0.233,43.899],[-0.239,43.898],[-0.235,43.896],[-0.238,43.894],[-0.234,43.891],[-0.226,43.89],[-0.222,43.894],[-0.211,43.885],[-0.201,43.885],[-0.19,43.881],[-0.192,43.877],[-0.186,43.869],[-0.186,43.863],[-0.189,43.863],[-0.192,43.87],[-0.196,43.872],[-0.198,43.868],[-0.196,43.865],[-0.209,43.858],[-0.196,43.846],[-0.188,43.833],[-0.198,43.829],[-0.196,43.821],[-0.192,43.818],[-0.192,43.81],[-0.201,43.807],[-0.213,43.809],[-0.216,43.813],[-0.218,43.81],[-0.227,43.808],[-0.224,43.801],[-0.218,43.798],[-0.222,43.789],[-0.213,43.779],[-0.217,43.771],[-0.212,43.769],[-0.211,43.762],[-0.207,43.759],[-0.207,43.756],[-0.218,43.754],[-0.219,43.75],[-0.197,43.748],[-0.194,43.737],[-0.201,43.734],[-0.202,43.73],[-0.211,43.724],[-0.251,43.708],[-0.245,43.705],[-0.245,43.699],[-0.239,43.694],[-0.245,43.688],[-0.247,43.689],[-0.248,43.686],[-0.257,43.683],[-0.258,43.674],[-0.24,43.671],[-0.245,43.665],[-0.243,43.66],[-0.246,43.659],[-0.242,43.655],[-0.263,43.653],[-0.261,43.649],[-0.264,43.636],[-0.281,43.643],[-0.282,43.641],[-0.279,43.629],[-0.281,43.622],[-0.278,43.616],[-0.247,43.616],[-0.248,43.607],[-0.255,43.597],[-0.248,43.597],[-0.248,43.59],[-0.244,43.589],[-0.243,43.585]]]}},{"type":"Feature","properties":{"code":"41","nom":"Loir-et-Cher"},"geometry":{"type":"Polygon","coordinates":[[[0.841,48.103],[0.876,48.109],[0.882,48.108],[0.88,48.104],[0.91,48.103],[0.93,48.112],[0.944,48.112],[0.948,48.106],[0.945,48.099],[0.947,48.098],[0.955,48.099],[0.957,48.104],[0.964,48.106],[0.996,48.127],[1.014,48.133],[1.041,48.132],[1.04,48.13],[1.048,48.124],[1.046,48.118],[1.003,48.105],[0.991,48.097],[0.992,48.092],[0.999,48.086],[1.005,48.087],[1.009,48.083],[1.026,48.088],[1.039,48.085],[1.064,48.086],[1.069,48.085],[1.067,48.078],[1.07,48.076],[1.106,48.082],[1.112,48.081],[1.115,48.077],[1.11,48.073],[1.111,48.068],[1.106,48.06],[1.117,48.051],[1.117,48.044],[1.123,48.036],[1.142,48.031],[1.144,48.029],[1.167,48.027],[1.167,48.02],[1.16,48.02],[1.159,48.018],[1.17,48.011],[1.17,48.007],[1.187,48.002],[1.191,47.984],[1.198,47.983],[1.203,47.977],[1.192,47.972],[1.197,47.968],[1.21,47.969],[1.224,47.976],[1.247,47.98],[1.258,47.974],[1.262,47.968],[1.26,47.966],[1.265,47.962],[1.271,47.963],[1.272,47.965],[1.3,47.968],[1.303,47.963],[1.303,47.96],[1.309,47.954],[1.344,47.958],[1.346,47.965],[1.37,47.954],[1.378,47.972],[1.387,47.981],[1.407,47.97],[1.437,47.977],[1.44,47.984],[1.435,47.988],[1.438,47.991],[1.434,47.994],[1.434,47.999],[1.437,48.007],[1.433,48.009],[1.44,48.012],[1.457,48.008],[1.481,47.997],[1.499,47.985],[1.503,47.988],[1.52,47.982],[1.528,47.981],[1.54,47.99],[1.547,47.986],[1.552,47.992],[1.558,47.986],[1.565,47.99],[1.567,47.974],[1.561,47.968],[1.554,47.967],[1.554,47.969],[1.548,47.965],[1.547,47.956],[1.556,47.955],[1.555,47.953],[1.535,47.95],[1.526,47.945],[1.526,47.937],[1.522,47.932],[1.552,47.922],[1.581,47.902],[1.575,47.898],[1.583,47.893],[1.579,47.889],[1.586,47.886],[1.584,47.882],[1.591,47.879],[1.583,47.872],[1.584,47.868],[1.581,47.87],[1.557,47.848],[1.549,47.844],[1.551,47.843],[1.548,47.841],[1.545,47.839],[1.539,47.842],[1.535,47.84],[1.537,47.839],[1.534,47.836],[1.537,47.833],[1.531,47.829],[1.534,47.827],[1.526,47.82],[1.529,47.818],[1.534,47.821],[1.542,47.817],[1.561,47.805],[1.559,47.801],[1.562,47.799],[1.565,47.8],[1.571,47.797],[1.561,47.791],[1.571,47.787],[1.548,47.77],[1.601,47.741],[1.582,47.729],[1.583,47.726],[1.615,47.737],[1.622,47.744],[1.623,47.755],[1.627,47.761],[1.672,47.74],[1.697,47.738],[1.706,47.733],[1.714,47.733],[1.713,47.722],[1.728,47.7],[1.719,47.696],[1.731,47.684],[1.733,47.681],[1.731,47.678],[1.74,47.668],[1.74,47.662],[1.749,47.656],[1.782,47.652],[1.779,47.643],[1.794,47.636],[1.803,47.639],[1.803,47.648],[1.81,47.653],[1.821,47.652],[1.845,47.657],[1.847,47.661],[1.841,47.67],[1.845,47.674],[1.844,47.686],[1.859,47.692],[1.866,47.688],[1.861,47.678],[1.866,47.675],[1.89,47.679],[1.902,47.672],[1.904,47.675],[1.916,47.675],[1.922,47.676],[1.922,47.678],[1.936,47.68],[1.942,47.674],[1.939,47.673],[1.939,47.668],[1.944,47.667],[1.941,47.66],[1.957,47.662],[1.964,47.657],[1.97,47.663],[1.986,47.666],[1.99,47.662],[1.996,47.664],[1.998,47.669],[2.002,47.668],[1.998,47.675],[2.009,47.679],[2.025,47.675],[2.041,47.678],[2.066,47.674],[2.07,47.682],[2.075,47.682],[2.087,47.678],[2.099,47.679],[2.108,47.677],[2.106,47.671],[2.111,47.67],[2.116,47.675],[2.128,47.679],[2.14,47.677],[2.149,47.67],[2.17,47.671],[2.186,47.676],[2.204,47.678],[2.206,47.676],[2.205,47.661],[2.213,47.662],[2.215,47.667],[2.22,47.668],[2.241,47.641],[2.238,47.628],[2.239,47.621],[2.229,47.62],[2.197,47.607],[2.151,47.601],[2.142,47.59],[2.12,47.583],[2.128,47.57],[2.124,47.56],[2.129,47.551],[2.196,47.549],[2.198,47.546],[2.207,47.53],[2.215,47.522],[2.213,47.513],[2.196,47.488],[2.228,47.497],[2.248,47.492],[2.242,47.484],[2.243,47.477],[2.237,47.471],[2.246,47.462],[2.245,47.458],[2.235,47.452],[2.242,47.451],[2.248,47.441],[2.245,47.438],[2.244,47.415],[2.23,47.408],[2.205,47.405],[2.189,47.438],[2.138,47.406],[2.115,47.421],[2.117,47.41],[2.103,47.393],[2.097,47.367],[2.114,47.37],[2.123,47.348],[2.128,47.345],[2.119,47.333],[2.129,47.333],[2.127,47.33],[2.132,47.327],[2.132,47.321],[2.145,47.315],[2.149,47.319],[2.158,47.299],[2.138,47.293],[2.138,47.284],[2.129,47.28],[2.127,47.282],[2.112,47.279],[2.11,47.284],[2.105,47.286],[2.077,47.286],[2.029,47.269],[2.025,47.265],[2.008,47.269],[1.998,47.264],[1.982,47.274],[1.948,47.286],[1.943,47.291],[1.923,47.275],[1.921,47.27],[1.925,47.265],[1.895,47.255],[1.892,47.249],[1.91,47.244],[1.917,47.236],[1.904,47.215],[1.894,47.215],[1.873,47.205],[1.868,47.213],[1.853,47.222],[1.85,47.218],[1.839,47.219],[1.796,47.238],[1.791,47.232],[1.776,47.231],[1.749,47.248],[1.716,47.277],[1.705,47.271],[1.705,47.265],[1.683,47.263],[1.677,47.259],[1.671,47.261],[1.668,47.257],[1.645,47.264],[1.652,47.269],[1.652,47.273],[1.645,47.272],[1.628,47.276],[1.619,47.272],[1.613,47.277],[1.606,47.275],[1.592,47.277],[1.593,47.258],[1.56,47.261],[1.524,47.255],[1.531,47.249],[1.525,47.242],[1.535,47.225],[1.531,47.219],[1.528,47.219],[1.525,47.226],[1.503,47.235],[1.501,47.232],[1.494,47.232],[1.495,47.235],[1.482,47.239],[1.458,47.24],[1.421,47.229],[1.401,47.212],[1.371,47.2],[1.351,47.194],[1.338,47.196],[1.327,47.186],[1.324,47.188],[1.322,47.196],[1.304,47.218],[1.295,47.237],[1.28,47.248],[1.276,47.257],[1.266,47.256],[1.259,47.262],[1.26,47.265],[1.243,47.274],[1.242,47.287],[1.222,47.294],[1.216,47.293],[1.216,47.289],[1.204,47.289],[1.194,47.283],[1.176,47.288],[1.162,47.272],[1.131,47.295],[1.128,47.294],[1.127,47.298],[1.122,47.293],[1.112,47.296],[1.106,47.301],[1.099,47.312],[1.095,47.329],[1.106,47.331],[1.108,47.337],[1.116,47.346],[1.113,47.348],[1.123,47.354],[1.116,47.363],[1.11,47.364],[1.104,47.37],[1.113,47.38],[1.122,47.382],[1.119,47.387],[1.124,47.392],[1.114,47.396],[1.111,47.409],[1.102,47.418],[1.098,47.417],[1.096,47.422],[1.085,47.43],[1.105,47.432],[1.114,47.428],[1.133,47.449],[1.126,47.451],[1.113,47.466],[1.087,47.462],[1.085,47.464],[1.095,47.47],[1.089,47.473],[1.079,47.494],[1.066,47.505],[1.074,47.512],[1.067,47.515],[1.07,47.523],[1.056,47.524],[1.056,47.528],[1.045,47.531],[1.048,47.534],[1.047,47.54],[1.051,47.54],[1.064,47.552],[1.075,47.558],[1.078,47.563],[1.075,47.568],[1.077,47.571],[1.069,47.57],[1.063,47.566],[1.059,47.578],[1.033,47.608],[1.024,47.609],[1.012,47.604],[1.009,47.594],[1.004,47.59],[1.004,47.584],[0.997,47.584],[0.997,47.587],[0.987,47.591],[0.988,47.6],[0.984,47.605],[0.987,47.606],[0.986,47.613],[0.992,47.62],[0.971,47.622],[0.965,47.63],[0.954,47.625],[0.92,47.633],[0.916,47.625],[0.905,47.62],[0.906,47.616],[0.892,47.612],[0.893,47.609],[0.899,47.609],[0.898,47.604],[0.861,47.599],[0.86,47.609],[0.857,47.613],[0.853,47.613],[0.85,47.625],[0.859,47.626],[0.863,47.632],[0.859,47.637],[0.844,47.645],[0.853,47.662],[0.86,47.665],[0.862,47.677],[0.86,47.681],[0.863,47.685],[0.867,47.686],[0.867,47.691],[0.834,47.677],[0.828,47.677],[0.812,47.682],[0.8,47.679],[0.77,47.684],[0.76,47.691],[0.749,47.691],[0.739,47.696],[0.727,47.691],[0.72,47.691],[0.712,47.682],[0.694,47.687],[0.675,47.699],[0.654,47.684],[0.648,47.684],[0.644,47.685],[0.644,47.688],[0.654,47.699],[0.644,47.7],[0.643,47.707],[0.639,47.71],[0.627,47.707],[0.614,47.694],[0.604,47.686],[0.596,47.688],[0.592,47.698],[0.594,47.7],[0.593,47.704],[0.58,47.712],[0.594,47.723],[0.609,47.725],[0.612,47.73],[0.611,47.732],[0.621,47.739],[0.619,47.746],[0.624,47.75],[0.645,47.753],[0.677,47.77],[0.691,47.764],[0.703,47.767],[0.703,47.77],[0.7,47.774],[0.689,47.78],[0.691,47.783],[0.701,47.79],[0.712,47.787],[0.715,47.794],[0.719,47.793],[0.732,47.808],[0.74,47.812],[0.738,47.816],[0.746,47.825],[0.746,47.828],[0.759,47.834],[0.768,47.831],[0.775,47.839],[0.775,47.844],[0.772,47.846],[0.774,47.85],[0.759,47.859],[0.765,47.867],[0.757,47.886],[0.76,47.899],[0.771,47.903],[0.776,47.909],[0.79,47.912],[0.795,47.906],[0.795,47.9],[0.812,47.889],[0.818,47.893],[0.815,47.895],[0.817,47.897],[0.813,47.9],[0.815,47.904],[0.808,47.908],[0.816,47.913],[0.808,47.917],[0.812,47.92],[0.814,47.932],[0.849,47.943],[0.85,47.947],[0.845,47.948],[0.845,47.953],[0.837,47.965],[0.838,47.969],[0.828,47.972],[0.819,47.989],[0.832,47.997],[0.832,48.006],[0.833,48.009],[0.837,48.009],[0.837,48.016],[0.842,48.019],[0.839,48.024],[0.842,48.03],[0.835,48.034],[0.827,48.03],[0.808,48.032],[0.806,48.038],[0.798,48.037],[0.798,48.043],[0.794,48.049],[0.798,48.056],[0.798,48.066],[0.794,48.07],[0.803,48.072],[0.832,48.07],[0.843,48.073],[0.846,48.085],[0.845,48.088],[0.849,48.089],[0.848,48.095],[0.839,48.094],[0.841,48.09],[0.838,48.089],[0.833,48.092],[0.824,48.091],[0.814,48.096],[0.814,48.099],[0.833,48.098],[0.841,48.103]]]}},{"type":"Feature","properties":{"code":"42","nom":"Loire"},"geometry":{"type":"Polygon","coordinates":[[[3.9,46.276],[3.905,46.274],[3.907,46.267],[3.906,46.263],[3.909,46.258],[3.905,46.252],[3.91,46.248],[3.905,46.238],[3.898,46.24],[3.898,46.225],[3.89,46.214],[3.914,46.207],[3.918,46.203],[3.934,46.206],[3.973,46.203],[3.973,46.191],[3.971,46.189],[3.978,46.186],[3.98,46.178],[3.984,46.177],[3.986,46.171],[3.99,46.169],[3.993,46.173],[4.031,46.17],[4.033,46.174],[4.052,46.181],[4.059,46.188],[4.068,46.186],[4.075,46.19],[4.095,46.193],[4.104,46.198],[4.133,46.181],[4.133,46.177],[4.164,46.173],[4.187,46.175],[4.183,46.186],[4.185,46.189],[4.208,46.195],[4.225,46.178],[4.237,46.182],[4.242,46.189],[4.255,46.188],[4.264,46.175],[4.257,46.173],[4.253,46.167],[4.249,46.167],[4.25,46.158],[4.281,46.156],[4.287,46.16],[4.289,46.17],[4.292,46.172],[4.307,46.175],[4.315,46.171],[4.327,46.185],[4.337,46.181],[4.346,46.188],[4.359,46.182],[4.363,46.182],[4.366,46.186],[4.371,46.184],[4.374,46.187],[4.37,46.193],[4.362,46.196],[4.363,46.2],[4.374,46.205],[4.375,46.211],[4.389,46.213],[4.388,46.22],[4.404,46.219],[4.407,46.221],[4.422,46.209],[4.421,46.204],[4.423,46.203],[4.396,46.196],[4.396,46.189],[4.404,46.183],[4.433,46.173],[4.439,46.168],[4.434,46.159],[4.422,46.151],[4.422,46.142],[4.417,46.139],[4.417,46.136],[4.408,46.137],[4.39,46.147],[4.377,46.15],[4.37,46.147],[4.362,46.138],[4.343,46.134],[4.333,46.136],[4.323,46.131],[4.32,46.117],[4.307,46.106],[4.305,46.099],[4.312,46.094],[4.309,46.09],[4.311,46.08],[4.301,46.078],[4.304,46.07],[4.301,46.07],[4.3,46.065],[4.286,46.054],[4.267,46.052],[4.258,46.054],[4.25,46.05],[4.257,46.044],[4.262,46.035],[4.269,46.035],[4.276,46.023],[4.288,46.017],[4.306,46.022],[4.307,46.012],[4.313,46.006],[4.306,46.001],[4.3,45.989],[4.293,45.991],[4.289,45.998],[4.285,45.994],[4.275,45.995],[4.271,45.988],[4.266,45.992],[4.265,45.997],[4.27,46],[4.263,46.002],[4.258,45.995],[4.244,45.996],[4.249,45.992],[4.248,45.987],[4.251,45.985],[4.258,45.981],[4.275,45.98],[4.298,45.966],[4.301,45.958],[4.295,45.953],[4.301,45.947],[4.305,45.947],[4.315,45.94],[4.319,45.944],[4.336,45.932],[4.346,45.93],[4.339,45.924],[4.339,45.92],[4.335,45.916],[4.345,45.915],[4.34,45.914],[4.337,45.909],[4.323,45.904],[4.327,45.897],[4.338,45.889],[4.342,45.877],[4.363,45.864],[4.369,45.868],[4.377,45.863],[4.392,45.865],[4.396,45.86],[4.392,45.85],[4.383,45.846],[4.391,45.837],[4.382,45.832],[4.384,45.827],[4.377,45.825],[4.385,45.819],[4.378,45.818],[4.389,45.806],[4.388,45.803],[4.382,45.807],[4.374,45.805],[4.375,45.802],[4.373,45.8],[4.378,45.793],[4.38,45.784],[4.36,45.778],[4.358,45.783],[4.356,45.782],[4.359,45.776],[4.352,45.774],[4.348,45.77],[4.349,45.764],[4.354,45.764],[4.357,45.759],[4.355,45.758],[4.361,45.757],[4.36,45.751],[4.371,45.749],[4.391,45.755],[4.398,45.751],[4.403,45.744],[4.392,45.739],[4.385,45.721],[4.374,45.712],[4.373,45.703],[4.366,45.699],[4.373,45.691],[4.364,45.684],[4.37,45.672],[4.366,45.671],[4.378,45.665],[4.393,45.662],[4.392,45.66],[4.399,45.657],[4.393,45.654],[4.394,45.65],[4.408,45.638],[4.41,45.633],[4.441,45.623],[4.449,45.617],[4.449,45.606],[4.458,45.605],[4.461,45.601],[4.473,45.597],[4.476,45.594],[4.469,45.59],[4.469,45.585],[4.481,45.588],[4.49,45.584],[4.505,45.586],[4.505,45.577],[4.514,45.577],[4.52,45.573],[4.546,45.581],[4.553,45.578],[4.567,45.584],[4.582,45.577],[4.588,45.571],[4.602,45.57],[4.615,45.575],[4.628,45.566],[4.637,45.546],[4.645,45.541],[4.659,45.543],[4.655,45.551],[4.646,45.555],[4.65,45.565],[4.665,45.564],[4.666,45.569],[4.672,45.57],[4.68,45.568],[4.688,45.558],[4.683,45.551],[4.676,45.552],[4.676,45.549],[4.667,45.545],[4.661,45.536],[4.651,45.531],[4.652,45.524],[4.649,45.521],[4.654,45.5],[4.651,45.497],[4.651,45.492],[4.655,45.486],[4.671,45.483],[4.666,45.478],[4.671,45.473],[4.676,45.482],[4.698,45.477],[4.709,45.482],[4.708,45.486],[4.711,45.489],[4.722,45.494],[4.74,45.487],[4.744,45.479],[4.742,45.477],[4.744,45.474],[4.739,45.473],[4.744,45.47],[4.747,45.464],[4.757,45.456],[4.755,45.451],[4.76,45.434],[4.745,45.421],[4.742,45.415],[4.758,45.391],[4.759,45.383],[4.756,45.366],[4.726,45.362],[4.722,45.354],[4.703,45.35],[4.698,45.345],[4.68,45.346],[4.662,45.34],[4.639,45.326],[4.643,45.319],[4.641,45.317],[4.632,45.316],[4.624,45.311],[4.616,45.312],[4.617,45.302],[4.615,45.3],[4.623,45.296],[4.623,45.291],[4.599,45.289],[4.597,45.281],[4.591,45.273],[4.592,45.27],[4.6,45.269],[4.606,45.263],[4.607,45.255],[4.602,45.251],[4.595,45.251],[4.585,45.244],[4.581,45.247],[4.573,45.245],[4.566,45.248],[4.541,45.244],[4.538,45.243],[4.542,45.237],[4.541,45.235],[4.531,45.234],[4.529,45.24],[4.509,45.245],[4.513,45.235],[4.508,45.231],[4.499,45.234],[4.488,45.232],[4.483,45.236],[4.472,45.24],[4.469,45.247],[4.453,45.257],[4.447,45.258],[4.434,45.275],[4.419,45.275],[4.401,45.27],[4.399,45.265],[4.387,45.262],[4.39,45.257],[4.387,45.255],[4.378,45.261],[4.378,45.263],[4.371,45.261],[4.365,45.263],[4.362,45.265],[4.36,45.271],[4.349,45.274],[4.35,45.28],[4.358,45.281],[4.361,45.292],[4.367,45.294],[4.371,45.301],[4.365,45.301],[4.361,45.304],[4.351,45.303],[4.352,45.306],[4.332,45.318],[4.366,45.339],[4.359,45.35],[4.348,45.36],[4.333,45.369],[4.309,45.371],[4.309,45.363],[4.306,45.361],[4.303,45.361],[4.301,45.368],[4.298,45.368],[4.297,45.366],[4.293,45.366],[4.297,45.359],[4.289,45.359],[4.286,45.361],[4.289,45.356],[4.285,45.357],[4.286,45.36],[4.281,45.359],[4.281,45.361],[4.272,45.358],[4.271,45.375],[4.266,45.372],[4.252,45.373],[4.253,45.379],[4.235,45.389],[4.227,45.39],[4.216,45.384],[4.205,45.386],[4.202,45.381],[4.178,45.393],[4.146,45.384],[4.158,45.373],[4.154,45.365],[4.14,45.369],[4.131,45.367],[4.119,45.369],[4.11,45.364],[4.109,45.356],[4.098,45.359],[4.08,45.358],[4.081,45.356],[4.076,45.355],[4.081,45.352],[4.075,45.352],[4.078,45.345],[4.076,45.339],[4.071,45.336],[4.064,45.337],[4.057,45.35],[4.046,45.356],[4.032,45.348],[4.022,45.35],[4.02,45.348],[4.026,45.341],[4.022,45.339],[4.024,45.337],[4.02,45.328],[4.015,45.33],[4.002,45.356],[3.991,45.356],[3.993,45.361],[3.986,45.365],[3.986,45.372],[3.977,45.376],[3.967,45.374],[3.966,45.371],[3.961,45.371],[3.959,45.368],[3.948,45.376],[3.937,45.372],[3.933,45.365],[3.939,45.364],[3.935,45.364],[3.935,45.359],[3.925,45.36],[3.923,45.355],[3.915,45.354],[3.914,45.351],[3.923,45.349],[3.918,45.346],[3.919,45.342],[3.917,45.339],[3.908,45.333],[3.905,45.334],[3.9,45.343],[3.902,45.345],[3.897,45.357],[3.894,45.36],[3.896,45.364],[3.891,45.37],[3.894,45.376],[3.891,45.38],[3.895,45.383],[3.892,45.385],[3.893,45.389],[3.889,45.395],[3.893,45.396],[3.892,45.399],[3.899,45.406],[3.899,45.41],[3.91,45.412],[3.908,45.418],[3.914,45.422],[3.918,45.421],[3.92,45.425],[3.963,45.435],[3.963,45.441],[3.96,45.443],[3.974,45.449],[3.969,45.452],[3.973,45.46],[3.967,45.472],[3.97,45.477],[3.983,45.482],[3.985,45.495],[3.971,45.501],[3.966,45.5],[3.961,45.506],[3.959,45.519],[3.953,45.525],[3.955,45.531],[3.948,45.538],[3.946,45.545],[3.954,45.556],[3.944,45.563],[3.935,45.578],[3.917,45.588],[3.907,45.598],[3.882,45.604],[3.878,45.608],[3.861,45.616],[3.86,45.621],[3.862,45.623],[3.859,45.625],[3.84,45.626],[3.823,45.632],[3.818,45.647],[3.806,45.656],[3.795,45.673],[3.777,45.691],[3.776,45.7],[3.783,45.707],[3.777,45.72],[3.781,45.724],[3.768,45.728],[3.759,45.746],[3.751,45.747],[3.746,45.742],[3.732,45.751],[3.728,45.756],[3.739,45.767],[3.732,45.775],[3.711,45.783],[3.701,45.781],[3.689,45.791],[3.712,45.8],[3.722,45.814],[3.717,45.819],[3.725,45.824],[3.728,45.832],[3.725,45.843],[3.72,45.843],[3.719,45.848],[3.719,45.851],[3.728,45.855],[3.726,45.86],[3.729,45.863],[3.724,45.861],[3.725,45.86],[3.72,45.861],[3.716,45.871],[3.735,45.871],[3.735,45.873],[3.739,45.872],[3.745,45.878],[3.744,45.88],[3.748,45.882],[3.745,45.884],[3.754,45.886],[3.74,45.909],[3.73,45.912],[3.723,45.922],[3.694,45.931],[3.691,45.941],[3.693,45.948],[3.706,45.957],[3.701,45.964],[3.702,45.969],[3.71,45.974],[3.724,45.972],[3.742,45.966],[3.754,45.972],[3.756,45.983],[3.765,45.976],[3.771,45.977],[3.779,45.972],[3.787,45.973],[3.799,45.984],[3.824,45.987],[3.823,45.993],[3.83,45.999],[3.826,46],[3.822,46.013],[3.815,46.019],[3.813,46.03],[3.814,46.04],[3.807,46.046],[3.808,46.049],[3.806,46.052],[3.807,46.061],[3.815,46.069],[3.814,46.073],[3.82,46.081],[3.815,46.085],[3.822,46.09],[3.812,46.098],[3.806,46.108],[3.793,46.112],[3.798,46.126],[3.802,46.131],[3.798,46.139],[3.792,46.145],[3.793,46.146],[3.79,46.155],[3.808,46.162],[3.809,46.165],[3.789,46.186],[3.788,46.202],[3.797,46.207],[3.79,46.212],[3.785,46.221],[3.772,46.229],[3.768,46.239],[3.77,46.241],[3.782,46.244],[3.803,46.24],[3.807,46.243],[3.804,46.258],[3.835,46.259],[3.859,46.264],[3.868,46.263],[3.878,46.276],[3.888,46.274],[3.9,46.276]]]}},{"type":"Feature","properties":{"code":"43","nom":"Haute-Loire"},"geometry":{"type":"Polygon","coordinates":[[[3.897,45.357],[3.902,45.345],[3.9,45.343],[3.905,45.334],[3.908,45.333],[3.917,45.339],[3.919,45.342],[3.918,45.346],[3.923,45.349],[3.914,45.351],[3.915,45.354],[3.923,45.355],[3.925,45.36],[3.935,45.359],[3.935,45.364],[3.939,45.364],[3.933,45.365],[3.937,45.372],[3.948,45.376],[3.959,45.368],[3.961,45.371],[3.966,45.371],[3.967,45.374],[3.977,45.376],[3.986,45.372],[3.986,45.365],[3.993,45.361],[3.991,45.356],[4.002,45.356],[4.015,45.33],[4.02,45.328],[4.024,45.337],[4.022,45.339],[4.026,45.341],[4.02,45.348],[4.022,45.35],[4.032,45.348],[4.046,45.356],[4.057,45.35],[4.064,45.337],[4.071,45.336],[4.076,45.339],[4.078,45.345],[4.075,45.352],[4.081,45.352],[4.076,45.355],[4.081,45.356],[4.08,45.358],[4.098,45.359],[4.109,45.356],[4.11,45.364],[4.119,45.369],[4.131,45.367],[4.14,45.369],[4.154,45.365],[4.158,45.373],[4.146,45.384],[4.178,45.393],[4.202,45.381],[4.205,45.386],[4.216,45.384],[4.227,45.39],[4.235,45.389],[4.253,45.379],[4.252,45.373],[4.266,45.372],[4.271,45.375],[4.272,45.358],[4.281,45.361],[4.281,45.359],[4.286,45.36],[4.285,45.357],[4.289,45.356],[4.286,45.361],[4.289,45.359],[4.297,45.359],[4.293,45.366],[4.297,45.366],[4.298,45.368],[4.301,45.368],[4.303,45.361],[4.306,45.361],[4.309,45.363],[4.309,45.371],[4.333,45.369],[4.348,45.36],[4.359,45.35],[4.366,45.339],[4.332,45.318],[4.352,45.306],[4.351,45.303],[4.361,45.304],[4.365,45.301],[4.371,45.301],[4.367,45.294],[4.361,45.292],[4.358,45.281],[4.35,45.28],[4.349,45.274],[4.36,45.271],[4.362,45.265],[4.365,45.263],[4.371,45.261],[4.378,45.263],[4.378,45.261],[4.387,45.255],[4.39,45.257],[4.387,45.262],[4.399,45.265],[4.401,45.27],[4.419,45.275],[4.434,45.275],[4.447,45.258],[4.453,45.257],[4.469,45.247],[4.472,45.24],[4.483,45.236],[4.483,45.232],[4.491,45.224],[4.487,45.221],[4.488,45.216],[4.481,45.216],[4.477,45.212],[4.479,45.208],[4.478,45.2],[4.481,45.195],[4.473,45.185],[4.473,45.179],[4.459,45.175],[4.458,45.168],[4.448,45.163],[4.447,45.152],[4.443,45.145],[4.446,45.131],[4.455,45.126],[4.458,45.123],[4.456,45.119],[4.444,45.118],[4.44,45.123],[4.438,45.122],[4.435,45.118],[4.441,45.111],[4.436,45.109],[4.428,45.115],[4.431,45.116],[4.426,45.118],[4.428,45.122],[4.431,45.122],[4.432,45.128],[4.423,45.137],[4.414,45.14],[4.414,45.142],[4.397,45.139],[4.389,45.143],[4.374,45.144],[4.377,45.136],[4.369,45.129],[4.374,45.128],[4.377,45.123],[4.39,45.123],[4.391,45.119],[4.4,45.118],[4.4,45.105],[4.388,45.105],[4.385,45.101],[4.372,45.106],[4.37,45.102],[4.359,45.099],[4.364,45.095],[4.363,45.091],[4.367,45.089],[4.357,45.087],[4.355,45.085],[4.36,45.08],[4.354,45.076],[4.347,45.077],[4.348,45.07],[4.346,45.069],[4.347,45.065],[4.352,45.064],[4.36,45.056],[4.378,45.055],[4.382,45.042],[4.379,45.036],[4.367,45.037],[4.366,45.034],[4.356,45.034],[4.352,45.028],[4.349,45.03],[4.341,45.026],[4.31,45.032],[4.311,45.025],[4.302,45.026],[4.304,45.019],[4.297,45.019],[4.297,45.011],[4.292,45.007],[4.29,44.997],[4.293,44.992],[4.308,44.986],[4.308,44.983],[4.313,44.98],[4.314,44.974],[4.294,44.967],[4.278,44.967],[4.253,44.959],[4.246,44.965],[4.238,44.967],[4.236,44.97],[4.227,44.966],[4.222,44.961],[4.22,44.956],[4.223,44.949],[4.217,44.939],[4.217,44.934],[4.202,44.927],[4.203,44.925],[4.19,44.914],[4.191,44.912],[4.182,44.908],[4.179,44.887],[4.165,44.882],[4.157,44.873],[4.133,44.874],[4.131,44.876],[4.117,44.879],[4.104,44.877],[4.103,44.874],[4.093,44.87],[4.08,44.868],[4.074,44.871],[4.071,44.867],[4.056,44.873],[4.046,44.87],[4.04,44.873],[4.034,44.872],[4.024,44.859],[4.025,44.85],[4.02,44.846],[4.029,44.838],[4.027,44.831],[4.014,44.829],[4.013,44.837],[4.005,44.838],[4.004,44.833],[4.007,44.83],[4.001,44.824],[4,44.819],[3.995,44.822],[3.991,44.834],[3.982,44.833],[3.98,44.826],[3.987,44.818],[3.989,44.812],[3.982,44.812],[3.97,44.818],[3.963,44.83],[3.945,44.825],[3.937,44.795],[3.926,44.791],[3.923,44.777],[3.911,44.779],[3.925,44.77],[3.914,44.765],[3.9,44.764],[3.896,44.754],[3.899,44.753],[3.893,44.751],[3.876,44.757],[3.869,44.755],[3.863,44.744],[3.842,44.746],[3.835,44.748],[3.836,44.751],[3.83,44.755],[3.837,44.76],[3.843,44.768],[3.842,44.772],[3.832,44.777],[3.818,44.772],[3.809,44.765],[3.803,44.77],[3.803,44.782],[3.799,44.786],[3.778,44.799],[3.771,44.797],[3.774,44.8],[3.771,44.803],[3.762,44.801],[3.759,44.806],[3.763,44.81],[3.762,44.814],[3.75,44.823],[3.752,44.828],[3.747,44.829],[3.743,44.839],[3.735,44.84],[3.737,44.835],[3.735,44.833],[3.728,44.834],[3.723,44.831],[3.708,44.837],[3.7,44.837],[3.695,44.831],[3.663,44.83],[3.657,44.836],[3.672,44.843],[3.672,44.857],[3.667,44.858],[3.66,44.871],[3.654,44.876],[3.651,44.874],[3.63,44.881],[3.615,44.874],[3.608,44.879],[3.594,44.877],[3.594,44.868],[3.599,44.86],[3.59,44.847],[3.594,44.841],[3.587,44.838],[3.589,44.826],[3.579,44.825],[3.575,44.835],[3.571,44.836],[3.56,44.833],[3.562,44.825],[3.543,44.828],[3.506,44.824],[3.494,44.815],[3.489,44.807],[3.478,44.81],[3.465,44.828],[3.456,44.829],[3.459,44.84],[3.442,44.854],[3.436,44.88],[3.42,44.895],[3.419,44.905],[3.417,44.906],[3.419,44.908],[3.41,44.918],[3.414,44.92],[3.416,44.927],[3.412,44.939],[3.415,44.942],[3.404,44.957],[3.397,44.959],[3.389,44.951],[3.371,44.96],[3.376,44.965],[3.37,44.97],[3.373,44.975],[3.361,44.971],[3.348,44.974],[3.345,44.986],[3.364,44.99],[3.371,45.002],[3.37,45.005],[3.35,45.002],[3.35,45.013],[3.347,45.014],[3.33,45.008],[3.325,45.01],[3.337,45.025],[3.327,45.031],[3.311,45.02],[3.3,45.031],[3.297,45.038],[3.305,45.045],[3.299,45.052],[3.301,45.055],[3.3,45.061],[3.307,45.063],[3.302,45.064],[3.309,45.068],[3.307,45.072],[3.31,45.073],[3.315,45.085],[3.298,45.091],[3.29,45.087],[3.282,45.103],[3.297,45.107],[3.305,45.107],[3.305,45.101],[3.326,45.095],[3.341,45.101],[3.358,45.101],[3.361,45.104],[3.351,45.104],[3.352,45.112],[3.348,45.113],[3.331,45.109],[3.327,45.112],[3.328,45.115],[3.312,45.118],[3.299,45.125],[3.288,45.12],[3.283,45.131],[3.277,45.134],[3.278,45.141],[3.274,45.145],[3.28,45.147],[3.282,45.152],[3.278,45.155],[3.274,45.152],[3.267,45.155],[3.27,45.157],[3.264,45.161],[3.261,45.171],[3.263,45.176],[3.262,45.184],[3.271,45.19],[3.27,45.203],[3.273,45.208],[3.266,45.214],[3.255,45.21],[3.252,45.211],[3.254,45.216],[3.243,45.216],[3.235,45.22],[3.234,45.238],[3.221,45.245],[3.228,45.255],[3.225,45.256],[3.224,45.263],[3.229,45.265],[3.227,45.272],[3.22,45.272],[3.223,45.277],[3.217,45.276],[3.211,45.281],[3.202,45.282],[3.184,45.279],[3.188,45.277],[3.165,45.269],[3.163,45.27],[3.169,45.275],[3.167,45.276],[3.17,45.28],[3.168,45.28],[3.167,45.286],[3.161,45.288],[3.163,45.289],[3.159,45.293],[3.161,45.295],[3.154,45.294],[3.147,45.288],[3.137,45.29],[3.118,45.284],[3.111,45.284],[3.105,45.291],[3.099,45.292],[3.083,45.289],[3.086,45.297],[3.085,45.299],[3.105,45.3],[3.114,45.309],[3.112,45.314],[3.1,45.316],[3.09,45.323],[3.094,45.327],[3.113,45.327],[3.113,45.331],[3.116,45.334],[3.113,45.336],[3.113,45.343],[3.11,45.345],[3.113,45.352],[3.104,45.354],[3.131,45.351],[3.14,45.355],[3.147,45.35],[3.18,45.351],[3.175,45.355],[3.181,45.365],[3.195,45.363],[3.196,45.366],[3.192,45.367],[3.202,45.371],[3.209,45.371],[3.211,45.367],[3.219,45.369],[3.222,45.382],[3.238,45.394],[3.243,45.39],[3.254,45.389],[3.29,45.401],[3.298,45.42],[3.311,45.418],[3.316,45.412],[3.32,45.413],[3.328,45.397],[3.329,45.399],[3.33,45.397],[3.334,45.398],[3.334,45.408],[3.343,45.417],[3.341,45.421],[3.35,45.42],[3.356,45.423],[3.363,45.414],[3.373,45.408],[3.378,45.401],[3.39,45.404],[3.402,45.4],[3.406,45.403],[3.419,45.401],[3.42,45.397],[3.43,45.402],[3.464,45.402],[3.461,45.406],[3.477,45.415],[3.48,45.421],[3.491,45.423],[3.5,45.428],[3.504,45.424],[3.502,45.422],[3.506,45.411],[3.521,45.402],[3.524,45.406],[3.53,45.398],[3.531,45.401],[3.554,45.397],[3.556,45.392],[3.565,45.396],[3.571,45.402],[3.577,45.388],[3.588,45.375],[3.585,45.368],[3.587,45.361],[3.619,45.338],[3.628,45.339],[3.634,45.345],[3.645,45.351],[3.645,45.359],[3.653,45.358],[3.664,45.362],[3.67,45.384],[3.674,45.38],[3.68,45.384],[3.685,45.38],[3.683,45.378],[3.691,45.38],[3.691,45.373],[3.699,45.372],[3.707,45.374],[3.707,45.37],[3.697,45.365],[3.7,45.359],[3.725,45.359],[3.73,45.361],[3.733,45.356],[3.741,45.353],[3.746,45.355],[3.756,45.354],[3.757,45.357],[3.762,45.353],[3.776,45.349],[3.78,45.351],[3.779,45.355],[3.79,45.354],[3.79,45.36],[3.787,45.361],[3.791,45.364],[3.785,45.37],[3.79,45.376],[3.791,45.385],[3.795,45.384],[3.8,45.39],[3.805,45.392],[3.821,45.385],[3.822,45.38],[3.836,45.383],[3.838,45.376],[3.834,45.375],[3.838,45.366],[3.851,45.368],[3.85,45.364],[3.854,45.36],[3.86,45.36],[3.873,45.355],[3.882,45.357],[3.892,45.354],[3.897,45.357]]]}},{"type":"Feature","properties":{"code":"44","nom":"Loire-Atlantique"},"geometry":{"type":"MultiPolygon","coordinates":[[[[-2.623,47.41],[-2.62,47.414],[-2.618,47.412],[-2.623,47.41]]],[[[-2.458,47.448],[-2.453,47.455],[-2.453,47.462],[-2.438,47.466],[-2.43,47.476],[-2.423,47.477],[-2.419,47.473],[-2.423,47.469],[-2.418,47.467],[-2.417,47.461],[-2.4,47.456],[-2.368,47.464],[-2.353,47.455],[-2.35,47.458],[-2.317,47.461],[-2.312,47.465],[-2.314,47.476],[-2.313,47.486],[-2.301,47.496],[-2.296,47.516],[-2.29,47.514],[-2.287,47.515],[-2.281,47.51],[-2.275,47.513],[-2.266,47.51],[-2.261,47.514],[-2.255,47.512],[-2.256,47.506],[-2.266,47.502],[-2.244,47.494],[-2.229,47.499],[-2.216,47.508],[-2.185,47.512],[-2.187,47.507],[-2.184,47.502],[-2.192,47.501],[-2.192,47.497],[-2.181,47.491],[-2.172,47.492],[-2.165,47.489],[-2.154,47.496],[-2.153,47.511],[-2.156,47.522],[-2.133,47.527],[-2.132,47.531],[-2.118,47.528],[-2.099,47.534],[-2.097,47.54],[-2.105,47.547],[-2.097,47.571],[-2.101,47.577],[-2.105,47.575],[-2.105,47.578],[-2.1,47.581],[-2.104,47.591],[-2.102,47.596],[-2.086,47.604],[-2.084,47.611],[-2.086,47.623],[-2.097,47.631],[-2.09,47.642],[-2.081,47.65],[-2.051,47.65],[-2.048,47.657],[-2.05,47.662],[-2.039,47.67],[-2.013,47.666],[-2.009,47.671],[-1.987,47.681],[-1.974,47.694],[-1.969,47.69],[-1.969,47.674],[-1.961,47.671],[-1.954,47.672],[-1.936,47.687],[-1.899,47.696],[-1.878,47.695],[-1.867,47.702],[-1.864,47.707],[-1.858,47.708],[-1.84,47.706],[-1.828,47.711],[-1.821,47.705],[-1.772,47.698],[-1.751,47.707],[-1.722,47.698],[-1.711,47.7],[-1.711,47.708],[-1.689,47.713],[-1.658,47.709],[-1.656,47.715],[-1.648,47.721],[-1.638,47.722],[-1.64,47.726],[-1.636,47.742],[-1.634,47.743],[-1.626,47.757],[-1.627,47.76],[-1.623,47.764],[-1.605,47.763],[-1.594,47.767],[-1.598,47.77],[-1.586,47.78],[-1.576,47.778],[-1.565,47.779],[-1.553,47.785],[-1.55,47.783],[-1.529,47.785],[-1.52,47.794],[-1.503,47.801],[-1.5,47.798],[-1.491,47.798],[-1.471,47.803],[-1.467,47.809],[-1.475,47.825],[-1.482,47.831],[-1.478,47.836],[-1.472,47.833],[-1.463,47.836],[-1.454,47.831],[-1.448,47.833],[-1.439,47.83],[-1.423,47.832],[-1.418,47.827],[-1.411,47.829],[-1.406,47.825],[-1.395,47.829],[-1.381,47.822],[-1.377,47.815],[-1.378,47.81],[-1.361,47.803],[-1.365,47.799],[-1.312,47.791],[-1.246,47.777],[-1.25,47.764],[-1.243,47.759],[-1.234,47.757],[-1.235,47.755],[-1.243,47.748],[-1.242,47.743],[-1.256,47.743],[-1.254,47.737],[-1.255,47.731],[-1.249,47.732],[-1.237,47.724],[-1.215,47.719],[-1.195,47.722],[-1.196,47.71],[-1.182,47.704],[-1.182,47.701],[-1.188,47.702],[-1.189,47.699],[-1.175,47.695],[-1.178,47.689],[-1.177,47.684],[-1.173,47.682],[-1.178,47.68],[-1.181,47.675],[-1.183,47.669],[-1.181,47.665],[-1.17,47.663],[-1.174,47.66],[-1.161,47.662],[-1.161,47.656],[-1.156,47.646],[-1.157,47.635],[-1.139,47.624],[-1.138,47.619],[-1.101,47.621],[-1.093,47.617],[-1.092,47.611],[-1.078,47.607],[-1.059,47.601],[-1.037,47.602],[-1.034,47.6],[-1.025,47.599],[-1.01,47.593],[-1.007,47.589],[-1.017,47.582],[-1.019,47.577],[-1.041,47.57],[-1.044,47.568],[-1.04,47.564],[-1.042,47.562],[-1.056,47.565],[-1.052,47.558],[-1.06,47.556],[-1.059,47.552],[-1.052,47.552],[-1.05,47.547],[-1.039,47.547],[-1.041,47.543],[-1.038,47.537],[-1.039,47.525],[-1.042,47.525],[-1.046,47.513],[-1.044,47.506],[-1.024,47.5],[-1.013,47.49],[-1.006,47.488],[-0.965,47.492],[-0.959,47.481],[-0.967,47.474],[-0.968,47.47],[-0.953,47.451],[-0.953,47.435],[-0.947,47.428],[-0.948,47.423],[-0.961,47.423],[-0.961,47.418],[-0.95,47.407],[-0.948,47.395],[-0.951,47.394],[-0.951,47.389],[-0.946,47.387],[-0.975,47.371],[-0.991,47.373],[-1.015,47.365],[-1.045,47.365],[-1.076,47.371],[-1.108,47.366],[-1.144,47.369],[-1.155,47.366],[-1.167,47.366],[-1.18,47.361],[-1.178,47.359],[-1.188,47.352],[-1.208,47.349],[-1.214,47.351],[-1.217,47.349],[-1.229,47.35],[-1.256,47.341],[-1.297,47.339],[-1.31,47.332],[-1.319,47.322],[-1.336,47.319],[-1.354,47.304],[-1.337,47.3],[-1.323,47.303],[-1.322,47.306],[-1.318,47.301],[-1.308,47.304],[-1.299,47.303],[-1.296,47.306],[-1.294,47.3],[-1.275,47.291],[-1.278,47.286],[-1.275,47.278],[-1.279,47.274],[-1.278,47.271],[-1.268,47.26],[-1.261,47.259],[-1.254,47.253],[-1.254,47.248],[-1.244,47.248],[-1.242,47.243],[-1.228,47.24],[-1.213,47.246],[-1.213,47.25],[-1.207,47.253],[-1.198,47.253],[-1.194,47.252],[-1.195,47.248],[-1.188,47.243],[-1.181,47.241],[-1.181,47.233],[-1.187,47.228],[-1.188,47.22],[-1.174,47.214],[-1.18,47.207],[-1.174,47.199],[-1.177,47.198],[-1.178,47.193],[-1.17,47.187],[-1.168,47.189],[-1.162,47.188],[-1.163,47.185],[-1.161,47.183],[-1.164,47.181],[-1.162,47.178],[-1.167,47.177],[-1.166,47.174],[-1.177,47.163],[-1.181,47.165],[-1.181,47.161],[-1.183,47.159],[-1.188,47.158],[-1.19,47.155],[-1.198,47.154],[-1.198,47.149],[-1.206,47.15],[-1.207,47.149],[-1.205,47.145],[-1.215,47.143],[-1.219,47.146],[-1.223,47.14],[-1.228,47.142],[-1.229,47.138],[-1.235,47.14],[-1.234,47.138],[-1.239,47.137],[-1.238,47.134],[-1.231,47.131],[-1.232,47.123],[-1.225,47.119],[-1.229,47.115],[-1.227,47.115],[-1.23,47.11],[-1.25,47.098],[-1.244,47.094],[-1.234,47.096],[-1.229,47.1],[-1.169,47.093],[-1.155,47.072],[-1.13,47.064],[-1.116,47.063],[-1.121,47.056],[-1.117,47.04],[-1.149,47.03],[-1.158,47.034],[-1.164,47.032],[-1.201,47.04],[-1.202,47.046],[-1.207,47.046],[-1.21,47.051],[-1.219,47.054],[-1.231,47.065],[-1.242,47.069],[-1.247,47.067],[-1.252,47.074],[-1.261,47.076],[-1.26,47.079],[-1.271,47.085],[-1.28,47.076],[-1.288,47.076],[-1.291,47.068],[-1.291,47.065],[-1.286,47.064],[-1.288,47.057],[-1.298,47.051],[-1.297,47.045],[-1.305,47.041],[-1.296,47.043],[-1.297,47.04],[-1.295,47.039],[-1.299,47.035],[-1.32,47.034],[-1.332,47.039],[-1.336,47.044],[-1.346,47.046],[-1.341,47.04],[-1.347,47.038],[-1.366,47.042],[-1.368,47.035],[-1.379,47.031],[-1.367,47.02],[-1.363,47.005],[-1.368,47.001],[-1.37,46.996],[-1.378,46.992],[-1.374,46.987],[-1.362,46.984],[-1.359,46.981],[-1.361,46.975],[-1.358,46.971],[-1.365,46.97],[-1.369,46.964],[-1.364,46.959],[-1.365,46.957],[-1.373,46.952],[-1.377,46.955],[-1.392,46.947],[-1.413,46.945],[-1.443,46.933],[-1.448,46.928],[-1.458,46.926],[-1.472,46.933],[-1.467,46.938],[-1.467,46.945],[-1.457,46.955],[-1.461,46.962],[-1.472,46.968],[-1.473,46.978],[-1.477,46.981],[-1.474,46.988],[-1.464,46.989],[-1.46,46.993],[-1.469,47.002],[-1.476,47.026],[-1.476,47.029],[-1.473,47.031],[-1.485,47.04],[-1.493,47.042],[-1.505,47.039],[-1.517,47.026],[-1.526,47.023],[-1.539,47.023],[-1.54,47.017],[-1.55,47.019],[-1.556,47.014],[-1.543,47.003],[-1.552,46.989],[-1.555,46.979],[-1.548,46.974],[-1.548,46.97],[-1.543,46.965],[-1.544,46.957],[-1.534,46.951],[-1.534,46.945],[-1.525,46.946],[-1.525,46.942],[-1.52,46.941],[-1.519,46.935],[-1.529,46.923],[-1.546,46.926],[-1.538,46.921],[-1.536,46.918],[-1.538,46.916],[-1.53,46.912],[-1.531,46.908],[-1.529,46.907],[-1.514,46.901],[-1.512,46.895],[-1.503,46.894],[-1.505,46.887],[-1.501,46.884],[-1.502,46.881],[-1.514,46.88],[-1.527,46.873],[-1.539,46.876],[-1.546,46.875],[-1.549,46.867],[-1.545,46.864],[-1.549,46.86],[-1.553,46.863],[-1.576,46.864],[-1.6,46.871],[-1.605,46.875],[-1.609,46.871],[-1.618,46.875],[-1.627,46.874],[-1.632,46.878],[-1.658,46.878],[-1.668,46.876],[-1.682,46.884],[-1.688,46.891],[-1.723,46.884],[-1.731,46.888],[-1.736,46.894],[-1.736,46.901],[-1.739,46.905],[-1.735,46.91],[-1.739,46.915],[-1.746,46.917],[-1.742,46.921],[-1.747,46.924],[-1.745,46.928],[-1.75,46.93],[-1.778,46.925],[-1.786,46.93],[-1.799,46.927],[-1.801,46.931],[-1.832,46.932],[-1.826,46.938],[-1.825,46.947],[-1.828,46.953],[-1.865,46.955],[-1.866,46.952],[-1.89,46.957],[-1.899,46.962],[-1.906,46.971],[-1.911,46.969],[-1.917,46.975],[-1.912,46.979],[-1.919,46.98],[-1.916,46.982],[-1.919,46.988],[-1.915,46.989],[-1.917,46.992],[-1.928,46.992],[-1.935,46.996],[-1.943,46.995],[-1.967,47.026],[-1.98,47.029],[-1.984,47.03],[-2.005,47.061],[-2.033,47.074],[-2.049,47.086],[-2.052,47.094],[-2.074,47.101],[-2.107,47.107],[-2.109,47.108],[-2.103,47.114],[-2.116,47.109],[-2.157,47.113],[-2.165,47.118],[-2.179,47.122],[-2.214,47.124],[-2.227,47.131],[-2.243,47.132],[-2.245,47.13],[-2.247,47.132],[-2.229,47.145],[-2.223,47.154],[-2.2,47.159],[-2.178,47.156],[-2.167,47.166],[-2.162,47.193],[-2.158,47.197],[-2.16,47.204],[-2.158,47.209],[-2.181,47.233],[-2.181,47.236],[-2.175,47.236],[-2.171,47.24],[-2.17,47.268],[-2.187,47.281],[-2.197,47.275],[-2.2,47.27],[-2.208,47.271],[-2.224,47.265],[-2.222,47.259],[-2.228,47.256],[-2.247,47.256],[-2.253,47.253],[-2.26,47.249],[-2.262,47.242],[-2.267,47.238],[-2.289,47.238],[-2.298,47.233],[-2.307,47.238],[-2.307,47.241],[-2.335,47.252],[-2.343,47.258],[-2.342,47.262],[-2.354,47.271],[-2.375,47.279],[-2.398,47.281],[-2.42,47.276],[-2.425,47.271],[-2.417,47.259],[-2.432,47.258],[-2.453,47.264],[-2.456,47.268],[-2.461,47.27],[-2.472,47.27],[-2.494,47.275],[-2.499,47.281],[-2.546,47.291],[-2.545,47.298],[-2.539,47.3],[-2.524,47.302],[-2.512,47.3],[-2.511,47.302],[-2.515,47.304],[-2.505,47.314],[-2.503,47.329],[-2.508,47.344],[-2.516,47.35],[-2.521,47.359],[-2.533,47.366],[-2.551,47.369],[-2.559,47.375],[-2.547,47.382],[-2.534,47.384],[-2.499,47.405],[-2.491,47.405],[-2.488,47.411],[-2.478,47.412],[-2.47,47.417],[-2.468,47.421],[-2.463,47.411],[-2.457,47.414],[-2.449,47.412],[-2.44,47.415],[-2.433,47.413],[-2.432,47.416],[-2.44,47.421],[-2.447,47.421],[-2.453,47.426],[-2.459,47.424],[-2.452,47.434],[-2.445,47.436],[-2.448,47.441],[-2.458,47.448]]]]}},{"type":"Feature","properties":{"code":"45","nom":"Loiret"},"geometry":{"type":"Polygon","coordinates":[[[2.936,48.163],[2.953,48.165],[2.957,48.158],[2.964,48.153],[2.982,48.15],[2.98,48.154],[2.991,48.152],[2.991,48.147],[2.998,48.14],[3.004,48.145],[3.01,48.146],[3.022,48.135],[3.029,48.133],[3.016,48.116],[3.035,48.116],[3.038,48.099],[3.043,48.093],[3.049,48.094],[3.05,48.091],[3.05,48.072],[3.061,48.064],[3.08,48.06],[3.088,48.054],[3.095,48.054],[3.09,48.049],[3.095,48.044],[3.095,48.04],[3.124,48.031],[3.12,48.026],[3.116,48.028],[3.099,48.021],[3.104,48.014],[3.11,48.011],[3.115,48.013],[3.124,48.007],[3.121,48.003],[3.123,48.001],[3.121,47.996],[3.123,47.991],[3.127,47.991],[3.122,47.987],[3.123,47.984],[3.129,47.983],[3.127,47.968],[3.109,47.962],[3.111,47.958],[3.105,47.947],[3.098,47.949],[3.098,47.946],[3.084,47.943],[3.078,47.931],[3.065,47.931],[3.062,47.926],[3.051,47.924],[3.05,47.911],[3.038,47.907],[3.036,47.912],[3.024,47.905],[3.018,47.908],[3.01,47.905],[3.012,47.901],[3.017,47.899],[3.007,47.895],[3.01,47.89],[3.007,47.884],[3.012,47.88],[3.01,47.876],[3.012,47.874],[2.998,47.867],[3.023,47.861],[3.029,47.857],[3.025,47.857],[3.032,47.85],[3.031,47.844],[3.034,47.844],[3.03,47.835],[3.013,47.834],[3.015,47.833],[3.014,47.822],[3.022,47.818],[3.015,47.814],[3.024,47.813],[3.028,47.802],[3.025,47.788],[2.988,47.786],[2.979,47.78],[2.955,47.776],[2.95,47.766],[2.938,47.766],[2.931,47.762],[2.909,47.769],[2.908,47.767],[2.9,47.766],[2.899,47.764],[2.87,47.765],[2.863,47.761],[2.856,47.762],[2.852,47.758],[2.859,47.75],[2.854,47.735],[2.85,47.733],[2.853,47.729],[2.849,47.726],[2.853,47.721],[2.849,47.717],[2.855,47.715],[2.861,47.71],[2.879,47.72],[2.885,47.714],[2.884,47.708],[2.879,47.704],[2.904,47.697],[2.908,47.691],[2.914,47.691],[2.918,47.685],[2.927,47.682],[2.918,47.67],[2.927,47.659],[2.942,47.658],[2.942,47.654],[2.954,47.646],[2.936,47.637],[2.932,47.627],[2.936,47.627],[2.934,47.621],[2.945,47.608],[2.936,47.599],[2.942,47.599],[2.943,47.593],[2.951,47.589],[2.955,47.59],[2.962,47.586],[2.964,47.582],[2.962,47.577],[2.965,47.574],[2.975,47.574],[2.977,47.569],[2.963,47.564],[2.959,47.557],[2.914,47.566],[2.905,47.556],[2.89,47.553],[2.874,47.553],[2.873,47.545],[2.863,47.546],[2.86,47.554],[2.845,47.545],[2.849,47.538],[2.875,47.52],[2.839,47.511],[2.825,47.497],[2.808,47.494],[2.804,47.495],[2.803,47.498],[2.793,47.498],[2.796,47.506],[2.785,47.51],[2.785,47.516],[2.776,47.518],[2.767,47.525],[2.746,47.525],[2.739,47.528],[2.733,47.538],[2.727,47.536],[2.729,47.531],[2.722,47.521],[2.73,47.52],[2.724,47.516],[2.728,47.507],[2.72,47.505],[2.727,47.499],[2.725,47.494],[2.719,47.495],[2.715,47.488],[2.703,47.489],[2.69,47.484],[2.667,47.485],[2.658,47.487],[2.659,47.489],[2.655,47.492],[2.657,47.496],[2.654,47.512],[2.649,47.513],[2.647,47.516],[2.636,47.516],[2.63,47.522],[2.615,47.524],[2.612,47.528],[2.617,47.541],[2.594,47.558],[2.574,47.559],[2.569,47.569],[2.563,47.572],[2.547,47.575],[2.523,47.571],[2.522,47.573],[2.508,47.568],[2.491,47.568],[2.488,47.574],[2.476,47.579],[2.453,47.597],[2.455,47.599],[2.45,47.603],[2.45,47.606],[2.439,47.61],[2.401,47.599],[2.396,47.592],[2.381,47.592],[2.373,47.586],[2.365,47.591],[2.36,47.59],[2.36,47.592],[2.342,47.605],[2.325,47.608],[2.291,47.624],[2.29,47.629],[2.247,47.62],[2.239,47.621],[2.238,47.628],[2.241,47.641],[2.22,47.668],[2.215,47.667],[2.213,47.662],[2.205,47.661],[2.206,47.676],[2.204,47.678],[2.186,47.676],[2.17,47.671],[2.149,47.67],[2.14,47.677],[2.128,47.679],[2.116,47.675],[2.111,47.67],[2.106,47.671],[2.108,47.677],[2.099,47.679],[2.087,47.678],[2.075,47.682],[2.07,47.682],[2.066,47.674],[2.041,47.678],[2.025,47.675],[2.009,47.679],[1.998,47.675],[2.002,47.668],[1.998,47.669],[1.996,47.664],[1.99,47.662],[1.986,47.666],[1.97,47.663],[1.964,47.657],[1.957,47.662],[1.941,47.66],[1.944,47.667],[1.939,47.668],[1.939,47.673],[1.942,47.674],[1.936,47.68],[1.922,47.678],[1.922,47.676],[1.916,47.675],[1.904,47.675],[1.902,47.672],[1.89,47.679],[1.866,47.675],[1.861,47.678],[1.866,47.688],[1.859,47.692],[1.844,47.686],[1.845,47.674],[1.841,47.67],[1.847,47.661],[1.845,47.657],[1.821,47.652],[1.81,47.653],[1.803,47.648],[1.803,47.639],[1.794,47.636],[1.779,47.643],[1.782,47.652],[1.749,47.656],[1.74,47.662],[1.74,47.668],[1.731,47.678],[1.733,47.681],[1.731,47.684],[1.719,47.696],[1.728,47.7],[1.713,47.722],[1.714,47.733],[1.706,47.733],[1.697,47.738],[1.672,47.74],[1.627,47.761],[1.623,47.755],[1.622,47.744],[1.615,47.737],[1.583,47.726],[1.582,47.729],[1.601,47.741],[1.548,47.77],[1.571,47.787],[1.561,47.791],[1.571,47.797],[1.565,47.8],[1.562,47.799],[1.559,47.801],[1.561,47.805],[1.542,47.817],[1.534,47.821],[1.529,47.818],[1.526,47.82],[1.534,47.827],[1.531,47.829],[1.537,47.833],[1.534,47.836],[1.537,47.839],[1.535,47.84],[1.539,47.842],[1.545,47.839],[1.548,47.841],[1.551,47.843],[1.549,47.844],[1.557,47.848],[1.581,47.87],[1.584,47.868],[1.583,47.872],[1.591,47.879],[1.584,47.882],[1.586,47.886],[1.579,47.889],[1.583,47.893],[1.575,47.898],[1.581,47.902],[1.552,47.922],[1.522,47.932],[1.526,47.937],[1.526,47.945],[1.535,47.95],[1.555,47.953],[1.556,47.955],[1.547,47.956],[1.548,47.965],[1.554,47.969],[1.554,47.967],[1.561,47.968],[1.567,47.974],[1.565,47.99],[1.558,47.986],[1.552,47.992],[1.547,47.986],[1.54,47.99],[1.528,47.981],[1.52,47.982],[1.523,47.984],[1.518,47.987],[1.519,47.99],[1.526,47.993],[1.517,47.997],[1.527,48.007],[1.523,48.011],[1.518,48.012],[1.518,48.021],[1.513,48.028],[1.52,48.03],[1.523,48.035],[1.547,48.03],[1.551,48.035],[1.539,48.039],[1.545,48.045],[1.566,48.036],[1.594,48.031],[1.597,48.043],[1.608,48.043],[1.612,48.045],[1.619,48.043],[1.618,48.046],[1.621,48.048],[1.619,48.052],[1.625,48.058],[1.622,48.064],[1.624,48.065],[1.624,48.07],[1.634,48.068],[1.643,48.071],[1.647,48.07],[1.653,48.075],[1.66,48.076],[1.665,48.075],[1.663,48.072],[1.67,48.07],[1.667,48.065],[1.67,48.062],[1.675,48.067],[1.679,48.066],[1.689,48.078],[1.709,48.067],[1.714,48.069],[1.719,48.066],[1.726,48.07],[1.731,48.067],[1.742,48.068],[1.745,48.064],[1.749,48.068],[1.755,48.065],[1.762,48.072],[1.772,48.07],[1.78,48.077],[1.784,48.073],[1.788,48.077],[1.798,48.077],[1.802,48.089],[1.83,48.079],[1.83,48.082],[1.838,48.081],[1.838,48.087],[1.845,48.089],[1.849,48.085],[1.866,48.084],[1.865,48.095],[1.871,48.095],[1.873,48.099],[1.884,48.098],[1.902,48.131],[1.913,48.129],[1.92,48.146],[1.905,48.146],[1.907,48.15],[1.903,48.153],[1.914,48.167],[1.916,48.166],[1.925,48.174],[1.941,48.168],[1.945,48.175],[1.957,48.175],[1.971,48.171],[1.971,48.183],[1.965,48.184],[1.965,48.187],[1.951,48.19],[1.953,48.195],[1.951,48.195],[1.957,48.204],[1.967,48.202],[1.962,48.194],[1.971,48.19],[1.98,48.204],[1.972,48.208],[1.968,48.22],[1.963,48.223],[1.967,48.235],[1.966,48.239],[1.962,48.24],[1.965,48.241],[1.962,48.242],[1.962,48.247],[1.965,48.255],[1.984,48.264],[1.99,48.278],[1.993,48.279],[1.994,48.287],[2.012,48.285],[2.025,48.289],[2.037,48.288],[2.041,48.284],[2.052,48.291],[2.053,48.295],[2.085,48.294],[2.106,48.308],[2.114,48.307],[2.111,48.297],[2.164,48.298],[2.161,48.305],[2.156,48.305],[2.152,48.316],[2.169,48.313],[2.172,48.316],[2.181,48.312],[2.185,48.321],[2.182,48.322],[2.182,48.324],[2.188,48.328],[2.188,48.332],[2.203,48.339],[2.205,48.342],[2.202,48.345],[2.207,48.345],[2.207,48.342],[2.213,48.341],[2.216,48.334],[2.224,48.336],[2.229,48.333],[2.228,48.33],[2.234,48.328],[2.233,48.331],[2.238,48.332],[2.246,48.331],[2.238,48.316],[2.249,48.316],[2.245,48.298],[2.254,48.3],[2.259,48.307],[2.265,48.309],[2.263,48.31],[2.267,48.315],[2.296,48.308],[2.313,48.331],[2.317,48.332],[2.324,48.332],[2.326,48.33],[2.328,48.333],[2.328,48.326],[2.335,48.327],[2.342,48.317],[2.353,48.314],[2.358,48.308],[2.367,48.312],[2.37,48.309],[2.397,48.315],[2.4,48.316],[2.398,48.319],[2.403,48.321],[2.409,48.309],[2.423,48.295],[2.423,48.288],[2.418,48.279],[2.42,48.275],[2.418,48.272],[2.424,48.26],[2.44,48.253],[2.446,48.255],[2.45,48.25],[2.469,48.255],[2.479,48.25],[2.476,48.244],[2.484,48.239],[2.506,48.239],[2.507,48.226],[2.518,48.228],[2.513,48.224],[2.514,48.214],[2.517,48.214],[2.517,48.21],[2.521,48.207],[2.519,48.201],[2.523,48.201],[2.523,48.195],[2.513,48.193],[2.518,48.19],[2.507,48.18],[2.515,48.175],[2.512,48.171],[2.517,48.166],[2.506,48.156],[2.483,48.165],[2.479,48.155],[2.474,48.154],[2.475,48.149],[2.468,48.148],[2.46,48.137],[2.444,48.131],[2.444,48.124],[2.449,48.125],[2.454,48.122],[2.465,48.129],[2.468,48.127],[2.476,48.13],[2.522,48.125],[2.52,48.127],[2.538,48.14],[2.558,48.142],[2.571,48.141],[2.575,48.131],[2.603,48.131],[2.64,48.139],[2.665,48.121],[2.677,48.126],[2.705,48.123],[2.72,48.137],[2.755,48.146],[2.754,48.153],[2.741,48.16],[2.736,48.166],[2.755,48.16],[2.76,48.162],[2.759,48.163],[2.767,48.165],[2.772,48.162],[2.779,48.168],[2.792,48.165],[2.795,48.169],[2.8,48.168],[2.802,48.164],[2.81,48.166],[2.811,48.164],[2.809,48.159],[2.798,48.151],[2.801,48.15],[2.797,48.142],[2.801,48.131],[2.821,48.13],[2.824,48.134],[2.836,48.134],[2.85,48.141],[2.868,48.156],[2.936,48.163]]]}},{"type":"Feature","properties":{"code":"46","nom":"Lot"},"geometry":{"type":"Polygon","coordinates":[[[1.448,45.019],[1.462,45.014],[1.477,45.019],[1.477,45.027],[1.481,45.027],[1.483,45.03],[1.488,45.032],[1.492,45.03],[1.507,45.04],[1.521,45.04],[1.528,45.045],[1.537,45.047],[1.54,45.047],[1.545,45.029],[1.554,45.029],[1.576,45.041],[1.593,45.035],[1.605,45.035],[1.608,45.032],[1.614,45.033],[1.623,45.03],[1.626,45.034],[1.63,45.034],[1.635,45.029],[1.646,45.028],[1.649,45.024],[1.652,45.025],[1.653,45.018],[1.665,45.012],[1.664,45.009],[1.67,45.009],[1.673,45.004],[1.684,45.003],[1.687,44.996],[1.703,44.988],[1.711,44.967],[1.725,44.968],[1.733,44.965],[1.734,44.959],[1.741,44.961],[1.751,44.956],[1.751,44.947],[1.756,44.946],[1.749,44.938],[1.767,44.934],[1.775,44.924],[1.786,44.931],[1.786,44.937],[1.791,44.932],[1.798,44.93],[1.802,44.926],[1.801,44.922],[1.809,44.928],[1.824,44.928],[1.829,44.934],[1.831,44.945],[1.837,44.945],[1.836,44.937],[1.843,44.937],[1.845,44.943],[1.863,44.948],[1.869,44.954],[1.887,44.957],[1.887,44.963],[1.899,44.968],[1.899,44.972],[1.909,44.978],[1.922,44.976],[1.929,44.979],[1.939,44.973],[1.942,44.959],[1.94,44.953],[1.949,44.953],[1.956,44.96],[1.966,44.962],[1.982,44.973],[1.991,44.976],[2.006,44.978],[2.008,44.976],[2.045,44.984],[2.053,44.976],[2.059,44.977],[2.059,44.975],[2.063,44.977],[2.068,44.973],[2.071,44.963],[2.081,44.953],[2.08,44.944],[2.076,44.941],[2.078,44.934],[2.105,44.92],[2.102,44.916],[2.107,44.91],[2.098,44.905],[2.086,44.904],[2.084,44.886],[2.09,44.882],[2.094,44.872],[2.102,44.867],[2.117,44.848],[2.128,44.845],[2.127,44.838],[2.135,44.827],[2.168,44.811],[2.165,44.804],[2.172,44.79],[2.168,44.783],[2.17,44.777],[2.166,44.777],[2.166,44.772],[2.154,44.772],[2.148,44.767],[2.15,44.765],[2.147,44.763],[2.152,44.76],[2.151,44.757],[2.156,44.749],[2.152,44.746],[2.156,44.742],[2.151,44.741],[2.152,44.736],[2.148,44.726],[2.149,44.722],[2.131,44.709],[2.133,44.704],[2.13,44.699],[2.138,44.694],[2.148,44.695],[2.153,44.7],[2.16,44.697],[2.165,44.687],[2.179,44.674],[2.172,44.666],[2.162,44.663],[2.174,44.654],[2.174,44.651],[2.169,44.648],[2.169,44.639],[2.174,44.635],[2.18,44.635],[2.186,44.629],[2.194,44.628],[2.193,44.625],[2.207,44.616],[2.211,44.605],[2.208,44.602],[2.198,44.604],[2.194,44.6],[2.202,44.596],[2.194,44.591],[2.194,44.585],[2.186,44.587],[2.187,44.591],[2.181,44.588],[2.179,44.594],[2.168,44.591],[2.153,44.575],[2.154,44.572],[2.133,44.569],[2.125,44.579],[2.113,44.572],[2.102,44.572],[2.081,44.587],[2.073,44.579],[2.068,44.567],[2.061,44.565],[2.058,44.568],[2.059,44.571],[2.068,44.576],[2.064,44.582],[2.057,44.583],[2.035,44.571],[2.036,44.563],[2.029,44.558],[2.02,44.556],[2.002,44.557],[1.987,44.55],[1.96,44.52],[1.937,44.515],[1.93,44.505],[1.913,44.505],[1.912,44.5],[1.921,44.492],[1.916,44.486],[1.908,44.488],[1.905,44.501],[1.89,44.506],[1.884,44.498],[1.884,44.485],[1.862,44.487],[1.842,44.482],[1.84,44.476],[1.853,44.463],[1.85,44.462],[1.853,44.46],[1.852,44.457],[1.848,44.458],[1.848,44.453],[1.851,44.451],[1.846,44.447],[1.846,44.445],[1.851,44.444],[1.85,44.436],[1.873,44.424],[1.871,44.421],[1.872,44.411],[1.876,44.407],[1.867,44.398],[1.891,44.38],[1.893,44.371],[1.909,44.364],[1.912,44.357],[1.909,44.35],[1.899,44.352],[1.896,44.35],[1.892,44.353],[1.882,44.34],[1.853,44.332],[1.847,44.338],[1.833,44.336],[1.831,44.333],[1.831,44.327],[1.826,44.324],[1.811,44.329],[1.806,44.337],[1.799,44.333],[1.794,44.335],[1.79,44.326],[1.783,44.328],[1.789,44.323],[1.784,44.316],[1.78,44.314],[1.776,44.318],[1.774,44.312],[1.755,44.326],[1.751,44.324],[1.737,44.327],[1.737,44.318],[1.728,44.318],[1.71,44.312],[1.7,44.314],[1.676,44.298],[1.671,44.298],[1.669,44.29],[1.663,44.293],[1.659,44.283],[1.655,44.285],[1.657,44.289],[1.652,44.296],[1.647,44.295],[1.634,44.299],[1.632,44.294],[1.652,44.285],[1.643,44.271],[1.634,44.269],[1.614,44.28],[1.614,44.286],[1.618,44.291],[1.617,44.298],[1.601,44.296],[1.595,44.303],[1.588,44.301],[1.587,44.299],[1.571,44.302],[1.57,44.296],[1.578,44.284],[1.561,44.279],[1.563,44.275],[1.571,44.274],[1.577,44.27],[1.587,44.249],[1.575,44.242],[1.577,44.235],[1.575,44.234],[1.57,44.236],[1.555,44.234],[1.541,44.227],[1.527,44.237],[1.522,44.242],[1.523,44.247],[1.518,44.25],[1.519,44.253],[1.517,44.254],[1.526,44.26],[1.515,44.266],[1.509,44.274],[1.497,44.271],[1.485,44.273],[1.483,44.274],[1.487,44.278],[1.472,44.287],[1.465,44.269],[1.462,44.269],[1.461,44.267],[1.453,44.267],[1.451,44.263],[1.455,44.261],[1.451,44.258],[1.454,44.254],[1.445,44.251],[1.441,44.253],[1.439,44.247],[1.429,44.242],[1.417,44.241],[1.394,44.229],[1.381,44.226],[1.359,44.208],[1.358,44.203],[1.342,44.218],[1.344,44.224],[1.336,44.229],[1.329,44.231],[1.33,44.226],[1.326,44.225],[1.321,44.228],[1.323,44.231],[1.318,44.233],[1.314,44.231],[1.314,44.227],[1.307,44.227],[1.282,44.236],[1.286,44.241],[1.284,44.253],[1.305,44.262],[1.303,44.264],[1.304,44.269],[1.294,44.27],[1.293,44.273],[1.302,44.28],[1.303,44.294],[1.283,44.291],[1.271,44.281],[1.255,44.284],[1.25,44.274],[1.251,44.268],[1.247,44.266],[1.242,44.267],[1.245,44.269],[1.241,44.271],[1.239,44.276],[1.221,44.28],[1.217,44.278],[1.217,44.271],[1.214,44.268],[1.205,44.282],[1.197,44.28],[1.178,44.292],[1.177,44.299],[1.181,44.303],[1.181,44.309],[1.179,44.311],[1.168,44.303],[1.163,44.31],[1.159,44.311],[1.151,44.307],[1.136,44.317],[1.122,44.316],[1.108,44.327],[1.115,44.338],[1.095,44.35],[1.093,44.348],[1.087,44.349],[1.081,44.354],[1.092,44.36],[1.094,44.367],[1.089,44.371],[1.101,44.368],[1.105,44.364],[1.108,44.365],[1.107,44.37],[1.127,44.373],[1.133,44.371],[1.135,44.379],[1.132,44.389],[1.137,44.392],[1.104,44.392],[1.085,44.382],[1.064,44.379],[1.06,44.391],[1.051,44.392],[1.061,44.402],[1.062,44.414],[1.057,44.428],[1.055,44.427],[1.054,44.432],[1.049,44.429],[1.045,44.434],[1.034,44.432],[1.028,44.434],[1.032,44.441],[1.021,44.445],[1.024,44.451],[1.021,44.456],[1.025,44.46],[1.023,44.463],[1.026,44.467],[1.022,44.471],[1.024,44.473],[1.009,44.48],[1.014,44.487],[1.013,44.49],[1.017,44.489],[1.018,44.492],[1.012,44.496],[1.017,44.499],[1.016,44.506],[1.007,44.513],[1.006,44.519],[1,44.527],[0.993,44.528],[0.988,44.533],[0.989,44.539],[0.982,44.544],[0.995,44.55],[1.009,44.547],[1.013,44.536],[1.045,44.562],[1.07,44.566],[1.075,44.577],[1.077,44.574],[1.088,44.571],[1.103,44.572],[1.099,44.58],[1.103,44.581],[1.103,44.586],[1.094,44.591],[1.095,44.592],[1.111,44.607],[1.12,44.61],[1.151,44.633],[1.154,44.639],[1.147,44.653],[1.15,44.655],[1.147,44.671],[1.161,44.673],[1.169,44.68],[1.178,44.683],[1.197,44.684],[1.198,44.681],[1.225,44.684],[1.23,44.691],[1.242,44.693],[1.244,44.698],[1.243,44.704],[1.249,44.708],[1.263,44.711],[1.271,44.723],[1.279,44.716],[1.288,44.715],[1.289,44.721],[1.299,44.726],[1.3,44.734],[1.296,44.736],[1.3,44.744],[1.316,44.74],[1.323,44.765],[1.314,44.765],[1.311,44.77],[1.298,44.774],[1.296,44.778],[1.305,44.785],[1.305,44.789],[1.293,44.79],[1.298,44.796],[1.326,44.806],[1.339,44.806],[1.364,44.812],[1.366,44.816],[1.36,44.825],[1.36,44.834],[1.366,44.846],[1.371,44.847],[1.377,44.842],[1.386,44.847],[1.387,44.851],[1.402,44.85],[1.405,44.863],[1.412,44.866],[1.411,44.872],[1.431,44.871],[1.44,44.875],[1.443,44.88],[1.44,44.889],[1.423,44.895],[1.418,44.901],[1.421,44.906],[1.412,44.91],[1.414,44.913],[1.421,44.915],[1.425,44.92],[1.442,44.917],[1.439,44.929],[1.435,44.931],[1.437,44.935],[1.433,44.937],[1.436,44.941],[1.435,44.945],[1.428,44.947],[1.417,44.961],[1.422,44.969],[1.413,44.972],[1.418,44.983],[1.412,44.987],[1.414,44.995],[1.409,45.006],[1.444,45.014],[1.441,45.015],[1.448,45.019]]]}},{"type":"Feature","properties":{"code":"47","nom":"Lot-et-Garonne"},"geometry":{"type":"Polygon","coordinates":[[[0.297,44.762],[0.32,44.751],[0.327,44.74],[0.339,44.734],[0.341,44.726],[0.348,44.72],[0.348,44.71],[0.343,44.709],[0.341,44.703],[0.355,44.697],[0.36,44.69],[0.35,44.677],[0.349,44.67],[0.35,44.66],[0.354,44.654],[0.366,44.662],[0.375,44.653],[0.385,44.657],[0.415,44.646],[0.435,44.652],[0.446,44.652],[0.458,44.661],[0.465,44.663],[0.471,44.67],[0.491,44.667],[0.5,44.673],[0.516,44.679],[0.528,44.678],[0.536,44.674],[0.54,44.665],[0.546,44.665],[0.554,44.666],[0.558,44.671],[0.567,44.672],[0.575,44.685],[0.575,44.691],[0.585,44.699],[0.603,44.694],[0.609,44.696],[0.62,44.691],[0.624,44.693],[0.622,44.701],[0.631,44.706],[0.648,44.703],[0.651,44.698],[0.654,44.697],[0.657,44.678],[0.666,44.677],[0.67,44.679],[0.684,44.675],[0.704,44.678],[0.73,44.676],[0.747,44.682],[0.763,44.679],[0.762,44.689],[0.78,44.683],[0.788,44.685],[0.785,44.69],[0.787,44.694],[0.798,44.702],[0.816,44.695],[0.818,44.698],[0.827,44.692],[0.832,44.684],[0.829,44.677],[0.826,44.676],[0.827,44.673],[0.833,44.67],[0.852,44.669],[0.842,44.666],[0.844,44.654],[0.835,44.653],[0.837,44.641],[0.834,44.639],[0.838,44.635],[0.817,44.627],[0.827,44.62],[0.825,44.617],[0.829,44.613],[0.837,44.616],[0.839,44.614],[0.839,44.606],[0.832,44.604],[0.834,44.6],[0.849,44.601],[0.87,44.598],[0.875,44.607],[0.873,44.611],[0.877,44.616],[0.89,44.614],[0.901,44.617],[0.921,44.628],[0.926,44.634],[0.939,44.64],[0.95,44.641],[0.968,44.635],[0.973,44.642],[0.981,44.644],[0.997,44.632],[1.014,44.614],[1.045,44.606],[1.056,44.598],[1.073,44.596],[1.078,44.587],[1.075,44.577],[1.07,44.566],[1.045,44.562],[1.013,44.536],[1.009,44.547],[0.995,44.55],[0.982,44.544],[0.989,44.539],[0.988,44.533],[0.993,44.528],[1,44.527],[1.006,44.519],[1.007,44.513],[1.016,44.506],[1.017,44.499],[1.012,44.496],[1.018,44.492],[1.017,44.489],[1.013,44.49],[1.014,44.487],[1.009,44.48],[1.024,44.473],[1.022,44.471],[1.026,44.467],[1.023,44.463],[1.025,44.46],[1.021,44.456],[1.024,44.451],[1.021,44.445],[1.032,44.441],[1.028,44.434],[1.034,44.432],[1.045,44.434],[1.049,44.429],[1.054,44.432],[1.055,44.427],[1.057,44.428],[1.062,44.414],[1.061,44.402],[1.051,44.392],[1.06,44.391],[1.064,44.379],[1.06,44.377],[1.061,44.366],[1.049,44.362],[1.019,44.363],[0.997,44.369],[0.977,44.356],[0.975,44.362],[0.959,44.359],[0.952,44.362],[0.951,44.358],[0.942,44.353],[0.946,44.348],[0.942,44.345],[0.937,44.369],[0.927,44.375],[0.92,44.384],[0.905,44.381],[0.896,44.382],[0.895,44.374],[0.887,44.365],[0.894,44.358],[0.894,44.353],[0.891,44.352],[0.896,44.346],[0.892,44.339],[0.888,44.339],[0.889,44.332],[0.882,44.332],[0.883,44.328],[0.873,44.324],[0.875,44.32],[0.869,44.31],[0.885,44.308],[0.894,44.297],[0.916,44.302],[0.926,44.286],[0.94,44.282],[0.945,44.278],[0.942,44.275],[0.951,44.275],[0.947,44.268],[0.94,44.263],[0.928,44.267],[0.927,44.262],[0.934,44.257],[0.933,44.248],[0.925,44.247],[0.919,44.238],[0.929,44.235],[0.929,44.23],[0.905,44.197],[0.907,44.195],[0.906,44.19],[0.862,44.193],[0.853,44.184],[0.854,44.175],[0.865,44.174],[0.865,44.171],[0.871,44.168],[0.883,44.175],[0.889,44.172],[0.89,44.167],[0.885,44.161],[0.89,44.153],[0.889,44.147],[0.894,44.144],[0.894,44.138],[0.883,44.142],[0.878,44.137],[0.883,44.133],[0.88,44.132],[0.881,44.13],[0.867,44.126],[0.858,44.128],[0.857,44.13],[0.832,44.137],[0.819,44.144],[0.789,44.144],[0.798,44.13],[0.793,44.119],[0.799,44.111],[0.789,44.114],[0.786,44.112],[0.779,44.113],[0.776,44.116],[0.753,44.105],[0.754,44.099],[0.747,44.096],[0.748,44.087],[0.738,44.075],[0.738,44.07],[0.742,44.065],[0.739,44.061],[0.732,44.062],[0.716,44.057],[0.708,44.058],[0.7,44.053],[0.695,44.044],[0.686,44.046],[0.679,44.037],[0.68,44.029],[0.677,44.027],[0.663,44.024],[0.652,44.033],[0.656,44.037],[0.653,44.037],[0.654,44.042],[0.644,44.044],[0.639,44.05],[0.632,44.05],[0.628,44.061],[0.62,44.066],[0.607,44.07],[0.599,44.075],[0.601,44.078],[0.594,44.079],[0.586,44.075],[0.576,44.076],[0.578,44.073],[0.567,44.06],[0.555,44.055],[0.542,44.056],[0.538,44.053],[0.531,44.058],[0.521,44.057],[0.512,44.063],[0.506,44.056],[0.506,44.052],[0.504,44.052],[0.502,44.058],[0.485,44.058],[0.484,44.053],[0.46,44.055],[0.445,44.039],[0.442,44.029],[0.433,44.029],[0.425,44.026],[0.417,44.03],[0.411,44.021],[0.397,44.022],[0.397,44.02],[0.391,44.02],[0.382,44.006],[0.371,44.008],[0.365,44.015],[0.358,44.017],[0.353,44.015],[0.354,44.013],[0.344,44.013],[0.327,44.007],[0.317,44.01],[0.314,44.009],[0.32,43.999],[0.318,43.995],[0.309,43.995],[0.303,43.991],[0.273,43.999],[0.27,44.004],[0.257,44.008],[0.253,44.003],[0.233,44.009],[0.23,44.011],[0.235,44.018],[0.234,44.022],[0.231,44.023],[0.225,44.019],[0.214,44.023],[0.211,44.02],[0.206,44.021],[0.203,44.013],[0.198,44.016],[0.195,44.014],[0.19,44.015],[0.18,44.001],[0.177,44.002],[0.167,43.997],[0.165,43.995],[0.166,43.981],[0.163,43.976],[0.158,43.973],[0.139,43.975],[0.142,43.994],[0.127,44.002],[0.126,43.997],[0.12,43.995],[0.117,43.988],[0.105,43.985],[0.089,43.986],[0.08,43.981],[0.076,43.983],[0.063,44.001],[0.06,44.014],[0.063,44.017],[0.06,44.025],[0.072,44.025],[0.076,44.03],[0.082,44.04],[0.079,44.045],[0.087,44.052],[0.088,44.058],[0.083,44.064],[0.094,44.066],[0.099,44.079],[0.105,44.078],[0.101,44.087],[0.113,44.094],[0.124,44.106],[0.136,44.109],[0.131,44.122],[0.135,44.124],[0.035,44.131],[0.029,44.137],[-0.004,44.15],[-0.06,44.151],[-0.087,44.156],[-0.109,44.155],[-0.114,44.151],[-0.129,44.152],[-0.131,44.189],[-0.129,44.204],[-0.141,44.226],[-0.127,44.233],[-0.123,44.241],[-0.108,44.231],[-0.098,44.234],[-0.097,44.238],[-0.088,44.236],[-0.088,44.241],[-0.075,44.249],[-0.074,44.252],[-0.069,44.251],[-0.067,44.247],[-0.053,44.266],[-0.046,44.27],[-0.033,44.272],[-0.037,44.286],[-0.043,44.294],[-0.035,44.297],[-0.06,44.321],[-0.067,44.322],[-0.086,44.338],[-0.079,44.354],[-0.07,44.353],[-0.058,44.361],[-0.054,44.359],[-0.029,44.36],[-0.012,44.372],[0.001,44.372],[0.006,44.367],[0.015,44.367],[0.023,44.376],[0.024,44.377],[0.007,44.382],[0.019,44.387],[0.018,44.39],[0.012,44.395],[0.004,44.398],[0.006,44.401],[-0.009,44.412],[-0.005,44.418],[-0.014,44.419],[-0.012,44.422],[-0.006,44.424],[-0.009,44.434],[-0.004,44.438],[-0.005,44.442],[0.003,44.443],[0.008,44.447],[0.005,44.457],[-0.003,44.461],[-0.013,44.461],[-0.015,44.468],[-0.012,44.473],[-0.015,44.489],[-0.018,44.492],[-0.015,44.507],[-0.01,44.51],[-0.006,44.517],[0.01,44.522],[0.018,44.53],[0.012,44.539],[0.009,44.539],[-0.001,44.548],[-0.001,44.552],[0.021,44.541],[0.025,44.548],[0.032,44.549],[0.038,44.554],[0.045,44.551],[0.072,44.549],[0.074,44.552],[0.072,44.553],[0.076,44.564],[0.082,44.563],[0.082,44.57],[0.086,44.576],[0.082,44.584],[0.111,44.59],[0.135,44.608],[0.151,44.609],[0.155,44.615],[0.145,44.626],[0.139,44.627],[0.136,44.632],[0.14,44.633],[0.138,44.639],[0.141,44.641],[0.15,44.633],[0.165,44.633],[0.168,44.639],[0.169,44.647],[0.182,44.659],[0.177,44.667],[0.162,44.671],[0.144,44.665],[0.137,44.666],[0.13,44.673],[0.134,44.682],[0.121,44.684],[0.114,44.681],[0.111,44.685],[0.104,44.686],[0.106,44.696],[0.102,44.696],[0.1,44.701],[0.106,44.702],[0.107,44.706],[0.105,44.708],[0.108,44.711],[0.118,44.713],[0.133,44.705],[0.135,44.707],[0.132,44.709],[0.14,44.714],[0.135,44.722],[0.139,44.721],[0.14,44.736],[0.151,44.73],[0.164,44.736],[0.175,44.734],[0.176,44.74],[0.184,44.749],[0.192,44.749],[0.19,44.746],[0.195,44.743],[0.201,44.723],[0.219,44.725],[0.21,44.74],[0.215,44.746],[0.213,44.75],[0.226,44.764],[0.24,44.763],[0.245,44.753],[0.252,44.75],[0.281,44.753],[0.292,44.759],[0.295,44.757],[0.297,44.762]]]}},{"type":"Feature","properties":{"code":"48","nom":"Lozère"},"geometry":{"type":"Polygon","coordinates":[[[3.361,44.971],[3.373,44.975],[3.37,44.97],[3.376,44.965],[3.371,44.96],[3.389,44.951],[3.397,44.959],[3.404,44.957],[3.415,44.942],[3.412,44.939],[3.416,44.927],[3.414,44.92],[3.41,44.918],[3.419,44.908],[3.417,44.906],[3.419,44.905],[3.42,44.895],[3.436,44.88],[3.442,44.854],[3.459,44.84],[3.456,44.829],[3.465,44.828],[3.478,44.81],[3.489,44.807],[3.494,44.815],[3.506,44.824],[3.543,44.828],[3.562,44.825],[3.56,44.833],[3.571,44.836],[3.575,44.835],[3.579,44.825],[3.589,44.826],[3.587,44.838],[3.594,44.841],[3.59,44.847],[3.599,44.86],[3.594,44.868],[3.594,44.877],[3.608,44.879],[3.615,44.874],[3.63,44.881],[3.651,44.874],[3.654,44.876],[3.66,44.871],[3.667,44.858],[3.672,44.857],[3.672,44.843],[3.657,44.836],[3.663,44.83],[3.695,44.831],[3.7,44.837],[3.708,44.837],[3.723,44.831],[3.728,44.834],[3.735,44.833],[3.737,44.835],[3.735,44.84],[3.743,44.839],[3.747,44.829],[3.752,44.828],[3.75,44.823],[3.762,44.814],[3.763,44.81],[3.759,44.806],[3.762,44.801],[3.771,44.803],[3.774,44.8],[3.771,44.797],[3.778,44.799],[3.799,44.786],[3.803,44.782],[3.803,44.77],[3.809,44.765],[3.818,44.772],[3.832,44.777],[3.842,44.772],[3.843,44.768],[3.837,44.76],[3.83,44.755],[3.836,44.751],[3.835,44.748],[3.842,44.746],[3.863,44.744],[3.875,44.741],[3.878,44.737],[3.878,44.732],[3.867,44.728],[3.862,44.712],[3.873,44.707],[3.867,44.702],[3.87,44.697],[3.884,44.698],[3.884,44.693],[3.877,44.689],[3.877,44.685],[3.87,44.678],[3.879,44.674],[3.878,44.668],[3.884,44.665],[3.883,44.658],[3.89,44.657],[3.897,44.645],[3.894,44.641],[3.896,44.638],[3.893,44.627],[3.894,44.614],[3.907,44.611],[3.907,44.602],[3.904,44.597],[3.905,44.593],[3.918,44.588],[3.92,44.586],[3.916,44.583],[3.924,44.571],[3.929,44.569],[3.937,44.574],[3.945,44.574],[3.955,44.567],[3.97,44.529],[3.979,44.522],[3.978,44.516],[3.982,44.516],[3.983,44.509],[3.988,44.504],[3.986,44.502],[3.988,44.5],[3.987,44.495],[3.984,44.494],[3.987,44.491],[3.986,44.478],[3.993,44.467],[3.997,44.466],[3.998,44.46],[3.984,44.445],[3.975,44.443],[3.977,44.44],[3.972,44.436],[3.971,44.431],[3.973,44.427],[3.961,44.414],[3.957,44.411],[3.949,44.413],[3.951,44.401],[3.944,44.4],[3.926,44.406],[3.916,44.405],[3.908,44.403],[3.9,44.391],[3.896,44.389],[3.889,44.393],[3.886,44.388],[3.898,44.378],[3.907,44.375],[3.917,44.359],[3.926,44.352],[3.925,44.347],[3.934,44.341],[3.935,44.336],[3.946,44.336],[3.952,44.332],[3.95,44.325],[3.948,44.328],[3.945,44.324],[3.943,44.316],[3.923,44.305],[3.925,44.301],[3.937,44.294],[3.939,44.287],[3.94,44.283],[3.934,44.276],[3.946,44.267],[3.956,44.272],[3.96,44.271],[3.969,44.266],[3.975,44.26],[3.975,44.256],[3.966,44.248],[3.963,44.25],[3.955,44.247],[3.955,44.25],[3.946,44.242],[3.945,44.232],[3.952,44.222],[3.952,44.218],[3.947,44.216],[3.944,44.204],[3.937,44.195],[3.94,44.193],[3.951,44.194],[3.96,44.191],[3.957,44.184],[3.965,44.178],[3.961,44.175],[3.966,44.171],[3.972,44.174],[3.977,44.171],[3.973,44.167],[3.974,44.164],[3.952,44.171],[3.932,44.181],[3.923,44.182],[3.922,44.179],[3.928,44.169],[3.926,44.168],[3.927,44.161],[3.921,44.159],[3.913,44.16],[3.91,44.147],[3.901,44.15],[3.89,44.145],[3.876,44.132],[3.876,44.127],[3.861,44.133],[3.856,44.13],[3.847,44.136],[3.838,44.134],[3.832,44.137],[3.822,44.136],[3.813,44.129],[3.797,44.127],[3.783,44.134],[3.774,44.144],[3.765,44.141],[3.761,44.144],[3.762,44.149],[3.76,44.151],[3.753,44.15],[3.748,44.155],[3.737,44.156],[3.726,44.164],[3.706,44.165],[3.694,44.17],[3.684,44.183],[3.67,44.186],[3.668,44.184],[3.672,44.18],[3.66,44.174],[3.658,44.173],[3.65,44.181],[3.637,44.176],[3.637,44.172],[3.627,44.154],[3.653,44.146],[3.636,44.141],[3.633,44.121],[3.625,44.118],[3.62,44.12],[3.603,44.116],[3.598,44.119],[3.564,44.123],[3.546,44.114],[3.543,44.109],[3.541,44.119],[3.532,44.122],[3.523,44.121],[3.509,44.126],[3.484,44.124],[3.44,44.129],[3.433,44.135],[3.431,44.148],[3.423,44.153],[3.411,44.153],[3.405,44.162],[3.397,44.161],[3.396,44.169],[3.374,44.171],[3.372,44.173],[3.375,44.179],[3.371,44.18],[3.368,44.187],[3.361,44.188],[3.362,44.191],[3.357,44.193],[3.357,44.198],[3.362,44.198],[3.363,44.202],[3.346,44.201],[3.335,44.204],[3.318,44.2],[3.307,44.205],[3.294,44.207],[3.288,44.2],[3.267,44.201],[3.238,44.19],[3.204,44.19],[3.204,44.194],[3.212,44.195],[3.225,44.212],[3.223,44.22],[3.229,44.224],[3.231,44.23],[3.224,44.23],[3.2,44.24],[3.192,44.241],[3.189,44.247],[3.162,44.245],[3.157,44.25],[3.16,44.259],[3.155,44.272],[3.146,44.277],[3.138,44.264],[3.131,44.261],[3.12,44.262],[3.125,44.273],[3.126,44.281],[3.123,44.285],[3.133,44.29],[3.134,44.293],[3.154,44.308],[3.152,44.315],[3.146,44.314],[3.145,44.318],[3.154,44.331],[3.146,44.333],[3.134,44.33],[3.135,44.335],[3.127,44.347],[3.132,44.357],[3.119,44.364],[3.124,44.38],[3.118,44.384],[3.122,44.389],[3.14,44.392],[3.137,44.411],[3.127,44.414],[3.13,44.422],[3.142,44.426],[3.143,44.435],[3.135,44.441],[3.137,44.456],[3.125,44.461],[3.116,44.476],[3.1,44.48],[3.082,44.493],[3.076,44.494],[3.069,44.501],[3.077,44.519],[3.075,44.533],[3.084,44.56],[3.076,44.573],[3.06,44.58],[3.05,44.591],[3.033,44.597],[3.03,44.603],[3.02,44.61],[3.012,44.623],[2.991,44.637],[2.986,44.644],[2.982,44.645],[2.985,44.65],[2.982,44.652],[2.984,44.657],[2.998,44.673],[3.003,44.686],[3.001,44.689],[3.009,44.694],[3.007,44.695],[3.014,44.703],[3.013,44.709],[3.017,44.714],[3.023,44.713],[3.026,44.717],[3.039,44.715],[3.034,44.729],[3.026,44.729],[3.031,44.737],[3.031,44.749],[3.039,44.759],[3.049,44.763],[3.043,44.772],[3.05,44.779],[3.05,44.785],[3.052,44.785],[3.046,44.798],[3.048,44.804],[3.057,44.81],[3.062,44.819],[3.077,44.824],[3.072,44.833],[3.073,44.837],[3.085,44.833],[3.099,44.833],[3.097,44.842],[3.1,44.845],[3.097,44.847],[3.099,44.849],[3.093,44.854],[3.108,44.866],[3.103,44.87],[3.107,44.88],[3.104,44.887],[3.112,44.888],[3.115,44.894],[3.118,44.89],[3.124,44.89],[3.121,44.895],[3.128,44.904],[3.141,44.903],[3.16,44.885],[3.165,44.878],[3.165,44.874],[3.174,44.873],[3.182,44.864],[3.189,44.861],[3.192,44.863],[3.193,44.87],[3.199,44.875],[3.216,44.874],[3.229,44.886],[3.236,44.888],[3.228,44.896],[3.229,44.906],[3.226,44.91],[3.25,44.916],[3.244,44.927],[3.248,44.93],[3.242,44.934],[3.251,44.935],[3.248,44.94],[3.267,44.942],[3.262,44.932],[3.272,44.927],[3.286,44.926],[3.299,44.939],[3.307,44.941],[3.31,44.938],[3.313,44.938],[3.316,44.941],[3.315,44.944],[3.338,44.956],[3.355,44.955],[3.361,44.971]]]}},{"type":"Feature","properties":{"code":"49","nom":"Maine-et-Loire"},"geometry":{"type":"MultiPolygon","coordinates":[[[[-0.741,47.742],[-0.74,47.74],[-0.743,47.742],[-0.741,47.742]]],[[[-1.246,47.777],[-1.24,47.793],[-1.236,47.798],[-1.243,47.808],[-1.238,47.81],[-1.214,47.803],[-1.21,47.799],[-1.211,47.797],[-1.197,47.795],[-1.193,47.786],[-1.171,47.783],[-1.171,47.779],[-1.153,47.778],[-1.144,47.774],[-1.137,47.775],[-1.14,47.782],[-1.125,47.784],[-1.093,47.782],[-1.081,47.775],[-1.047,47.774],[-1.034,47.77],[-1.026,47.773],[-1.025,47.775],[-1.028,47.776],[-1.022,47.778],[-1.019,47.778],[-1.023,47.773],[-1.014,47.769],[-1.013,47.767],[-1.006,47.768],[-1.007,47.766],[-1,47.764],[-0.98,47.761],[-0.975,47.766],[-0.952,47.767],[-0.955,47.779],[-0.967,47.779],[-0.971,47.783],[-0.971,47.786],[-0.961,47.796],[-0.952,47.797],[-0.935,47.786],[-0.93,47.788],[-0.932,47.793],[-0.919,47.784],[-0.909,47.782],[-0.895,47.774],[-0.893,47.764],[-0.881,47.764],[-0.839,47.752],[-0.84,47.768],[-0.816,47.771],[-0.811,47.764],[-0.802,47.766],[-0.801,47.763],[-0.79,47.761],[-0.788,47.758],[-0.789,47.754],[-0.783,47.75],[-0.765,47.755],[-0.759,47.754],[-0.755,47.749],[-0.756,47.744],[-0.747,47.739],[-0.743,47.742],[-0.742,47.738],[-0.728,47.743],[-0.716,47.741],[-0.71,47.745],[-0.684,47.739],[-0.669,47.741],[-0.662,47.736],[-0.652,47.734],[-0.628,47.738],[-0.611,47.736],[-0.585,47.758],[-0.575,47.753],[-0.563,47.758],[-0.533,47.751],[-0.519,47.764],[-0.518,47.77],[-0.523,47.782],[-0.519,47.787],[-0.508,47.786],[-0.492,47.779],[-0.485,47.78],[-0.471,47.769],[-0.464,47.769],[-0.454,47.757],[-0.428,47.768],[-0.41,47.765],[-0.416,47.78],[-0.395,47.77],[-0.387,47.77],[-0.382,47.765],[-0.382,47.761],[-0.375,47.76],[-0.381,47.75],[-0.373,47.744],[-0.375,47.739],[-0.364,47.737],[-0.357,47.73],[-0.366,47.716],[-0.363,47.715],[-0.348,47.715],[-0.347,47.718],[-0.336,47.719],[-0.333,47.722],[-0.306,47.717],[-0.286,47.72],[-0.277,47.714],[-0.268,47.715],[-0.258,47.707],[-0.235,47.703],[-0.23,47.709],[-0.202,47.725],[-0.194,47.724],[-0.185,47.715],[-0.175,47.716],[-0.173,47.713],[-0.184,47.712],[-0.182,47.706],[-0.205,47.693],[-0.215,47.696],[-0.22,47.688],[-0.215,47.681],[-0.206,47.675],[-0.208,47.671],[-0.195,47.661],[-0.197,47.649],[-0.181,47.645],[-0.159,47.647],[-0.148,47.636],[-0.134,47.632],[-0.125,47.637],[-0.118,47.633],[-0.111,47.635],[-0.115,47.641],[-0.114,47.648],[-0.106,47.653],[-0.108,47.655],[-0.102,47.662],[-0.095,47.662],[-0.092,47.651],[-0.09,47.65],[-0.086,47.655],[-0.078,47.654],[-0.072,47.66],[-0.07,47.655],[-0.065,47.655],[-0.055,47.648],[-0.025,47.647],[-0.02,47.637],[-0.005,47.648],[0.009,47.636],[0.006,47.631],[0.013,47.629],[0.009,47.626],[0.014,47.622],[0.036,47.619],[0.044,47.61],[0.06,47.604],[0.07,47.608],[0.096,47.603],[0.116,47.606],[0.121,47.598],[0.119,47.597],[0.123,47.594],[0.132,47.597],[0.14,47.591],[0.14,47.584],[0.144,47.584],[0.146,47.581],[0.152,47.582],[0.154,47.588],[0.162,47.594],[0.173,47.593],[0.183,47.597],[0.186,47.617],[0.192,47.617],[0.202,47.614],[0.202,47.61],[0.206,47.603],[0.211,47.608],[0.211,47.612],[0.224,47.612],[0.23,47.608],[0.232,47.606],[0.234,47.59],[0.23,47.585],[0.234,47.578],[0.215,47.573],[0.207,47.561],[0.209,47.558],[0.204,47.548],[0.2,47.545],[0.2,47.541],[0.193,47.539],[0.206,47.535],[0.207,47.532],[0.203,47.528],[0.207,47.526],[0.216,47.524],[0.218,47.529],[0.226,47.527],[0.22,47.52],[0.222,47.518],[0.219,47.509],[0.22,47.502],[0.2,47.483],[0.199,47.476],[0.195,47.475],[0.191,47.461],[0.181,47.453],[0.185,47.425],[0.181,47.416],[0.174,47.415],[0.166,47.404],[0.16,47.404],[0.154,47.399],[0.17,47.396],[0.168,47.386],[0.179,47.384],[0.183,47.381],[0.154,47.364],[0.14,47.362],[0.146,47.355],[0.147,47.345],[0.138,47.336],[0.117,47.332],[0.118,47.326],[0.113,47.318],[0.099,47.308],[0.099,47.303],[0.094,47.303],[0.079,47.284],[0.09,47.282],[0.089,47.275],[0.08,47.272],[0.081,47.265],[0.075,47.262],[0.078,47.254],[0.075,47.248],[0.068,47.247],[0.074,47.237],[0.072,47.22],[0.077,47.22],[0.079,47.217],[0.075,47.214],[0.068,47.216],[0.066,47.21],[0.061,47.208],[0.053,47.197],[0.067,47.19],[0.063,47.176],[0.054,47.164],[0.049,47.169],[0.037,47.16],[0.019,47.176],[-0.004,47.162],[-0.019,47.148],[-0.036,47.125],[-0.035,47.12],[-0.041,47.114],[-0.039,47.108],[-0.027,47.106],[-0.029,47.095],[-0.036,47.086],[-0.041,47.087],[-0.042,47.094],[-0.067,47.093],[-0.069,47.094],[-0.067,47.099],[-0.086,47.101],[-0.095,47.095],[-0.101,47.086],[-0.1,47.079],[-0.103,47.077],[-0.102,47.072],[-0.105,47.071],[-0.102,47.065],[-0.129,47.054],[-0.137,47.057],[-0.137,47.064],[-0.147,47.07],[-0.158,47.07],[-0.166,47.065],[-0.173,47.067],[-0.179,47.07],[-0.163,47.084],[-0.146,47.091],[-0.141,47.097],[-0.141,47.104],[-0.152,47.101],[-0.185,47.108],[-0.187,47.101],[-0.206,47.093],[-0.216,47.099],[-0.228,47.099],[-0.241,47.106],[-0.263,47.099],[-0.263,47.105],[-0.269,47.101],[-0.281,47.099],[-0.283,47.103],[-0.305,47.098],[-0.314,47.091],[-0.341,47.087],[-0.341,47.092],[-0.35,47.092],[-0.353,47.095],[-0.386,47.087],[-0.387,47.092],[-0.396,47.092],[-0.401,47.071],[-0.407,47.067],[-0.418,47.072],[-0.423,47.07],[-0.426,47.073],[-0.441,47.068],[-0.458,47.069],[-0.464,47.068],[-0.472,47.058],[-0.48,47.054],[-0.486,47.065],[-0.477,47.072],[-0.464,47.074],[-0.46,47.082],[-0.468,47.084],[-0.488,47.081],[-0.494,47.083],[-0.557,47.064],[-0.56,47.062],[-0.554,47.058],[-0.558,47.056],[-0.556,47.043],[-0.544,47.037],[-0.543,47.032],[-0.546,47.029],[-0.562,47.031],[-0.565,47.019],[-0.575,47.018],[-0.584,47.012],[-0.588,47.005],[-0.597,47.001],[-0.595,46.998],[-0.619,46.992],[-0.633,46.997],[-0.645,46.992],[-0.65,46.995],[-0.648,46.997],[-0.662,46.998],[-0.671,47.003],[-0.676,47.002],[-0.675,46.999],[-0.68,46.993],[-0.678,46.99],[-0.68,46.988],[-0.687,46.988],[-0.689,46.993],[-0.698,46.995],[-0.716,46.984],[-0.728,46.995],[-0.743,47.001],[-0.743,46.992],[-0.762,46.992],[-0.769,46.996],[-0.769,47.003],[-0.778,47.004],[-0.782,47.002],[-0.788,47.005],[-0.796,46.996],[-0.809,46.993],[-0.811,46.991],[-0.805,46.99],[-0.808,46.988],[-0.813,46.99],[-0.811,46.994],[-0.828,46.992],[-0.836,46.986],[-0.844,46.989],[-0.848,46.982],[-0.857,46.979],[-0.849,46.974],[-0.858,46.969],[-0.863,46.972],[-0.87,46.972],[-0.885,46.977],[-0.892,46.976],[-0.897,46.981],[-0.894,46.984],[-0.899,46.988],[-0.897,46.99],[-0.904,46.995],[-0.915,46.992],[-0.914,46.995],[-0.921,46.998],[-0.915,47.001],[-0.921,47.003],[-0.924,47.003],[-0.925,47],[-0.933,47.002],[-0.934,47.004],[-0.928,47.005],[-0.929,47.008],[-0.936,47.007],[-0.937,47.003],[-0.942,47.004],[-0.946,46.999],[-0.948,47.003],[-0.951,47.003],[-0.955,47],[-0.955,46.996],[-0.961,46.995],[-0.964,46.997],[-0.964,47.003],[-0.968,47.004],[-0.966,47.006],[-0.969,47.008],[-0.975,47.009],[-0.973,47.013],[-0.976,47.018],[-0.982,47.018],[-0.982,47.011],[-1.002,47.021],[-1.015,47.005],[-1.037,47.004],[-1.039,47.006],[-1.043,47.004],[-1.048,47.007],[-1.055,47.004],[-1.06,47.009],[-1.064,47.009],[-1.067,47.013],[-1.074,47.008],[-1.092,47.016],[-1.096,47.014],[-1.111,47.016],[-1.118,47.021],[-1.143,47.025],[-1.149,47.03],[-1.117,47.04],[-1.121,47.056],[-1.116,47.063],[-1.13,47.064],[-1.155,47.072],[-1.169,47.093],[-1.229,47.1],[-1.234,47.096],[-1.244,47.094],[-1.25,47.098],[-1.23,47.11],[-1.227,47.115],[-1.229,47.115],[-1.225,47.119],[-1.232,47.123],[-1.231,47.131],[-1.238,47.134],[-1.239,47.137],[-1.234,47.138],[-1.235,47.14],[-1.229,47.138],[-1.228,47.142],[-1.223,47.14],[-1.219,47.146],[-1.215,47.143],[-1.205,47.145],[-1.207,47.149],[-1.206,47.15],[-1.198,47.149],[-1.198,47.154],[-1.19,47.155],[-1.188,47.158],[-1.183,47.159],[-1.181,47.161],[-1.181,47.165],[-1.177,47.163],[-1.166,47.174],[-1.167,47.177],[-1.162,47.178],[-1.164,47.181],[-1.161,47.183],[-1.163,47.185],[-1.162,47.188],[-1.168,47.189],[-1.17,47.187],[-1.178,47.193],[-1.177,47.198],[-1.174,47.199],[-1.18,47.207],[-1.174,47.214],[-1.188,47.22],[-1.187,47.228],[-1.181,47.233],[-1.181,47.241],[-1.188,47.243],[-1.195,47.248],[-1.194,47.252],[-1.198,47.253],[-1.207,47.253],[-1.213,47.25],[-1.213,47.246],[-1.228,47.24],[-1.242,47.243],[-1.244,47.248],[-1.254,47.248],[-1.254,47.253],[-1.261,47.259],[-1.268,47.26],[-1.278,47.271],[-1.279,47.274],[-1.275,47.278],[-1.278,47.286],[-1.275,47.291],[-1.294,47.3],[-1.296,47.306],[-1.299,47.303],[-1.308,47.304],[-1.318,47.301],[-1.322,47.306],[-1.323,47.303],[-1.337,47.3],[-1.354,47.304],[-1.336,47.319],[-1.319,47.322],[-1.31,47.332],[-1.297,47.339],[-1.256,47.341],[-1.229,47.35],[-1.217,47.349],[-1.214,47.351],[-1.208,47.349],[-1.188,47.352],[-1.178,47.359],[-1.18,47.361],[-1.167,47.366],[-1.155,47.366],[-1.144,47.369],[-1.108,47.366],[-1.076,47.371],[-1.045,47.365],[-1.015,47.365],[-0.991,47.373],[-0.975,47.371],[-0.946,47.387],[-0.951,47.389],[-0.951,47.394],[-0.948,47.395],[-0.95,47.407],[-0.961,47.418],[-0.961,47.423],[-0.948,47.423],[-0.947,47.428],[-0.953,47.435],[-0.953,47.451],[-0.968,47.47],[-0.967,47.474],[-0.959,47.481],[-0.965,47.492],[-1.006,47.488],[-1.013,47.49],[-1.024,47.5],[-1.044,47.506],[-1.046,47.513],[-1.042,47.525],[-1.039,47.525],[-1.038,47.537],[-1.041,47.543],[-1.039,47.547],[-1.05,47.547],[-1.052,47.552],[-1.059,47.552],[-1.06,47.556],[-1.052,47.558],[-1.056,47.565],[-1.042,47.562],[-1.04,47.564],[-1.044,47.568],[-1.041,47.57],[-1.019,47.577],[-1.017,47.582],[-1.007,47.589],[-1.01,47.593],[-1.025,47.599],[-1.034,47.6],[-1.037,47.602],[-1.059,47.601],[-1.078,47.607],[-1.092,47.611],[-1.093,47.617],[-1.101,47.621],[-1.138,47.619],[-1.139,47.624],[-1.157,47.635],[-1.156,47.646],[-1.161,47.656],[-1.161,47.662],[-1.174,47.66],[-1.17,47.663],[-1.181,47.665],[-1.183,47.669],[-1.181,47.675],[-1.178,47.68],[-1.173,47.682],[-1.177,47.684],[-1.178,47.689],[-1.175,47.695],[-1.189,47.699],[-1.188,47.702],[-1.182,47.701],[-1.182,47.704],[-1.196,47.71],[-1.195,47.722],[-1.215,47.719],[-1.237,47.724],[-1.249,47.732],[-1.255,47.731],[-1.254,47.737],[-1.256,47.743],[-1.242,47.743],[-1.243,47.748],[-1.235,47.755],[-1.234,47.757],[-1.243,47.759],[-1.25,47.764],[-1.246,47.777]]]]}},{"type":"Feature","properties":{"code":"50","nom":"Manche"},"geometry":{"type":"MultiPolygon","coordinates":[[[[-1.241,49.585],[-1.248,49.588],[-1.249,49.59],[-1.243,49.591],[-1.239,49.589],[-1.241,49.585]]],[[[-1.821,48.868],[-1.826,48.871],[-1.833,48.869],[-1.832,48.872],[-1.837,48.873],[-1.839,48.878],[-1.834,48.877],[-1.836,48.875],[-1.822,48.872],[-1.821,48.868]]],[[[-1.12,49.356],[-1.113,49.327],[-1.14,49.31],[-1.141,49.306],[-1.14,49.297],[-1.135,49.287],[-1.121,49.279],[-1.124,49.274],[-1.134,49.279],[-1.132,49.274],[-1.136,49.27],[-1.127,49.267],[-1.126,49.272],[-1.124,49.27],[-1.124,49.266],[-1.112,49.263],[-1.114,49.262],[-1.104,49.252],[-1.096,49.254],[-1.095,49.246],[-1.093,49.244],[-1.088,49.246],[-1.088,49.242],[-1.08,49.239],[-1.078,49.234],[-1.062,49.229],[-1.061,49.225],[-1.05,49.228],[-1.048,49.22],[-1.037,49.222],[-1.034,49.22],[-1.036,49.217],[-1.033,49.218],[-1.032,49.214],[-1.025,49.21],[-1.026,49.208],[-1.023,49.203],[-1.008,49.204],[-1.007,49.201],[-0.996,49.201],[-0.987,49.198],[-0.988,49.195],[-0.974,49.191],[-0.965,49.197],[-0.954,49.2],[-0.952,49.207],[-0.942,49.212],[-0.947,49.215],[-0.941,49.218],[-0.933,49.216],[-0.929,49.225],[-0.933,49.226],[-0.926,49.232],[-0.921,49.231],[-0.925,49.229],[-0.921,49.221],[-0.908,49.212],[-0.901,49.203],[-0.889,49.204],[-0.887,49.201],[-0.907,49.195],[-0.916,49.189],[-0.911,49.189],[-0.911,49.186],[-0.906,49.184],[-0.916,49.184],[-0.914,49.179],[-0.921,49.178],[-0.926,49.164],[-0.937,49.161],[-0.945,49.163],[-0.95,49.168],[-0.956,49.166],[-0.959,49.161],[-0.931,49.158],[-0.941,49.152],[-0.93,49.144],[-0.924,49.145],[-0.923,49.141],[-0.908,49.139],[-0.904,49.136],[-0.906,49.133],[-0.887,49.129],[-0.891,49.122],[-0.908,49.114],[-0.913,49.115],[-0.925,49.102],[-0.891,49.119],[-0.886,49.115],[-0.878,49.117],[-0.876,49.112],[-0.878,49.107],[-0.877,49.096],[-0.881,49.091],[-0.871,49.08],[-0.869,49.068],[-0.877,49.055],[-0.892,49.046],[-0.885,49.039],[-0.87,49.039],[-0.868,49.034],[-0.862,49.035],[-0.861,49.031],[-0.863,49.026],[-0.869,49.027],[-0.887,49.022],[-0.898,49.01],[-0.901,49.013],[-0.905,49.011],[-0.911,48.994],[-0.942,48.968],[-0.96,48.965],[-0.966,48.959],[-0.989,48.952],[-0.989,48.946],[-0.993,48.942],[-1.005,48.935],[-1.012,48.941],[-1.026,48.936],[-1.032,48.938],[-1.066,48.92],[-1.05,48.924],[-1.04,48.922],[-1.02,48.927],[-1.018,48.926],[-1.019,48.923],[-1.014,48.922],[-1.016,48.919],[-1.013,48.915],[-1.029,48.901],[-1.049,48.894],[-1.059,48.877],[-1.065,48.876],[-1.07,48.87],[-1.078,48.868],[-1.086,48.872],[-1.091,48.879],[-1.099,48.876],[-1.099,48.868],[-1.109,48.862],[-1.115,48.862],[-1.122,48.855],[-1.121,48.848],[-1.131,48.849],[-1.141,48.842],[-1.142,48.838],[-1.15,48.835],[-1.157,48.836],[-1.159,48.826],[-1.153,48.822],[-1.143,48.824],[-1.141,48.82],[-1.13,48.82],[-1.128,48.817],[-1.116,48.818],[-1.112,48.815],[-1.102,48.814],[-1.095,48.801],[-1.092,48.8],[-1.091,48.793],[-1.098,48.794],[-1.101,48.79],[-1.083,48.778],[-1.059,48.773],[-1.045,48.783],[-1.037,48.783],[-1.013,48.772],[-1.007,48.777],[-0.991,48.778],[-0.971,48.773],[-0.972,48.78],[-0.967,48.786],[-0.961,48.785],[-0.951,48.789],[-0.936,48.775],[-0.919,48.77],[-0.917,48.772],[-0.909,48.768],[-0.894,48.767],[-0.884,48.761],[-0.883,48.756],[-0.874,48.756],[-0.854,48.764],[-0.833,48.765],[-0.823,48.772],[-0.82,48.77],[-0.825,48.764],[-0.834,48.761],[-0.841,48.752],[-0.852,48.746],[-0.849,48.731],[-0.835,48.727],[-0.828,48.734],[-0.818,48.731],[-0.808,48.725],[-0.803,48.717],[-0.804,48.714],[-0.799,48.712],[-0.79,48.704],[-0.779,48.702],[-0.764,48.692],[-0.743,48.69],[-0.735,48.686],[-0.736,48.68],[-0.743,48.681],[-0.746,48.676],[-0.755,48.675],[-0.759,48.67],[-0.76,48.664],[-0.773,48.657],[-0.77,48.645],[-0.762,48.637],[-0.764,48.634],[-0.762,48.631],[-0.742,48.627],[-0.739,48.623],[-0.753,48.621],[-0.75,48.61],[-0.752,48.601],[-0.758,48.595],[-0.77,48.59],[-0.77,48.581],[-0.776,48.574],[-0.773,48.571],[-0.774,48.563],[-0.79,48.552],[-0.806,48.551],[-0.821,48.536],[-0.827,48.534],[-0.827,48.531],[-0.847,48.522],[-0.856,48.512],[-0.856,48.506],[-0.86,48.501],[-0.87,48.498],[-0.881,48.499],[-0.894,48.495],[-0.899,48.498],[-0.909,48.497],[-0.923,48.503],[-0.921,48.51],[-0.923,48.513],[-0.947,48.514],[-0.955,48.517],[-0.963,48.513],[-0.962,48.504],[-0.965,48.501],[-0.971,48.501],[-0.972,48.495],[-0.99,48.494],[-1.004,48.489],[-1.013,48.493],[-1.018,48.492],[-1.023,48.499],[-1.027,48.498],[-1.039,48.506],[-1.053,48.509],[-1.06,48.515],[-1.063,48.513],[-1.062,48.511],[-1.07,48.508],[-1.104,48.513],[-1.115,48.518],[-1.116,48.522],[-1.134,48.522],[-1.147,48.518],[-1.154,48.519],[-1.17,48.531],[-1.193,48.529],[-1.199,48.532],[-1.199,48.536],[-1.207,48.542],[-1.206,48.539],[-1.217,48.537],[-1.222,48.539],[-1.239,48.538],[-1.249,48.544],[-1.254,48.543],[-1.272,48.534],[-1.269,48.529],[-1.27,48.524],[-1.278,48.515],[-1.28,48.509],[-1.288,48.51],[-1.301,48.499],[-1.317,48.496],[-1.322,48.5],[-1.328,48.498],[-1.329,48.493],[-1.331,48.493],[-1.329,48.486],[-1.339,48.491],[-1.349,48.482],[-1.345,48.473],[-1.354,48.468],[-1.365,48.466],[-1.37,48.461],[-1.38,48.456],[-1.398,48.462],[-1.423,48.461],[-1.44,48.471],[-1.435,48.477],[-1.45,48.488],[-1.459,48.485],[-1.467,48.488],[-1.473,48.485],[-1.482,48.487],[-1.484,48.491],[-1.49,48.489],[-1.49,48.496],[-1.495,48.507],[-1.503,48.516],[-1.505,48.515],[-1.504,48.519],[-1.508,48.523],[-1.511,48.524],[-1.511,48.526],[-1.518,48.53],[-1.519,48.535],[-1.516,48.538],[-1.53,48.544],[-1.534,48.55],[-1.526,48.557],[-1.529,48.56],[-1.524,48.562],[-1.527,48.566],[-1.524,48.564],[-1.519,48.567],[-1.527,48.574],[-1.528,48.579],[-1.532,48.581],[-1.543,48.58],[-1.544,48.587],[-1.537,48.599],[-1.547,48.602],[-1.544,48.606],[-1.566,48.614],[-1.566,48.62],[-1.571,48.626],[-1.544,48.631],[-1.528,48.629],[-1.519,48.627],[-1.516,48.618],[-1.512,48.618],[-1.513,48.613],[-1.511,48.619],[-1.495,48.62],[-1.49,48.618],[-1.484,48.62],[-1.479,48.618],[-1.454,48.626],[-1.452,48.623],[-1.449,48.623],[-1.426,48.638],[-1.429,48.641],[-1.425,48.644],[-1.421,48.639],[-1.409,48.643],[-1.398,48.641],[-1.391,48.645],[-1.384,48.64],[-1.374,48.642],[-1.368,48.641],[-1.365,48.635],[-1.352,48.631],[-1.357,48.635],[-1.364,48.647],[-1.373,48.647],[-1.38,48.652],[-1.393,48.651],[-1.4,48.656],[-1.398,48.664],[-1.376,48.685],[-1.374,48.688],[-1.376,48.69],[-1.379,48.69],[-1.377,48.686],[-1.401,48.674],[-1.419,48.67],[-1.424,48.666],[-1.432,48.666],[-1.439,48.655],[-1.446,48.655],[-1.449,48.67],[-1.463,48.674],[-1.472,48.681],[-1.486,48.686],[-1.497,48.684],[-1.505,48.687],[-1.51,48.7],[-1.515,48.705],[-1.518,48.715],[-1.529,48.73],[-1.553,48.732],[-1.571,48.744],[-1.575,48.753],[-1.57,48.769],[-1.57,48.798],[-1.568,48.803],[-1.572,48.808],[-1.574,48.822],[-1.594,48.835],[-1.602,48.837],[-1.608,48.833],[-1.614,48.834],[-1.597,48.84],[-1.585,48.849],[-1.576,48.866],[-1.564,48.922],[-1.553,48.934],[-1.551,48.932],[-1.558,48.928],[-1.559,48.924],[-1.557,48.922],[-1.561,48.913],[-1.554,48.9],[-1.555,48.894],[-1.55,48.896],[-1.552,48.908],[-1.547,48.922],[-1.549,48.925],[-1.543,48.931],[-1.55,48.94],[-1.561,48.939],[-1.563,48.945],[-1.562,48.982],[-1.559,48.992],[-1.561,49.001],[-1.559,48.997],[-1.558,49],[-1.554,48.998],[-1.552,48.986],[-1.548,48.99],[-1.551,49.003],[-1.557,49.011],[-1.554,49.024],[-1.557,49.027],[-1.535,49.034],[-1.509,49.019],[-1.506,49.02],[-1.509,49.027],[-1.543,49.041],[-1.547,49.037],[-1.56,49.037],[-1.569,49.032],[-1.571,49.026],[-1.577,49.02],[-1.575,49.019],[-1.579,49.015],[-1.575,49.009],[-1.576,49],[-1.586,49.008],[-1.599,49.037],[-1.602,49.051],[-1.597,49.067],[-1.602,49.07],[-1.597,49.073],[-1.603,49.078],[-1.607,49.078],[-1.609,49.083],[-1.61,49.074],[-1.609,49.106],[-1.595,49.132],[-1.592,49.134],[-1.589,49.13],[-1.581,49.132],[-1.586,49.135],[-1.586,49.14],[-1.593,49.136],[-1.596,49.143],[-1.599,49.17],[-1.607,49.197],[-1.605,49.206],[-1.614,49.219],[-1.599,49.217],[-1.58,49.223],[-1.569,49.222],[-1.586,49.234],[-1.609,49.232],[-1.615,49.238],[-1.615,49.234],[-1.626,49.223],[-1.623,49.211],[-1.626,49.21],[-1.64,49.221],[-1.647,49.23],[-1.661,49.26],[-1.678,49.282],[-1.677,49.285],[-1.675,49.28],[-1.665,49.282],[-1.656,49.279],[-1.657,49.282],[-1.665,49.287],[-1.671,49.284],[-1.675,49.288],[-1.685,49.289],[-1.711,49.325],[-1.709,49.327],[-1.698,49.325],[-1.685,49.329],[-1.676,49.329],[-1.675,49.332],[-1.692,49.33],[-1.7,49.334],[-1.708,49.328],[-1.717,49.329],[-1.719,49.325],[-1.765,49.364],[-1.787,49.375],[-1.775,49.375],[-1.757,49.368],[-1.759,49.373],[-1.77,49.375],[-1.772,49.38],[-1.787,49.376],[-1.789,49.369],[-1.796,49.373],[-1.809,49.372],[-1.824,49.401],[-1.823,49.428],[-1.827,49.453],[-1.84,49.472],[-1.845,49.471],[-1.848,49.474],[-1.845,49.477],[-1.845,49.486],[-1.848,49.504],[-1.852,49.51],[-1.876,49.515],[-1.887,49.526],[-1.885,49.536],[-1.888,49.536],[-1.885,49.541],[-1.858,49.551],[-1.853,49.561],[-1.847,49.564],[-1.839,49.576],[-1.842,49.581],[-1.845,49.619],[-1.85,49.633],[-1.86,49.65],[-1.872,49.657],[-1.887,49.659],[-1.899,49.666],[-1.918,49.666],[-1.929,49.669],[-1.929,49.672],[-1.94,49.671],[-1.941,49.675],[-1.947,49.675],[-1.936,49.69],[-1.938,49.696],[-1.944,49.698],[-1.947,49.708],[-1.943,49.714],[-1.948,49.717],[-1.944,49.719],[-1.942,49.726],[-1.922,49.726],[-1.903,49.721],[-1.895,49.716],[-1.897,49.712],[-1.883,49.706],[-1.871,49.709],[-1.852,49.718],[-1.851,49.714],[-1.839,49.711],[-1.836,49.704],[-1.83,49.702],[-1.832,49.699],[-1.828,49.699],[-1.827,49.693],[-1.823,49.69],[-1.79,49.687],[-1.761,49.678],[-1.729,49.678],[-1.718,49.68],[-1.701,49.67],[-1.687,49.674],[-1.678,49.67],[-1.684,49.667],[-1.683,49.665],[-1.672,49.658],[-1.652,49.656],[-1.633,49.661],[-1.615,49.658],[-1.629,49.66],[-1.631,49.654],[-1.623,49.645],[-1.62,49.644],[-1.617,49.649],[-1.615,49.643],[-1.612,49.644],[-1.613,49.649],[-1.603,49.647],[-1.606,49.659],[-1.6,49.661],[-1.587,49.651],[-1.568,49.657],[-1.542,49.654],[-1.509,49.661],[-1.492,49.67],[-1.487,49.669],[-1.485,49.678],[-1.476,49.681],[-1.473,49.686],[-1.478,49.69],[-1.473,49.697],[-1.455,49.691],[-1.444,49.695],[-1.437,49.702],[-1.413,49.701],[-1.394,49.706],[-1.371,49.707],[-1.343,49.701],[-1.333,49.703],[-1.325,49.699],[-1.29,49.692],[-1.266,49.695],[-1.265,49.691],[-1.271,49.685],[-1.272,49.679],[-1.259,49.673],[-1.263,49.671],[-1.262,49.668],[-1.257,49.671],[-1.252,49.662],[-1.239,49.654],[-1.239,49.651],[-1.243,49.648],[-1.228,49.623],[-1.229,49.606],[-1.254,49.613],[-1.266,49.592],[-1.261,49.587],[-1.272,49.577],[-1.272,49.571],[-1.276,49.573],[-1.275,49.578],[-1.268,49.583],[-1.27,49.584],[-1.285,49.587],[-1.296,49.583],[-1.307,49.567],[-1.31,49.549],[-1.306,49.539],[-1.253,49.481],[-1.171,49.413],[-1.162,49.392],[-1.166,49.383],[-1.179,49.378],[-1.178,49.365],[-1.164,49.367],[-1.139,49.358],[-1.136,49.354],[-1.12,49.356]]]]}},{"type":"Feature","properties":{"code":"51","nom":"Marne"},"geometry":{"type":"Polygon","coordinates":[[[4.048,49.406],[4.073,49.404],[4.077,49.402],[4.132,49.402],[4.143,49.404],[4.157,49.401],[4.191,49.401],[4.189,49.399],[4.201,49.384],[4.214,49.388],[4.237,49.381],[4.248,49.382],[4.248,49.378],[4.259,49.37],[4.256,49.366],[4.258,49.364],[4.268,49.36],[4.277,49.351],[4.284,49.354],[4.286,49.35],[4.292,49.354],[4.294,49.353],[4.288,49.349],[4.308,49.327],[4.338,49.326],[4.346,49.322],[4.342,49.315],[4.344,49.314],[4.376,49.324],[4.374,49.32],[4.396,49.292],[4.403,49.293],[4.408,49.291],[4.409,49.287],[4.417,49.288],[4.423,49.281],[4.44,49.28],[4.447,49.273],[4.46,49.278],[4.484,49.281],[4.516,49.28],[4.515,49.282],[4.541,49.286],[4.557,49.295],[4.568,49.297],[4.573,49.294],[4.576,49.297],[4.584,49.293],[4.584,49.291],[4.598,49.291],[4.6,49.289],[4.59,49.281],[4.594,49.28],[4.591,49.277],[4.592,49.273],[4.595,49.273],[4.595,49.271],[4.608,49.269],[4.611,49.257],[4.62,49.247],[4.619,49.239],[4.632,49.235],[4.634,49.232],[4.646,49.233],[4.66,49.24],[4.671,49.241],[4.68,49.253],[4.689,49.257],[4.704,49.255],[4.704,49.251],[4.727,49.254],[4.743,49.245],[4.744,49.241],[4.773,49.245],[4.791,49.241],[4.801,49.244],[4.802,49.248],[4.815,49.25],[4.817,49.241],[4.83,49.243],[4.831,49.241],[4.826,49.237],[4.831,49.233],[4.837,49.236],[4.842,49.232],[4.863,49.23],[4.866,49.227],[4.867,49.236],[4.862,49.237],[4.862,49.24],[4.869,49.247],[4.878,49.249],[4.878,49.256],[4.883,49.257],[4.877,49.263],[4.893,49.258],[4.901,49.262],[4.924,49.267],[4.917,49.26],[4.927,49.262],[4.934,49.262],[4.934,49.26],[4.922,49.252],[4.946,49.244],[4.95,49.241],[4.951,49.237],[4.971,49.236],[4.978,49.219],[4.993,49.21],[4.979,49.2],[4.96,49.197],[4.94,49.185],[4.952,49.174],[4.964,49.156],[4.971,49.137],[4.99,49.118],[4.997,49.107],[4.996,49.088],[5.006,49.06],[5.001,49.055],[5.004,49.053],[4.965,49.021],[5.01,49.035],[5.037,49.024],[5.035,49.019],[5.04,49.019],[5.037,49.018],[5.039,49.011],[5.031,49.006],[5.035,48.993],[5.018,48.996],[5.005,48.993],[5.001,48.99],[5.002,48.987],[4.994,48.984],[5.005,48.984],[5.008,48.979],[5.016,48.982],[5.017,48.978],[5.028,48.98],[5.039,48.974],[5.032,48.964],[5.031,48.954],[5.023,48.951],[5.022,48.947],[5.014,48.946],[5.014,48.937],[5,48.938],[4.987,48.932],[4.97,48.928],[4.967,48.929],[4.959,48.926],[4.951,48.931],[4.936,48.922],[4.938,48.918],[4.933,48.915],[4.934,48.913],[4.919,48.906],[4.912,48.898],[4.925,48.891],[4.92,48.885],[4.919,48.877],[4.912,48.869],[4.925,48.864],[4.921,48.861],[4.925,48.856],[4.93,48.856],[4.928,48.85],[4.937,48.848],[4.937,48.843],[4.915,48.835],[4.889,48.817],[4.897,48.809],[4.889,48.801],[4.895,48.796],[4.913,48.795],[4.921,48.793],[4.921,48.791],[4.933,48.791],[4.938,48.787],[4.935,48.783],[4.943,48.778],[4.95,48.769],[4.957,48.767],[4.965,48.759],[4.972,48.758],[4.978,48.753],[4.981,48.746],[4.99,48.742],[5.009,48.741],[5.006,48.735],[5.01,48.729],[5.005,48.72],[5.011,48.718],[5.016,48.71],[5.012,48.707],[5.002,48.711],[4.997,48.71],[5.006,48.699],[4.999,48.693],[4.991,48.693],[4.991,48.687],[4.988,48.684],[4.976,48.689],[4.972,48.686],[4.967,48.688],[4.955,48.685],[4.951,48.689],[4.939,48.675],[4.911,48.689],[4.895,48.678],[4.878,48.675],[4.868,48.667],[4.85,48.668],[4.849,48.672],[4.821,48.675],[4.82,48.68],[4.817,48.68],[4.798,48.678],[4.795,48.669],[4.782,48.67],[4.772,48.652],[4.808,48.654],[4.842,48.65],[4.839,48.646],[4.842,48.643],[4.846,48.643],[4.854,48.635],[4.848,48.628],[4.851,48.627],[4.849,48.623],[4.852,48.621],[4.851,48.616],[4.858,48.614],[4.857,48.612],[4.847,48.615],[4.84,48.611],[4.83,48.612],[4.822,48.606],[4.817,48.607],[4.797,48.595],[4.785,48.599],[4.775,48.593],[4.764,48.595],[4.769,48.589],[4.771,48.572],[4.776,48.566],[4.781,48.565],[4.788,48.57],[4.796,48.568],[4.783,48.554],[4.795,48.54],[4.796,48.532],[4.799,48.53],[4.791,48.528],[4.781,48.533],[4.762,48.534],[4.718,48.542],[4.707,48.537],[4.681,48.535],[4.675,48.538],[4.67,48.532],[4.666,48.538],[4.651,48.537],[4.646,48.542],[4.638,48.542],[4.635,48.544],[4.637,48.548],[4.635,48.552],[4.642,48.552],[4.641,48.554],[4.626,48.555],[4.621,48.552],[4.615,48.554],[4.596,48.552],[4.591,48.548],[4.568,48.548],[4.554,48.54],[4.552,48.536],[4.549,48.537],[4.545,48.525],[4.536,48.529],[4.526,48.528],[4.529,48.54],[4.521,48.54],[4.522,48.545],[4.514,48.545],[4.511,48.548],[4.494,48.539],[4.47,48.547],[4.44,48.55],[4.421,48.555],[4.397,48.564],[4.348,48.596],[4.35,48.598],[4.331,48.602],[4.315,48.616],[4.334,48.632],[4.33,48.635],[4.317,48.652],[4.328,48.656],[4.323,48.664],[4.333,48.671],[4.334,48.675],[4.33,48.681],[4.325,48.68],[4.323,48.684],[4.328,48.693],[4.326,48.7],[4.312,48.711],[4.308,48.709],[4.299,48.715],[4.285,48.71],[4.273,48.71],[4.264,48.706],[4.252,48.709],[4.246,48.713],[4.249,48.715],[4.243,48.717],[4.233,48.702],[4.219,48.705],[4.2,48.704],[4.178,48.709],[4.165,48.708],[4.149,48.701],[4.131,48.686],[4.08,48.701],[4.065,48.687],[4.063,48.682],[4.069,48.682],[4.069,48.679],[4.058,48.666],[4.053,48.669],[4.047,48.662],[4.037,48.662],[4.03,48.659],[4.002,48.664],[3.997,48.659],[3.985,48.653],[3.977,48.631],[3.977,48.629],[3.981,48.629],[3.979,48.626],[3.97,48.627],[3.968,48.632],[3.959,48.623],[3.949,48.603],[3.921,48.606],[3.916,48.606],[3.915,48.602],[3.908,48.602],[3.906,48.587],[3.897,48.58],[3.901,48.58],[3.9,48.575],[3.892,48.575],[3.888,48.579],[3.882,48.577],[3.872,48.581],[3.863,48.578],[3.854,48.58],[3.855,48.573],[3.864,48.572],[3.865,48.568],[3.863,48.569],[3.862,48.562],[3.859,48.558],[3.86,48.544],[3.866,48.544],[3.866,48.538],[3.851,48.523],[3.844,48.523],[3.826,48.515],[3.803,48.524],[3.798,48.529],[3.766,48.528],[3.759,48.532],[3.742,48.534],[3.738,48.538],[3.704,48.533],[3.688,48.54],[3.681,48.537],[3.677,48.539],[3.662,48.535],[3.657,48.538],[3.652,48.536],[3.651,48.539],[3.644,48.536],[3.644,48.541],[3.64,48.538],[3.634,48.542],[3.632,48.547],[3.634,48.548],[3.629,48.562],[3.633,48.569],[3.626,48.578],[3.621,48.58],[3.604,48.572],[3.601,48.579],[3.603,48.58],[3.593,48.588],[3.583,48.585],[3.58,48.605],[3.563,48.603],[3.563,48.613],[3.556,48.62],[3.538,48.632],[3.519,48.633],[3.517,48.637],[3.533,48.647],[3.518,48.643],[3.493,48.648],[3.477,48.637],[3.451,48.635],[3.46,48.653],[3.441,48.664],[3.446,48.667],[3.443,48.673],[3.449,48.676],[3.448,48.677],[3.463,48.685],[3.472,48.686],[3.473,48.698],[3.478,48.698],[3.464,48.707],[3.467,48.709],[3.465,48.712],[3.468,48.717],[3.467,48.729],[3.47,48.738],[3.444,48.737],[3.436,48.744],[3.437,48.753],[3.429,48.758],[3.426,48.755],[3.409,48.752],[3.399,48.755],[3.396,48.759],[3.409,48.784],[3.424,48.784],[3.429,48.779],[3.438,48.785],[3.442,48.782],[3.444,48.791],[3.44,48.798],[3.442,48.804],[3.423,48.801],[3.42,48.803],[3.411,48.804],[3.404,48.809],[3.417,48.818],[3.432,48.812],[3.448,48.811],[3.461,48.815],[3.459,48.818],[3.47,48.821],[3.481,48.812],[3.487,48.815],[3.485,48.825],[3.491,48.835],[3.485,48.852],[3.486,48.858],[3.482,48.866],[3.502,48.872],[3.509,48.885],[3.508,48.89],[3.529,48.912],[3.533,48.911],[3.543,48.915],[3.55,48.914],[3.56,48.917],[3.564,48.911],[3.571,48.915],[3.576,48.923],[3.573,48.925],[3.574,48.939],[3.593,48.945],[3.603,48.944],[3.599,48.951],[3.602,48.953],[3.592,48.96],[3.601,48.966],[3.605,48.964],[3.61,48.967],[3.621,48.966],[3.627,48.98],[3.623,48.983],[3.64,49.004],[3.66,49.004],[3.678,49.014],[3.679,49.018],[3.664,49.037],[3.65,49.043],[3.643,49.037],[3.631,49.04],[3.617,49.036],[3.616,49.034],[3.588,49.034],[3.585,49.039],[3.588,49.059],[3.6,49.062],[3.609,49.073],[3.624,49.071],[3.633,49.073],[3.638,49.077],[3.639,49.081],[3.632,49.086],[3.622,49.105],[3.612,49.118],[3.603,49.115],[3.6,49.121],[3.612,49.129],[3.61,49.135],[3.614,49.139],[3.621,49.139],[3.619,49.143],[3.622,49.151],[3.653,49.149],[3.687,49.154],[3.698,49.15],[3.703,49.141],[3.708,49.143],[3.706,49.145],[3.717,49.147],[3.74,49.157],[3.749,49.157],[3.748,49.169],[3.753,49.172],[3.751,49.178],[3.73,49.178],[3.725,49.174],[3.711,49.178],[3.704,49.181],[3.707,49.186],[3.697,49.188],[3.697,49.195],[3.702,49.194],[3.705,49.199],[3.699,49.206],[3.693,49.206],[3.69,49.201],[3.682,49.197],[3.676,49.201],[3.682,49.205],[3.67,49.21],[3.663,49.209],[3.653,49.215],[3.656,49.218],[3.651,49.222],[3.664,49.222],[3.67,49.228],[3.67,49.233],[3.678,49.235],[3.675,49.24],[3.669,49.241],[3.67,49.243],[3.666,49.246],[3.661,49.26],[3.658,49.26],[3.657,49.255],[3.654,49.254],[3.655,49.263],[3.661,49.27],[3.652,49.278],[3.653,49.283],[3.659,49.287],[3.657,49.291],[3.643,49.296],[3.638,49.301],[3.643,49.303],[3.644,49.313],[3.648,49.316],[3.665,49.32],[3.669,49.325],[3.689,49.327],[3.701,49.333],[3.742,49.337],[3.741,49.348],[3.758,49.348],[3.778,49.356],[3.78,49.352],[3.802,49.359],[3.824,49.357],[3.824,49.354],[3.853,49.345],[3.859,49.354],[3.848,49.365],[3.856,49.364],[3.853,49.366],[3.86,49.373],[3.856,49.381],[3.86,49.382],[3.86,49.386],[3.847,49.389],[3.845,49.392],[3.84,49.391],[3.837,49.397],[3.822,49.402],[3.846,49.401],[3.845,49.403],[3.855,49.401],[3.87,49.407],[3.881,49.405],[3.893,49.399],[3.896,49.393],[3.91,49.395],[3.915,49.398],[3.915,49.404],[3.925,49.408],[3.934,49.402],[3.931,49.401],[3.945,49.39],[3.943,49.389],[3.961,49.377],[3.978,49.38],[3.995,49.378],[3.996,49.372],[3.999,49.372],[4.001,49.369],[4.007,49.37],[4.013,49.358],[4.036,49.36],[4.04,49.397],[4.048,49.406]]]}},{"type":"Feature","properties":{"code":"52","nom":"Haute-Marne"},"geometry":{"type":"Polygon","coordinates":[[[4.67,48.532],[4.675,48.538],[4.681,48.535],[4.707,48.537],[4.718,48.542],[4.762,48.534],[4.781,48.533],[4.791,48.528],[4.799,48.53],[4.796,48.532],[4.795,48.54],[4.783,48.554],[4.796,48.568],[4.788,48.57],[4.781,48.565],[4.776,48.566],[4.771,48.572],[4.769,48.589],[4.764,48.595],[4.775,48.593],[4.785,48.599],[4.797,48.595],[4.817,48.607],[4.822,48.606],[4.83,48.612],[4.84,48.611],[4.847,48.615],[4.857,48.612],[4.858,48.614],[4.851,48.616],[4.852,48.621],[4.849,48.623],[4.851,48.627],[4.848,48.628],[4.854,48.635],[4.846,48.643],[4.842,48.643],[4.839,48.646],[4.842,48.65],[4.808,48.654],[4.772,48.652],[4.782,48.67],[4.795,48.669],[4.798,48.678],[4.817,48.68],[4.82,48.68],[4.821,48.675],[4.849,48.672],[4.85,48.668],[4.868,48.667],[4.878,48.675],[4.895,48.678],[4.911,48.689],[4.939,48.675],[4.951,48.689],[4.955,48.685],[4.967,48.688],[4.972,48.686],[4.976,48.689],[4.988,48.684],[5.007,48.68],[5.009,48.669],[5.011,48.668],[4.993,48.658],[4.996,48.652],[4.995,48.646],[5.004,48.639],[5.006,48.633],[4.998,48.628],[5,48.627],[4.996,48.626],[4.999,48.624],[4.995,48.622],[5.001,48.614],[5.014,48.61],[5.033,48.614],[5.052,48.633],[5.057,48.632],[5.06,48.612],[5.064,48.611],[5.071,48.596],[5.096,48.593],[5.119,48.596],[5.121,48.593],[5.118,48.585],[5.125,48.582],[5.127,48.576],[5.146,48.56],[5.167,48.565],[5.173,48.556],[5.197,48.547],[5.195,48.538],[5.208,48.539],[5.207,48.536],[5.212,48.532],[5.212,48.529],[5.222,48.526],[5.227,48.532],[5.239,48.526],[5.263,48.52],[5.271,48.514],[5.286,48.515],[5.289,48.511],[5.296,48.508],[5.306,48.516],[5.317,48.508],[5.328,48.509],[5.328,48.503],[5.345,48.491],[5.347,48.484],[5.358,48.478],[5.368,48.477],[5.381,48.471],[5.398,48.474],[5.406,48.465],[5.403,48.454],[5.409,48.445],[5.433,48.432],[5.439,48.435],[5.445,48.425],[5.451,48.423],[5.459,48.422],[5.465,48.425],[5.47,48.421],[5.459,48.416],[5.447,48.415],[5.443,48.411],[5.421,48.399],[5.422,48.397],[5.42,48.395],[5.416,48.396],[5.407,48.392],[5.394,48.392],[5.407,48.383],[5.443,48.379],[5.419,48.361],[5.418,48.357],[5.423,48.352],[5.417,48.347],[5.417,48.343],[5.427,48.331],[5.445,48.338],[5.462,48.352],[5.469,48.349],[5.475,48.355],[5.481,48.356],[5.498,48.355],[5.506,48.35],[5.527,48.347],[5.522,48.341],[5.525,48.338],[5.525,48.334],[5.537,48.318],[5.572,48.293],[5.589,48.276],[5.612,48.292],[5.643,48.275],[5.654,48.269],[5.651,48.257],[5.645,48.252],[5.642,48.242],[5.677,48.229],[5.688,48.234],[5.718,48.215],[5.721,48.207],[5.73,48.198],[5.731,48.19],[5.702,48.19],[5.687,48.18],[5.68,48.179],[5.687,48.167],[5.685,48.154],[5.681,48.151],[5.685,48.151],[5.685,48.147],[5.677,48.145],[5.675,48.139],[5.677,48.137],[5.663,48.129],[5.662,48.124],[5.657,48.122],[5.662,48.115],[5.668,48.116],[5.672,48.109],[5.668,48.107],[5.649,48.105],[5.637,48.098],[5.639,48.089],[5.634,48.09],[5.629,48.084],[5.644,48.08],[5.647,48.073],[5.656,48.069],[5.661,48.072],[5.653,48.08],[5.653,48.084],[5.658,48.086],[5.673,48.079],[5.675,48.082],[5.688,48.075],[5.697,48.077],[5.699,48.067],[5.709,48.065],[5.721,48.053],[5.721,48.044],[5.74,48.05],[5.764,48.035],[5.765,48.03],[5.777,48.034],[5.776,48.022],[5.781,48.021],[5.786,48.013],[5.787,48.002],[5.795,47.998],[5.793,47.987],[5.778,47.978],[5.78,47.97],[5.786,47.964],[5.784,47.962],[5.787,47.953],[5.804,47.95],[5.805,47.947],[5.809,47.949],[5.808,47.953],[5.811,47.955],[5.818,47.958],[5.832,47.958],[5.84,47.965],[5.843,47.976],[5.846,47.976],[5.847,47.97],[5.854,47.97],[5.854,47.966],[5.849,47.965],[5.85,47.961],[5.858,47.945],[5.869,47.945],[5.87,47.939],[5.881,47.933],[5.885,47.926],[5.883,47.921],[5.89,47.921],[5.886,47.916],[5.891,47.911],[5.887,47.904],[5.883,47.9],[5.87,47.901],[5.851,47.906],[5.837,47.891],[5.839,47.885],[5.822,47.871],[5.825,47.859],[5.828,47.858],[5.822,47.857],[5.825,47.856],[5.818,47.853],[5.83,47.856],[5.828,47.852],[5.796,47.847],[5.799,47.856],[5.775,47.858],[5.767,47.856],[5.761,47.859],[5.756,47.853],[5.744,47.849],[5.744,47.842],[5.748,47.838],[5.746,47.838],[5.746,47.83],[5.751,47.829],[5.745,47.827],[5.741,47.819],[5.73,47.818],[5.722,47.822],[5.699,47.824],[5.692,47.821],[5.682,47.809],[5.677,47.779],[5.682,47.776],[5.68,47.77],[5.702,47.77],[5.708,47.768],[5.709,47.764],[5.706,47.752],[5.71,47.745],[5.69,47.735],[5.689,47.73],[5.695,47.726],[5.687,47.722],[5.688,47.719],[5.683,47.717],[5.686,47.715],[5.684,47.712],[5.694,47.705],[5.695,47.692],[5.691,47.685],[5.688,47.686],[5.686,47.683],[5.681,47.686],[5.675,47.682],[5.663,47.685],[5.648,47.675],[5.63,47.677],[5.612,47.673],[5.601,47.675],[5.597,47.672],[5.593,47.682],[5.585,47.691],[5.585,47.7],[5.567,47.707],[5.53,47.673],[5.512,47.674],[5.483,47.685],[5.474,47.68],[5.47,47.675],[5.448,47.671],[5.434,47.671],[5.42,47.678],[5.406,47.673],[5.403,47.657],[5.399,47.653],[5.4,47.648],[5.406,47.647],[5.386,47.635],[5.373,47.618],[5.374,47.605],[5.367,47.605],[5.356,47.591],[5.341,47.596],[5.345,47.605],[5.341,47.608],[5.322,47.612],[5.315,47.606],[5.306,47.607],[5.298,47.604],[5.294,47.598],[5.278,47.59],[5.278,47.581],[5.253,47.577],[5.248,47.59],[5.238,47.597],[5.259,47.622],[5.251,47.622],[5.237,47.617],[5.237,47.621],[5.229,47.626],[5.23,47.63],[5.221,47.632],[5.211,47.642],[5.174,47.653],[5.173,47.666],[5.175,47.667],[5.178,47.681],[5.162,47.681],[5.155,47.667],[5.143,47.656],[5.135,47.654],[5.139,47.651],[5.129,47.65],[5.125,47.647],[5.117,47.652],[5.109,47.65],[5.103,47.654],[5.104,47.659],[5.086,47.657],[5.083,47.66],[5.078,47.66],[5.076,47.665],[5.072,47.664],[5.069,47.669],[5.067,47.665],[5.067,47.668],[5.054,47.668],[5.044,47.677],[5.05,47.68],[5.053,47.688],[5.061,47.695],[5.056,47.697],[5.054,47.694],[5.029,47.693],[5.029,47.697],[5.034,47.702],[5.032,47.704],[5.034,47.708],[5.029,47.71],[5.018,47.705],[5.013,47.706],[5.008,47.7],[5.005,47.701],[5.004,47.694],[4.997,47.69],[4.969,47.686],[4.972,47.692],[4.954,47.701],[4.954,47.707],[4.964,47.713],[4.963,47.722],[4.972,47.729],[4.97,47.736],[4.957,47.732],[4.966,47.741],[4.96,47.752],[4.959,47.762],[4.951,47.763],[4.947,47.767],[4.942,47.763],[4.923,47.759],[4.927,47.765],[4.917,47.767],[4.921,47.767],[4.921,47.773],[4.924,47.773],[4.918,47.777],[4.982,47.8],[4.994,47.813],[4.989,47.819],[4.994,47.82],[4.986,47.823],[4.985,47.829],[4.968,47.832],[4.966,47.839],[4.96,47.839],[4.963,47.852],[4.954,47.867],[4.94,47.867],[4.927,47.872],[4.93,47.875],[4.927,47.879],[4.929,47.886],[4.926,47.891],[4.915,47.898],[4.914,47.906],[4.903,47.921],[4.893,47.923],[4.869,47.917],[4.871,47.915],[4.859,47.902],[4.862,47.9],[4.86,47.896],[4.857,47.896],[4.834,47.907],[4.829,47.912],[4.831,47.918],[4.839,47.923],[4.847,47.921],[4.846,47.927],[4.866,47.941],[4.858,47.952],[4.845,47.961],[4.827,47.961],[4.82,47.964],[4.818,47.964],[4.819,47.96],[4.811,47.959],[4.794,47.962],[4.791,47.965],[4.787,47.964],[4.786,47.971],[4.795,47.984],[4.81,47.989],[4.793,47.997],[4.793,48.003],[4.789,48.008],[4.773,48.005],[4.735,48.006],[4.72,48.009],[4.722,48.01],[4.716,48.012],[4.704,48.02],[4.715,48.021],[4.705,48.028],[4.711,48.036],[4.722,48.04],[4.723,48.046],[4.711,48.05],[4.7,48.066],[4.69,48.073],[4.658,48.079],[4.668,48.083],[4.678,48.081],[4.706,48.09],[4.707,48.095],[4.704,48.097],[4.704,48.1],[4.714,48.101],[4.724,48.106],[4.732,48.119],[4.744,48.115],[4.763,48.116],[4.804,48.105],[4.834,48.105],[4.835,48.115],[4.829,48.129],[4.841,48.134],[4.846,48.142],[4.852,48.143],[4.837,48.151],[4.84,48.158],[4.835,48.162],[4.837,48.168],[4.851,48.176],[4.847,48.18],[4.857,48.194],[4.864,48.199],[4.862,48.211],[4.842,48.214],[4.835,48.221],[4.839,48.225],[4.854,48.229],[4.848,48.239],[4.839,48.237],[4.846,48.243],[4.846,48.247],[4.843,48.247],[4.848,48.251],[4.845,48.257],[4.857,48.26],[4.862,48.266],[4.848,48.276],[4.842,48.284],[4.851,48.296],[4.84,48.299],[4.838,48.304],[4.826,48.302],[4.828,48.307],[4.825,48.312],[4.814,48.323],[4.823,48.331],[4.841,48.339],[4.84,48.342],[4.832,48.346],[4.816,48.345],[4.794,48.357],[4.788,48.355],[4.785,48.359],[4.779,48.356],[4.755,48.367],[4.76,48.388],[4.748,48.392],[4.73,48.392],[4.717,48.396],[4.714,48.392],[4.705,48.391],[4.7,48.396],[4.708,48.401],[4.694,48.415],[4.682,48.418],[4.69,48.425],[4.683,48.428],[4.682,48.432],[4.678,48.432],[4.678,48.441],[4.672,48.445],[4.66,48.446],[4.656,48.451],[4.636,48.456],[4.635,48.459],[4.629,48.461],[4.631,48.465],[4.628,48.469],[4.635,48.467],[4.644,48.471],[4.653,48.471],[4.65,48.477],[4.659,48.493],[4.658,48.506],[4.677,48.517],[4.676,48.523],[4.67,48.532]]]}},{"type":"Feature","properties":{"code":"53","nom":"Mayenne"},"geometry":{"type":"MultiPolygon","coordinates":[[[[-1.07,48.508],[-1.062,48.511],[-1.063,48.513],[-1.06,48.515],[-1.053,48.509],[-1.039,48.506],[-1.027,48.498],[-1.023,48.499],[-1.018,48.492],[-1.013,48.493],[-1.004,48.489],[-0.99,48.494],[-0.972,48.495],[-0.971,48.501],[-0.965,48.501],[-0.962,48.504],[-0.963,48.513],[-0.955,48.517],[-0.947,48.514],[-0.923,48.513],[-0.921,48.51],[-0.923,48.503],[-0.909,48.497],[-0.899,48.498],[-0.894,48.495],[-0.881,48.499],[-0.87,48.498],[-0.86,48.501],[-0.849,48.498],[-0.846,48.5],[-0.84,48.493],[-0.838,48.485],[-0.832,48.483],[-0.833,48.479],[-0.827,48.479],[-0.827,48.476],[-0.815,48.472],[-0.819,48.469],[-0.814,48.465],[-0.816,48.462],[-0.813,48.455],[-0.799,48.459],[-0.797,48.466],[-0.778,48.465],[-0.78,48.446],[-0.766,48.441],[-0.765,48.437],[-0.752,48.437],[-0.735,48.446],[-0.727,48.445],[-0.715,48.449],[-0.715,48.454],[-0.725,48.455],[-0.729,48.46],[-0.736,48.461],[-0.738,48.465],[-0.731,48.473],[-0.725,48.473],[-0.715,48.469],[-0.705,48.476],[-0.7,48.473],[-0.704,48.47],[-0.702,48.467],[-0.692,48.468],[-0.682,48.471],[-0.685,48.477],[-0.678,48.479],[-0.675,48.485],[-0.669,48.483],[-0.669,48.486],[-0.662,48.484],[-0.66,48.48],[-0.662,48.476],[-0.657,48.476],[-0.656,48.474],[-0.66,48.469],[-0.654,48.46],[-0.656,48.448],[-0.651,48.444],[-0.625,48.457],[-0.616,48.459],[-0.595,48.473],[-0.573,48.469],[-0.565,48.477],[-0.56,48.472],[-0.552,48.473],[-0.55,48.48],[-0.54,48.484],[-0.537,48.49],[-0.53,48.495],[-0.516,48.498],[-0.517,48.504],[-0.51,48.509],[-0.493,48.502],[-0.485,48.504],[-0.478,48.502],[-0.469,48.508],[-0.47,48.512],[-0.45,48.513],[-0.447,48.515],[-0.439,48.512],[-0.434,48.514],[-0.424,48.507],[-0.409,48.506],[-0.395,48.51],[-0.391,48.509],[-0.393,48.501],[-0.383,48.497],[-0.372,48.496],[-0.367,48.494],[-0.369,48.492],[-0.368,48.488],[-0.353,48.484],[-0.349,48.489],[-0.356,48.496],[-0.349,48.501],[-0.336,48.502],[-0.336,48.509],[-0.32,48.523],[-0.293,48.515],[-0.288,48.519],[-0.285,48.517],[-0.285,48.507],[-0.272,48.507],[-0.268,48.517],[-0.275,48.518],[-0.264,48.522],[-0.261,48.527],[-0.251,48.527],[-0.241,48.537],[-0.246,48.543],[-0.263,48.549],[-0.246,48.558],[-0.249,48.563],[-0.243,48.568],[-0.234,48.562],[-0.217,48.558],[-0.208,48.564],[-0.194,48.555],[-0.19,48.549],[-0.181,48.545],[-0.179,48.541],[-0.174,48.542],[-0.17,48.537],[-0.145,48.528],[-0.145,48.521],[-0.163,48.518],[-0.172,48.511],[-0.172,48.502],[-0.168,48.504],[-0.156,48.496],[-0.155,48.487],[-0.149,48.48],[-0.154,48.477],[-0.147,48.473],[-0.151,48.465],[-0.147,48.456],[-0.125,48.449],[-0.106,48.447],[-0.073,48.451],[-0.071,48.458],[-0.051,48.453],[-0.05,48.444],[-0.057,48.431],[-0.053,48.425],[-0.058,48.421],[-0.053,48.413],[-0.058,48.409],[-0.055,48.407],[-0.056,48.396],[-0.053,48.393],[-0.058,48.387],[-0.055,48.382],[-0.059,48.381],[-0.063,48.376],[-0.071,48.379],[-0.078,48.369],[-0.084,48.37],[-0.091,48.375],[-0.112,48.374],[-0.119,48.367],[-0.137,48.364],[-0.138,48.357],[-0.132,48.343],[-0.122,48.34],[-0.122,48.338],[-0.148,48.344],[-0.157,48.341],[-0.154,48.335],[-0.158,48.335],[-0.158,48.322],[-0.155,48.314],[-0.148,48.314],[-0.142,48.309],[-0.138,48.293],[-0.143,48.293],[-0.15,48.285],[-0.148,48.28],[-0.156,48.265],[-0.161,48.262],[-0.167,48.264],[-0.163,48.258],[-0.163,48.254],[-0.166,48.253],[-0.162,48.249],[-0.161,48.239],[-0.158,48.239],[-0.155,48.231],[-0.151,48.23],[-0.145,48.224],[-0.153,48.215],[-0.147,48.205],[-0.164,48.2],[-0.19,48.181],[-0.23,48.169],[-0.253,48.158],[-0.248,48.156],[-0.248,48.152],[-0.246,48.152],[-0.238,48.153],[-0.237,48.147],[-0.249,48.145],[-0.248,48.14],[-0.254,48.137],[-0.251,48.134],[-0.242,48.138],[-0.239,48.136],[-0.244,48.133],[-0.247,48.128],[-0.223,48.123],[-0.224,48.117],[-0.216,48.114],[-0.215,48.108],[-0.219,48.105],[-0.237,48.098],[-0.234,48.091],[-0.239,48.085],[-0.237,48.083],[-0.223,48.08],[-0.222,48.078],[-0.227,48.073],[-0.231,48.059],[-0.271,48.065],[-0.284,48.06],[-0.28,48.055],[-0.304,48.051],[-0.317,48.045],[-0.33,48.05],[-0.342,48.043],[-0.334,48.028],[-0.341,48.012],[-0.309,48.006],[-0.314,47.999],[-0.313,47.994],[-0.305,47.99],[-0.306,47.988],[-0.302,47.983],[-0.304,47.979],[-0.299,47.98],[-0.301,47.975],[-0.297,47.972],[-0.302,47.969],[-0.302,47.965],[-0.277,47.957],[-0.291,47.951],[-0.295,47.944],[-0.311,47.94],[-0.32,47.935],[-0.331,47.938],[-0.334,47.937],[-0.333,47.934],[-0.339,47.931],[-0.355,47.934],[-0.361,47.93],[-0.377,47.933],[-0.397,47.926],[-0.397,47.916],[-0.405,47.915],[-0.406,47.918],[-0.402,47.92],[-0.405,47.921],[-0.413,47.916],[-0.406,47.909],[-0.408,47.906],[-0.404,47.902],[-0.41,47.895],[-0.394,47.894],[-0.39,47.889],[-0.379,47.889],[-0.373,47.885],[-0.37,47.878],[-0.372,47.872],[-0.369,47.87],[-0.38,47.868],[-0.371,47.859],[-0.378,47.855],[-0.39,47.86],[-0.397,47.857],[-0.407,47.859],[-0.412,47.858],[-0.411,47.847],[-0.428,47.85],[-0.427,47.848],[-0.431,47.847],[-0.43,47.842],[-0.448,47.832],[-0.442,47.829],[-0.438,47.818],[-0.433,47.814],[-0.434,47.809],[-0.429,47.806],[-0.417,47.803],[-0.388,47.805],[-0.381,47.793],[-0.375,47.767],[-0.382,47.761],[-0.382,47.765],[-0.387,47.77],[-0.395,47.77],[-0.416,47.78],[-0.41,47.765],[-0.428,47.768],[-0.454,47.757],[-0.464,47.769],[-0.471,47.769],[-0.485,47.78],[-0.492,47.779],[-0.508,47.786],[-0.519,47.787],[-0.523,47.782],[-0.518,47.77],[-0.519,47.764],[-0.533,47.751],[-0.563,47.758],[-0.575,47.753],[-0.585,47.758],[-0.611,47.736],[-0.628,47.738],[-0.652,47.734],[-0.662,47.736],[-0.669,47.741],[-0.684,47.739],[-0.71,47.745],[-0.716,47.741],[-0.728,47.743],[-0.742,47.738],[-0.743,47.742],[-0.747,47.739],[-0.756,47.744],[-0.755,47.749],[-0.759,47.754],[-0.765,47.755],[-0.783,47.75],[-0.789,47.754],[-0.788,47.758],[-0.79,47.761],[-0.801,47.763],[-0.802,47.766],[-0.811,47.764],[-0.816,47.771],[-0.84,47.768],[-0.839,47.752],[-0.881,47.764],[-0.893,47.764],[-0.895,47.774],[-0.909,47.782],[-0.919,47.784],[-0.932,47.793],[-0.93,47.788],[-0.935,47.786],[-0.952,47.797],[-0.961,47.796],[-0.971,47.786],[-0.971,47.783],[-0.967,47.779],[-0.955,47.779],[-0.952,47.767],[-0.975,47.766],[-0.98,47.761],[-1,47.764],[-1.007,47.766],[-1.006,47.768],[-1.013,47.767],[-1.014,47.769],[-1.023,47.773],[-1.019,47.778],[-1.022,47.778],[-1.028,47.776],[-1.025,47.775],[-1.026,47.773],[-1.034,47.77],[-1.047,47.774],[-1.081,47.775],[-1.093,47.782],[-1.125,47.784],[-1.14,47.782],[-1.137,47.775],[-1.144,47.774],[-1.153,47.778],[-1.171,47.779],[-1.171,47.783],[-1.193,47.786],[-1.197,47.795],[-1.211,47.797],[-1.21,47.799],[-1.214,47.803],[-1.238,47.81],[-1.233,47.817],[-1.236,47.818],[-1.232,47.82],[-1.223,47.819],[-1.22,47.821],[-1.222,47.826],[-1.216,47.831],[-1.214,47.845],[-1.223,47.852],[-1.216,47.857],[-1.204,47.858],[-1.198,47.864],[-1.189,47.867],[-1.192,47.875],[-1.197,47.878],[-1.197,47.889],[-1.182,47.892],[-1.176,47.897],[-1.177,47.908],[-1.176,47.912],[-1.168,47.917],[-1.163,47.928],[-1.167,47.936],[-1.16,47.939],[-1.162,47.952],[-1.159,47.954],[-1.161,47.959],[-1.155,47.966],[-1.125,47.972],[-1.128,47.976],[-1.124,47.98],[-1.128,47.981],[-1.125,47.987],[-1.103,47.989],[-1.086,47.987],[-1.072,47.982],[-1.064,47.985],[-1.05,47.984],[-1.038,47.991],[-1.021,47.995],[-1.02,48],[-1.016,48.004],[-1.019,48.004],[-1.018,48.013],[-1.035,48.034],[-1.03,48.036],[-1.027,48.04],[-1.03,48.044],[-1.026,48.046],[-1.034,48.052],[-1.027,48.065],[-1.022,48.068],[-1.041,48.078],[-1.05,48.09],[-1.052,48.105],[-1.055,48.109],[-1.054,48.117],[-1.059,48.126],[-1.06,48.15],[-1.064,48.16],[-1.074,48.159],[-1.073,48.166],[-1.078,48.169],[-1.075,48.172],[-1.08,48.175],[-1.077,48.194],[-1.074,48.2],[-1.087,48.209],[-1.081,48.22],[-1.084,48.221],[-1.086,48.231],[-1.092,48.233],[-1.09,48.239],[-1.099,48.249],[-1.099,48.26],[-1.102,48.263],[-1.1,48.268],[-1.094,48.273],[-1.091,48.289],[-1.084,48.293],[-1.082,48.298],[-1.059,48.312],[-1.054,48.321],[-1.045,48.328],[-1.06,48.349],[-1.059,48.359],[-1.055,48.364],[-1.059,48.367],[-1.065,48.367],[-1.053,48.381],[-1.054,48.384],[-1.069,48.406],[-1.08,48.414],[-1.077,48.422],[-1.084,48.434],[-1.08,48.444],[-1.065,48.451],[-1.067,48.461],[-1.064,48.467],[-1.066,48.47],[-1.071,48.469],[-1.071,48.473],[-1.075,48.477],[-1.073,48.482],[-1.079,48.482],[-1.07,48.486],[-1.079,48.49],[-1.076,48.495],[-1.077,48.502],[-1.067,48.504],[-1.07,48.508]],[[-0.741,47.742],[-0.74,47.74],[-0.743,47.742],[-0.741,47.742]]]]}},{"type":"Feature","properties":{"code":"54","nom":"Meurthe-et-Moselle"},"geometry":{"type":"MultiPolygon","coordinates":[[[[5.452,49.412],[5.461,49.414],[5.469,49.421],[5.472,49.42],[5.469,49.415],[5.471,49.413],[5.451,49.407],[5.452,49.412]]],[[[5.426,49.486],[5.435,49.491],[5.434,49.497],[5.442,49.504],[5.471,49.487],[5.46,49.488],[5.456,49.481],[5.441,49.487],[5.426,49.486]]],[[[5.471,49.497],[5.479,49.5],[5.484,49.507],[5.502,49.507],[5.541,49.515],[5.545,49.523],[5.556,49.529],[5.561,49.526],[5.571,49.528],[5.593,49.522],[5.602,49.516],[5.604,49.509],[5.611,49.506],[5.621,49.52],[5.616,49.527],[5.617,49.529],[5.633,49.54],[5.631,49.542],[5.644,49.547],[5.643,49.55],[5.661,49.554],[5.669,49.549],[5.69,49.546],[5.702,49.539],[5.719,49.54],[5.724,49.544],[5.733,49.545],[5.739,49.539],[5.747,49.539],[5.757,49.543],[5.756,49.556],[5.76,49.558],[5.758,49.561],[5.771,49.563],[5.792,49.552],[5.816,49.548],[5.817,49.546],[5.808,49.543],[5.817,49.537],[5.837,49.542],[5.846,49.53],[5.836,49.527],[5.835,49.523],[5.837,49.52],[5.849,49.514],[5.851,49.508],[5.869,49.499],[5.893,49.497],[5.892,49.494],[5.895,49.492],[5.899,49.483],[5.897,49.481],[5.906,49.486],[5.913,49.482],[5.93,49.485],[5.929,49.482],[5.941,49.476],[5.932,49.472],[5.939,49.466],[5.938,49.459],[5.943,49.451],[5.931,49.446],[5.942,49.43],[5.929,49.427],[5.917,49.416],[5.92,49.413],[5.912,49.408],[5.927,49.404],[5.933,49.396],[5.933,49.384],[5.936,49.379],[5.925,49.373],[5.935,49.369],[5.94,49.36],[5.956,49.362],[5.962,49.356],[5.96,49.351],[5.963,49.346],[5.978,49.345],[5.945,49.342],[5.941,49.335],[5.949,49.334],[5.95,49.328],[5.961,49.323],[5.964,49.319],[5.969,49.32],[5.985,49.305],[5.997,49.314],[6.004,49.312],[6.006,49.302],[6.002,49.297],[6.004,49.294],[6,49.278],[6,49.275],[6.01,49.272],[6.006,49.269],[6.011,49.266],[6.007,49.265],[6.009,49.263],[6.005,49.257],[6.011,49.261],[6.013,49.257],[6.021,49.257],[6.027,49.252],[6.032,49.251],[6.025,49.243],[6.03,49.231],[6.027,49.229],[6.021,49.229],[6.019,49.227],[6.023,49.224],[6.01,49.222],[5.998,49.212],[6,49.209],[5.996,49.207],[5.988,49.21],[5.984,49.207],[5.988,49.201],[5.981,49.202],[5.982,49.196],[5.979,49.195],[5.982,49.193],[5.981,49.187],[5.987,49.184],[6.007,49.184],[6.007,49.177],[6.013,49.178],[6.017,49.172],[6.033,49.165],[6.022,49.164],[6.01,49.153],[6.003,49.153],[6,49.156],[5.989,49.155],[5.997,49.149],[5.981,49.144],[5.986,49.139],[5.986,49.136],[5.993,49.133],[5.997,49.135],[5.993,49.128],[5.987,49.128],[6.003,49.116],[6.004,49.112],[5.997,49.108],[5.932,49.109],[5.925,49.092],[5.933,49.086],[5.941,49.086],[5.939,49.085],[5.943,49.079],[5.934,49.075],[5.936,49.07],[5.951,49.065],[5.953,49.054],[5.958,49.047],[5.967,49.047],[5.971,49.041],[5.987,49.044],[6.005,49.034],[6.015,49.037],[6.019,49.025],[6.022,49.022],[6.033,49.015],[6.045,49.014],[6.042,49.004],[6.047,48.995],[6.041,48.992],[6.045,48.988],[6.045,48.983],[6.039,48.983],[6.03,48.991],[6.032,48.984],[6.041,48.982],[6.046,48.977],[6.074,48.981],[6.069,48.972],[6.081,48.963],[6.105,48.97],[6.116,48.968],[6.113,48.963],[6.12,48.961],[6.118,48.958],[6.126,48.957],[6.123,48.949],[6.129,48.949],[6.13,48.946],[6.125,48.939],[6.132,48.935],[6.15,48.933],[6.15,48.939],[6.157,48.944],[6.167,48.942],[6.171,48.944],[6.174,48.943],[6.169,48.939],[6.177,48.935],[6.206,48.938],[6.206,48.94],[6.222,48.939],[6.226,48.937],[6.224,48.927],[6.235,48.929],[6.237,48.925],[6.241,48.926],[6.242,48.924],[6.252,48.927],[6.255,48.931],[6.271,48.933],[6.275,48.928],[6.288,48.928],[6.288,48.916],[6.311,48.921],[6.314,48.919],[6.31,48.912],[6.327,48.907],[6.328,48.904],[6.326,48.903],[6.328,48.9],[6.327,48.897],[6.309,48.892],[6.298,48.881],[6.31,48.878],[6.308,48.876],[6.311,48.873],[6.312,48.864],[6.308,48.862],[6.298,48.867],[6.295,48.859],[6.299,48.859],[6.299,48.852],[6.29,48.851],[6.284,48.846],[6.289,48.843],[6.301,48.84],[6.306,48.833],[6.321,48.838],[6.339,48.834],[6.338,48.827],[6.328,48.825],[6.317,48.831],[6.312,48.826],[6.304,48.827],[6.301,48.824],[6.307,48.821],[6.333,48.823],[6.333,48.815],[6.338,48.812],[6.355,48.813],[6.355,48.809],[6.349,48.808],[6.346,48.804],[6.356,48.795],[6.355,48.785],[6.358,48.779],[6.364,48.78],[6.371,48.785],[6.39,48.78],[6.396,48.775],[6.432,48.788],[6.444,48.779],[6.452,48.78],[6.454,48.766],[6.46,48.766],[6.465,48.77],[6.466,48.767],[6.472,48.765],[6.486,48.767],[6.512,48.754],[6.505,48.753],[6.505,48.747],[6.512,48.749],[6.516,48.752],[6.514,48.754],[6.535,48.749],[6.54,48.754],[6.562,48.756],[6.564,48.749],[6.574,48.739],[6.595,48.729],[6.599,48.716],[6.605,48.717],[6.627,48.713],[6.639,48.701],[6.646,48.706],[6.659,48.708],[6.665,48.703],[6.676,48.689],[6.67,48.687],[6.671,48.674],[6.667,48.671],[6.667,48.668],[6.677,48.673],[6.678,48.678],[6.686,48.682],[6.684,48.683],[6.686,48.684],[6.694,48.68],[6.695,48.677],[6.69,48.676],[6.692,48.673],[6.7,48.671],[6.704,48.675],[6.716,48.668],[6.721,48.67],[6.726,48.664],[6.734,48.663],[6.74,48.669],[6.75,48.666],[6.76,48.67],[6.762,48.668],[6.757,48.664],[6.764,48.652],[6.778,48.654],[6.774,48.648],[6.782,48.643],[6.811,48.647],[6.837,48.643],[6.844,48.626],[6.854,48.621],[6.867,48.62],[6.879,48.625],[6.893,48.625],[6.897,48.622],[6.91,48.62],[6.918,48.625],[6.92,48.634],[6.93,48.636],[6.935,48.633],[6.937,48.624],[6.945,48.619],[6.94,48.615],[6.951,48.611],[6.961,48.608],[6.986,48.613],[7,48.608],[7.01,48.612],[7.017,48.608],[7.017,48.604],[6.993,48.596],[6.995,48.594],[6.993,48.593],[7.009,48.588],[7.019,48.58],[7.034,48.58],[7.036,48.574],[7.043,48.572],[7.044,48.562],[7.053,48.558],[7.054,48.552],[7.084,48.545],[7.084,48.541],[7.056,48.539],[7.079,48.536],[7.064,48.523],[7.071,48.522],[7.081,48.513],[7.083,48.516],[7.097,48.515],[7.102,48.519],[7.11,48.514],[7.118,48.516],[7.117,48.513],[7.123,48.514],[7.117,48.512],[7.094,48.513],[7.078,48.507],[7.065,48.499],[7.024,48.491],[7.006,48.481],[6.994,48.482],[6.98,48.479],[6.951,48.462],[6.951,48.458],[6.932,48.446],[6.93,48.442],[6.922,48.439],[6.891,48.418],[6.878,48.417],[6.878,48.42],[6.871,48.42],[6.865,48.437],[6.855,48.433],[6.849,48.424],[6.828,48.417],[6.823,48.405],[6.81,48.396],[6.807,48.4],[6.794,48.403],[6.782,48.392],[6.789,48.403],[6.767,48.399],[6.765,48.405],[6.761,48.406],[6.765,48.412],[6.739,48.412],[6.736,48.417],[6.722,48.416],[6.714,48.423],[6.7,48.413],[6.669,48.426],[6.645,48.427],[6.648,48.434],[6.643,48.445],[6.636,48.449],[6.639,48.464],[6.635,48.471],[6.624,48.473],[6.606,48.466],[6.598,48.467],[6.595,48.463],[6.585,48.461],[6.574,48.443],[6.567,48.441],[6.568,48.433],[6.574,48.433],[6.584,48.417],[6.575,48.414],[6.567,48.421],[6.534,48.431],[6.521,48.427],[6.522,48.426],[6.501,48.414],[6.491,48.417],[6.471,48.409],[6.46,48.413],[6.457,48.418],[6.436,48.413],[6.422,48.407],[6.42,48.401],[6.417,48.401],[6.412,48.392],[6.404,48.391],[6.398,48.396],[6.389,48.391],[6.384,48.395],[6.393,48.409],[6.383,48.407],[6.384,48.41],[6.378,48.413],[6.381,48.415],[6.359,48.405],[6.331,48.405],[6.306,48.413],[6.307,48.418],[6.302,48.425],[6.304,48.426],[6.3,48.434],[6.295,48.435],[6.292,48.428],[6.283,48.43],[6.281,48.423],[6.27,48.426],[6.26,48.406],[6.244,48.405],[6.233,48.397],[6.232,48.4],[6.217,48.402],[6.208,48.398],[6.203,48.4],[6.191,48.395],[6.188,48.398],[6.178,48.398],[6.181,48.406],[6.185,48.408],[6.182,48.412],[6.177,48.409],[6.178,48.407],[6.174,48.406],[6.15,48.41],[6.147,48.404],[6.151,48.403],[6.151,48.396],[6.147,48.395],[6.154,48.387],[6.15,48.383],[6.152,48.381],[6.14,48.372],[6.142,48.37],[6.136,48.365],[6.132,48.363],[6.125,48.367],[6.12,48.362],[6.117,48.354],[6.103,48.355],[6.097,48.358],[6.098,48.362],[6.093,48.361],[6.094,48.364],[6.098,48.364],[6.099,48.369],[6.098,48.372],[6.092,48.374],[6.09,48.383],[6.086,48.383],[6.069,48.375],[6.07,48.373],[6.078,48.375],[6.08,48.367],[6.079,48.363],[6.071,48.36],[6.06,48.36],[6.051,48.366],[6.043,48.36],[6.039,48.36],[6.039,48.363],[6.025,48.357],[6.02,48.361],[6.014,48.36],[6.004,48.363],[6.006,48.358],[6.002,48.36],[5.98,48.349],[5.972,48.353],[5.959,48.35],[5.953,48.358],[5.956,48.367],[5.953,48.366],[5.949,48.369],[5.954,48.374],[5.945,48.376],[5.955,48.387],[5.951,48.395],[5.944,48.401],[5.934,48.403],[5.932,48.399],[5.935,48.396],[5.928,48.394],[5.919,48.405],[5.905,48.4],[5.912,48.406],[5.91,48.407],[5.912,48.41],[5.909,48.413],[5.911,48.416],[5.907,48.419],[5.915,48.428],[5.921,48.428],[5.919,48.425],[5.925,48.422],[5.931,48.434],[5.924,48.436],[5.898,48.436],[5.909,48.429],[5.895,48.405],[5.879,48.405],[5.874,48.401],[5.871,48.406],[5.855,48.409],[5.859,48.417],[5.877,48.429],[5.885,48.439],[5.899,48.447],[5.887,48.454],[5.887,48.46],[5.892,48.464],[5.886,48.469],[5.904,48.48],[5.904,48.483],[5.899,48.485],[5.906,48.495],[5.888,48.494],[5.87,48.5],[5.862,48.507],[5.848,48.504],[5.846,48.507],[5.838,48.505],[5.837,48.501],[5.826,48.497],[5.811,48.498],[5.805,48.493],[5.79,48.488],[5.787,48.483],[5.776,48.487],[5.765,48.496],[5.766,48.505],[5.762,48.512],[5.761,48.524],[5.767,48.536],[5.774,48.536],[5.776,48.541],[5.746,48.552],[5.73,48.553],[5.716,48.561],[5.713,48.577],[5.715,48.589],[5.745,48.598],[5.752,48.606],[5.763,48.61],[5.79,48.607],[5.798,48.613],[5.797,48.616],[5.803,48.625],[5.793,48.629],[5.772,48.62],[5.765,48.619],[5.758,48.621],[5.761,48.632],[5.75,48.644],[5.748,48.651],[5.743,48.653],[5.749,48.667],[5.745,48.671],[5.747,48.677],[5.754,48.684],[5.758,48.696],[5.765,48.701],[5.753,48.708],[5.755,48.714],[5.742,48.715],[5.746,48.717],[5.719,48.733],[5.726,48.737],[5.714,48.745],[5.726,48.753],[5.732,48.749],[5.739,48.755],[5.742,48.753],[5.745,48.759],[5.734,48.761],[5.736,48.77],[5.768,48.79],[5.776,48.79],[5.778,48.799],[5.762,48.794],[5.757,48.8],[5.769,48.804],[5.776,48.815],[5.773,48.822],[5.78,48.824],[5.782,48.832],[5.778,48.837],[5.778,48.844],[5.773,48.851],[5.777,48.855],[5.768,48.861],[5.769,48.867],[5.764,48.873],[5.787,48.878],[5.791,48.887],[5.767,48.897],[5.765,48.902],[5.757,48.909],[5.758,48.913],[5.748,48.915],[5.748,48.917],[5.755,48.923],[5.779,48.925],[5.784,48.929],[5.777,48.932],[5.78,48.934],[5.787,48.933],[5.788,48.939],[5.8,48.947],[5.817,48.942],[5.83,48.944],[5.835,48.945],[5.836,48.952],[5.847,48.952],[5.85,48.959],[5.832,48.97],[5.834,48.976],[5.82,48.977],[5.817,48.978],[5.818,48.98],[5.801,48.986],[5.815,48.997],[5.817,49.002],[5.828,49.006],[5.815,49.008],[5.821,49.013],[5.82,49.02],[5.828,49.024],[5.831,49.033],[5.85,49.038],[5.854,49.042],[5.848,49.044],[5.836,49.055],[5.834,49.06],[5.836,49.066],[5.807,49.061],[5.805,49.065],[5.808,49.076],[5.811,49.077],[5.809,49.078],[5.813,49.083],[5.827,49.09],[5.818,49.095],[5.821,49.096],[5.816,49.103],[5.822,49.108],[5.817,49.111],[5.784,49.113],[5.777,49.112],[5.779,49.109],[5.773,49.105],[5.766,49.106],[5.757,49.112],[5.754,49.119],[5.748,49.121],[5.747,49.125],[5.755,49.128],[5.753,49.134],[5.772,49.139],[5.756,49.142],[5.76,49.153],[5.75,49.154],[5.745,49.157],[5.749,49.167],[5.755,49.172],[5.755,49.179],[5.766,49.198],[5.76,49.202],[5.731,49.194],[5.725,49.196],[5.723,49.199],[5.727,49.202],[5.721,49.209],[5.723,49.21],[5.719,49.216],[5.729,49.225],[5.739,49.227],[5.741,49.23],[5.721,49.248],[5.73,49.257],[5.723,49.264],[5.727,49.268],[5.725,49.269],[5.748,49.275],[5.748,49.277],[5.752,49.28],[5.761,49.279],[5.765,49.286],[5.764,49.288],[5.768,49.291],[5.765,49.295],[5.768,49.296],[5.766,49.301],[5.769,49.303],[5.763,49.317],[5.748,49.31],[5.737,49.312],[5.734,49.31],[5.728,49.318],[5.729,49.322],[5.723,49.322],[5.72,49.331],[5.738,49.34],[5.739,49.354],[5.732,49.361],[5.724,49.362],[5.721,49.365],[5.713,49.364],[5.711,49.366],[5.716,49.371],[5.714,49.375],[5.708,49.377],[5.708,49.384],[5.704,49.388],[5.687,49.394],[5.695,49.399],[5.692,49.402],[5.691,49.416],[5.681,49.414],[5.677,49.416],[5.675,49.422],[5.65,49.428],[5.646,49.43],[5.647,49.433],[5.637,49.434],[5.635,49.437],[5.632,49.437],[5.63,49.434],[5.616,49.43],[5.617,49.421],[5.614,49.422],[5.615,49.426],[5.606,49.42],[5.599,49.424],[5.584,49.418],[5.579,49.422],[5.57,49.423],[5.568,49.42],[5.554,49.419],[5.529,49.407],[5.506,49.406],[5.5,49.409],[5.494,49.404],[5.499,49.4],[5.495,49.391],[5.48,49.382],[5.474,49.389],[5.476,49.397],[5.466,49.395],[5.447,49.404],[5.457,49.404],[5.473,49.411],[5.476,49.404],[5.487,49.405],[5.497,49.408],[5.503,49.419],[5.508,49.421],[5.503,49.425],[5.49,49.422],[5.488,49.427],[5.48,49.425],[5.472,49.427],[5.48,49.432],[5.478,49.437],[5.481,49.444],[5.487,49.448],[5.466,49.45],[5.461,49.454],[5.471,49.461],[5.465,49.463],[5.469,49.465],[5.464,49.471],[5.469,49.481],[5.463,49.482],[5.474,49.483],[5.483,49.495],[5.471,49.497]]]]}},{"type":"Feature","properties":{"code":"55","nom":"Meuse"},"geometry":{"type":"MultiPolygon","coordinates":[[[[4.951,49.237],[4.961,49.241],[4.968,49.249],[4.999,49.259],[4.996,49.264],[5.026,49.274],[5.034,49.271],[5.051,49.274],[5.049,49.285],[5.059,49.29],[5.054,49.295],[5.04,49.295],[5.038,49.297],[5.042,49.298],[5.036,49.307],[5.025,49.31],[5.038,49.316],[5.027,49.327],[5.029,49.33],[5.026,49.333],[5.026,49.336],[5.034,49.34],[5.056,49.359],[5.057,49.361],[5.053,49.366],[5.061,49.372],[5.085,49.37],[5.101,49.378],[5.099,49.385],[5.104,49.39],[5.086,49.399],[5.09,49.401],[5.088,49.402],[5.077,49.403],[5.091,49.407],[5.097,49.414],[5.107,49.415],[5.115,49.419],[5.116,49.422],[5.105,49.426],[5.106,49.432],[5.1,49.441],[5.1,49.444],[5.109,49.447],[5.107,49.454],[5.111,49.458],[5.106,49.461],[5.095,49.46],[5.083,49.47],[5.084,49.484],[5.075,49.486],[5.067,49.497],[5.06,49.501],[5.062,49.507],[5.079,49.509],[5.086,49.52],[5.09,49.521],[5.091,49.526],[5.099,49.532],[5.098,49.534],[5.1,49.537],[5.09,49.535],[5.088,49.537],[5.091,49.54],[5.088,49.545],[5.094,49.55],[5.096,49.558],[5.108,49.555],[5.113,49.561],[5.108,49.562],[5.112,49.569],[5.11,49.57],[5.11,49.574],[5.105,49.576],[5.114,49.592],[5.144,49.591],[5.151,49.586],[5.153,49.577],[5.159,49.572],[5.163,49.563],[5.184,49.57],[5.198,49.567],[5.209,49.574],[5.236,49.569],[5.235,49.562],[5.254,49.556],[5.258,49.545],[5.263,49.542],[5.268,49.545],[5.276,49.544],[5.285,49.553],[5.312,49.559],[5.308,49.563],[5.317,49.567],[5.318,49.574],[5.329,49.58],[5.34,49.595],[5.351,49.588],[5.366,49.593],[5.378,49.593],[5.381,49.604],[5.394,49.617],[5.402,49.61],[5.411,49.608],[5.418,49.6],[5.429,49.596],[5.431,49.593],[5.429,49.587],[5.438,49.57],[5.457,49.567],[5.447,49.554],[5.441,49.552],[5.465,49.539],[5.467,49.526],[5.447,49.518],[5.454,49.513],[5.466,49.509],[5.465,49.499],[5.471,49.497],[5.483,49.495],[5.474,49.483],[5.463,49.482],[5.469,49.481],[5.464,49.471],[5.469,49.465],[5.465,49.463],[5.471,49.461],[5.461,49.454],[5.466,49.45],[5.487,49.448],[5.481,49.444],[5.478,49.437],[5.48,49.432],[5.472,49.427],[5.48,49.425],[5.488,49.427],[5.49,49.422],[5.503,49.425],[5.508,49.421],[5.503,49.419],[5.497,49.408],[5.487,49.405],[5.476,49.404],[5.473,49.411],[5.457,49.404],[5.447,49.404],[5.466,49.395],[5.476,49.397],[5.474,49.389],[5.48,49.382],[5.495,49.391],[5.499,49.4],[5.494,49.404],[5.5,49.409],[5.506,49.406],[5.529,49.407],[5.554,49.419],[5.568,49.42],[5.57,49.423],[5.579,49.422],[5.584,49.418],[5.599,49.424],[5.606,49.42],[5.615,49.426],[5.614,49.422],[5.617,49.421],[5.616,49.43],[5.63,49.434],[5.632,49.437],[5.635,49.437],[5.637,49.434],[5.647,49.433],[5.646,49.43],[5.65,49.428],[5.675,49.422],[5.677,49.416],[5.681,49.414],[5.691,49.416],[5.692,49.402],[5.695,49.399],[5.687,49.394],[5.704,49.388],[5.708,49.384],[5.708,49.377],[5.714,49.375],[5.716,49.371],[5.711,49.366],[5.713,49.364],[5.721,49.365],[5.724,49.362],[5.732,49.361],[5.739,49.354],[5.738,49.34],[5.72,49.331],[5.723,49.322],[5.729,49.322],[5.728,49.318],[5.734,49.31],[5.737,49.312],[5.748,49.31],[5.763,49.317],[5.769,49.303],[5.766,49.301],[5.768,49.296],[5.765,49.295],[5.768,49.291],[5.764,49.288],[5.765,49.286],[5.761,49.279],[5.752,49.28],[5.748,49.277],[5.748,49.275],[5.725,49.269],[5.727,49.268],[5.723,49.264],[5.73,49.257],[5.721,49.248],[5.741,49.23],[5.739,49.227],[5.729,49.225],[5.719,49.216],[5.723,49.21],[5.721,49.209],[5.727,49.202],[5.723,49.199],[5.725,49.196],[5.731,49.194],[5.76,49.202],[5.766,49.198],[5.755,49.179],[5.755,49.172],[5.749,49.167],[5.745,49.157],[5.75,49.154],[5.76,49.153],[5.756,49.142],[5.772,49.139],[5.753,49.134],[5.755,49.128],[5.747,49.125],[5.748,49.121],[5.754,49.119],[5.757,49.112],[5.766,49.106],[5.773,49.105],[5.779,49.109],[5.777,49.112],[5.784,49.113],[5.817,49.111],[5.822,49.108],[5.816,49.103],[5.821,49.096],[5.818,49.095],[5.827,49.09],[5.813,49.083],[5.809,49.078],[5.811,49.077],[5.808,49.076],[5.805,49.065],[5.807,49.061],[5.836,49.066],[5.834,49.06],[5.836,49.055],[5.848,49.044],[5.854,49.042],[5.85,49.038],[5.831,49.033],[5.828,49.024],[5.82,49.02],[5.821,49.013],[5.815,49.008],[5.828,49.006],[5.817,49.002],[5.815,48.997],[5.801,48.986],[5.818,48.98],[5.817,48.978],[5.82,48.977],[5.834,48.976],[5.832,48.97],[5.85,48.959],[5.847,48.952],[5.836,48.952],[5.835,48.945],[5.83,48.944],[5.817,48.942],[5.8,48.947],[5.788,48.939],[5.787,48.933],[5.78,48.934],[5.777,48.932],[5.784,48.929],[5.779,48.925],[5.755,48.923],[5.748,48.917],[5.748,48.915],[5.758,48.913],[5.757,48.909],[5.765,48.902],[5.767,48.897],[5.791,48.887],[5.787,48.878],[5.764,48.873],[5.769,48.867],[5.768,48.861],[5.777,48.855],[5.773,48.851],[5.778,48.844],[5.778,48.837],[5.782,48.832],[5.78,48.824],[5.773,48.822],[5.776,48.815],[5.769,48.804],[5.757,48.8],[5.762,48.794],[5.778,48.799],[5.776,48.79],[5.768,48.79],[5.736,48.77],[5.734,48.761],[5.745,48.759],[5.742,48.753],[5.739,48.755],[5.732,48.749],[5.726,48.753],[5.714,48.745],[5.726,48.737],[5.719,48.733],[5.746,48.717],[5.742,48.715],[5.755,48.714],[5.753,48.708],[5.765,48.701],[5.758,48.696],[5.754,48.684],[5.747,48.677],[5.745,48.671],[5.749,48.667],[5.743,48.653],[5.748,48.651],[5.75,48.644],[5.761,48.632],[5.758,48.621],[5.765,48.619],[5.772,48.62],[5.793,48.629],[5.803,48.625],[5.797,48.616],[5.798,48.613],[5.79,48.607],[5.763,48.61],[5.752,48.606],[5.745,48.598],[5.715,48.589],[5.713,48.577],[5.716,48.561],[5.73,48.553],[5.746,48.552],[5.776,48.541],[5.774,48.536],[5.767,48.536],[5.761,48.524],[5.762,48.512],[5.766,48.505],[5.765,48.496],[5.755,48.492],[5.749,48.477],[5.742,48.474],[5.743,48.472],[5.739,48.466],[5.719,48.46],[5.695,48.463],[5.691,48.467],[5.681,48.469],[5.683,48.47],[5.681,48.471],[5.656,48.472],[5.655,48.468],[5.642,48.472],[5.638,48.469],[5.653,48.459],[5.648,48.454],[5.631,48.451],[5.618,48.442],[5.622,48.426],[5.616,48.432],[5.615,48.441],[5.594,48.443],[5.58,48.439],[5.577,48.432],[5.568,48.433],[5.568,48.44],[5.561,48.441],[5.551,48.44],[5.543,48.434],[5.516,48.431],[5.509,48.417],[5.513,48.413],[5.512,48.41],[5.502,48.41],[5.497,48.415],[5.486,48.415],[5.47,48.421],[5.465,48.425],[5.459,48.422],[5.451,48.423],[5.445,48.425],[5.439,48.435],[5.433,48.432],[5.409,48.445],[5.403,48.454],[5.406,48.465],[5.398,48.474],[5.381,48.471],[5.368,48.477],[5.358,48.478],[5.347,48.484],[5.345,48.491],[5.328,48.503],[5.328,48.509],[5.317,48.508],[5.306,48.516],[5.296,48.508],[5.289,48.511],[5.286,48.515],[5.271,48.514],[5.263,48.52],[5.239,48.526],[5.227,48.532],[5.222,48.526],[5.212,48.529],[5.212,48.532],[5.207,48.536],[5.208,48.539],[5.195,48.538],[5.197,48.547],[5.173,48.556],[5.167,48.565],[5.146,48.56],[5.127,48.576],[5.125,48.582],[5.118,48.585],[5.121,48.593],[5.119,48.596],[5.096,48.593],[5.071,48.596],[5.064,48.611],[5.06,48.612],[5.057,48.632],[5.052,48.633],[5.033,48.614],[5.014,48.61],[5.001,48.614],[4.995,48.622],[4.999,48.624],[4.996,48.626],[5,48.627],[4.998,48.628],[5.006,48.633],[5.004,48.639],[4.995,48.646],[4.996,48.652],[4.993,48.658],[5.011,48.668],[5.009,48.669],[5.007,48.68],[4.988,48.684],[4.991,48.687],[4.991,48.693],[4.999,48.693],[5.006,48.699],[4.997,48.71],[5.002,48.711],[5.012,48.707],[5.016,48.71],[5.011,48.718],[5.005,48.72],[5.01,48.729],[5.006,48.735],[5.009,48.741],[4.99,48.742],[4.981,48.746],[4.978,48.753],[4.972,48.758],[4.965,48.759],[4.957,48.767],[4.95,48.769],[4.943,48.778],[4.935,48.783],[4.938,48.787],[4.933,48.791],[4.921,48.791],[4.921,48.793],[4.913,48.795],[4.895,48.796],[4.889,48.801],[4.897,48.809],[4.889,48.817],[4.915,48.835],[4.937,48.843],[4.937,48.848],[4.928,48.85],[4.93,48.856],[4.925,48.856],[4.921,48.861],[4.925,48.864],[4.912,48.869],[4.919,48.877],[4.92,48.885],[4.925,48.891],[4.912,48.898],[4.919,48.906],[4.934,48.913],[4.933,48.915],[4.938,48.918],[4.936,48.922],[4.951,48.931],[4.959,48.926],[4.967,48.929],[4.97,48.928],[4.987,48.932],[5,48.938],[5.014,48.937],[5.014,48.946],[5.022,48.947],[5.023,48.951],[5.031,48.954],[5.032,48.964],[5.039,48.974],[5.028,48.98],[5.017,48.978],[5.016,48.982],[5.008,48.979],[5.005,48.984],[4.994,48.984],[5.002,48.987],[5.001,48.99],[5.005,48.993],[5.018,48.996],[5.035,48.993],[5.031,49.006],[5.039,49.011],[5.037,49.018],[5.04,49.019],[5.035,49.019],[5.037,49.024],[5.01,49.035],[4.965,49.021],[5.004,49.053],[5.001,49.055],[5.006,49.06],[4.996,49.088],[4.997,49.107],[4.99,49.118],[4.971,49.137],[4.964,49.156],[4.952,49.174],[4.94,49.185],[4.96,49.197],[4.979,49.2],[4.993,49.21],[4.978,49.219],[4.971,49.236],[4.951,49.237]],[[5.452,49.412],[5.461,49.414],[5.469,49.421],[5.472,49.42],[5.469,49.415],[5.471,49.413],[5.451,49.407],[5.452,49.412]],[[5.426,49.486],[5.435,49.491],[5.434,49.497],[5.442,49.504],[5.471,49.487],[5.46,49.488],[5.456,49.481],[5.441,49.487],[5.426,49.486]]]]}},{"type":"Feature","properties":{"code":"56","nom":"Morbihan"},"geometry":{"type":"MultiPolygon","coordinates":[[[[-3.422,47.62],[-3.439,47.629],[-3.447,47.623],[-3.463,47.62],[-3.474,47.627],[-3.487,47.629],[-3.483,47.633],[-3.493,47.632],[-3.515,47.647],[-3.512,47.651],[-3.494,47.653],[-3.466,47.649],[-3.447,47.643],[-3.43,47.643],[-3.415,47.632],[-3.422,47.62]]],[[[-2.997,47.393],[-2.999,47.395],[-2.996,47.395],[-2.997,47.393]]],[[[-2.969,47.356],[-2.973,47.358],[-2.969,47.358],[-2.969,47.356]]],[[[-2.884,47.343],[-2.876,47.343],[-2.863,47.349],[-2.861,47.341],[-2.864,47.337],[-2.875,47.335],[-2.882,47.33],[-2.882,47.333],[-2.885,47.332],[-2.891,47.338],[-2.887,47.341],[-2.892,47.347],[-2.884,47.343]]],[[[-3.235,47.324],[-3.237,47.328],[-3.249,47.331],[-3.249,47.336],[-3.252,47.335],[-3.257,47.345],[-3.255,47.348],[-3.264,47.352],[-3.259,47.358],[-3.263,47.362],[-3.259,47.369],[-3.262,47.372],[-3.256,47.373],[-3.247,47.371],[-3.253,47.375],[-3.249,47.379],[-3.25,47.384],[-3.247,47.388],[-3.235,47.379],[-3.22,47.38],[-3.218,47.378],[-3.219,47.371],[-3.216,47.374],[-3.206,47.371],[-3.201,47.372],[-3.19,47.364],[-3.172,47.361],[-3.157,47.365],[-3.153,47.348],[-3.145,47.343],[-3.146,47.335],[-3.139,47.329],[-3.124,47.329],[-3.124,47.325],[-3.113,47.324],[-3.111,47.319],[-3.101,47.316],[-3.067,47.317],[-3.056,47.308],[-3.065,47.307],[-3.068,47.296],[-3.075,47.293],[-3.076,47.286],[-3.087,47.283],[-3.092,47.278],[-3.096,47.279],[-3.095,47.283],[-3.121,47.29],[-3.14,47.286],[-3.142,47.288],[-3.139,47.29],[-3.152,47.294],[-3.158,47.292],[-3.161,47.296],[-3.167,47.298],[-3.168,47.302],[-3.175,47.302],[-3.182,47.299],[-3.182,47.296],[-3.193,47.294],[-3.2,47.295],[-3.203,47.299],[-3.206,47.294],[-3.212,47.295],[-3.218,47.292],[-3.225,47.296],[-3.223,47.3],[-3.236,47.301],[-3.241,47.306],[-3.238,47.308],[-3.244,47.309],[-3.248,47.314],[-3.25,47.317],[-3.244,47.317],[-3.244,47.32],[-3.238,47.325],[-3.235,47.324]]],[[[-2.948,47.373],[-2.957,47.378],[-2.959,47.384],[-2.974,47.385],[-2.986,47.394],[-2.994,47.393],[-2.992,47.397],[-2.994,47.399],[-2.99,47.402],[-2.989,47.399],[-2.982,47.4],[-2.971,47.394],[-2.959,47.394],[-2.955,47.391],[-2.939,47.395],[-2.953,47.385],[-2.948,47.373]]],[[[-3.251,47.386],[-3.253,47.389],[-3.249,47.389],[-3.251,47.386]]],[[[-2.86,47.56],[-2.862,47.57],[-2.857,47.58],[-2.857,47.59],[-2.851,47.599],[-2.855,47.6],[-2.849,47.598],[-2.839,47.607],[-2.837,47.606],[-2.842,47.597],[-2.841,47.594],[-2.832,47.593],[-2.824,47.589],[-2.832,47.59],[-2.837,47.587],[-2.847,47.59],[-2.852,47.584],[-2.851,47.578],[-2.856,47.573],[-2.849,47.566],[-2.858,47.566],[-2.86,47.56]]],[[[-2.81,47.578],[-2.813,47.579],[-2.814,47.584],[-2.805,47.587],[-2.813,47.591],[-2.796,47.599],[-2.796,47.604],[-2.793,47.606],[-2.794,47.602],[-2.788,47.6],[-2.787,47.595],[-2.799,47.59],[-2.804,47.582],[-2.81,47.578]]],[[[-2.727,47.573],[-2.739,47.584],[-2.727,47.58],[-2.724,47.576],[-2.727,47.573]]],[[[-2.786,47.568],[-2.795,47.571],[-2.793,47.579],[-2.786,47.575],[-2.789,47.571],[-2.786,47.568]]],[[[-2.753,47.602],[-2.76,47.606],[-2.77,47.606],[-2.771,47.61],[-2.755,47.607],[-2.753,47.602]]],[[[-2.777,47.586],[-2.783,47.591],[-2.786,47.59],[-2.775,47.596],[-2.777,47.586]]],[[[-2.909,47.567],[-2.91,47.578],[-2.906,47.569],[-2.909,47.567]]],[[[-2.899,47.571],[-2.901,47.572],[-2.896,47.576],[-2.896,47.573],[-2.899,47.571]]],[[[-2.726,47.591],[-2.729,47.593],[-2.728,47.595],[-2.723,47.593],[-2.726,47.591]]],[[[-2.889,47.565],[-2.889,47.572],[-2.887,47.571],[-2.886,47.569],[-2.889,47.565]]],[[[-2.788,47.561],[-2.795,47.565],[-2.787,47.563],[-2.788,47.561]]],[[[-2.774,47.613],[-2.784,47.616],[-2.775,47.615],[-2.774,47.613]]],[[[-2.847,47.61],[-2.852,47.612],[-2.848,47.612],[-2.847,47.61]]],[[[-2.928,47.577],[-2.931,47.581],[-2.926,47.579],[-2.928,47.577]]],[[[-2.809,47.594],[-2.812,47.599],[-2.808,47.596],[-2.809,47.594]]],[[[-2.805,47.561],[-2.807,47.566],[-2.803,47.563],[-2.805,47.561]]],[[[-2.83,47.557],[-2.833,47.559],[-2.831,47.56],[-2.829,47.558],[-2.83,47.557]]],[[[-2.849,47.56],[-2.85,47.563],[-2.847,47.561],[-2.849,47.56]]],[[[-2.93,47.584],[-2.933,47.585],[-2.929,47.586],[-2.93,47.584]]],[[[-2.805,47.607],[-2.806,47.609],[-2.801,47.609],[-2.805,47.607]]],[[[-2.748,47.575],[-2.75,47.576],[-2.746,47.576],[-2.748,47.575]]],[[[-2.763,47.59],[-2.765,47.592],[-2.762,47.592],[-2.763,47.59]]],[[[-2.724,47.598],[-2.726,47.6],[-2.723,47.6],[-2.724,47.598]]],[[[-3.16,47.719],[-3.156,47.72],[-3.159,47.707],[-3.164,47.719],[-3.16,47.719]]],[[[-3.17,47.685],[-3.173,47.688],[-3.17,47.689],[-3.17,47.685]]],[[[-3.178,47.686],[-3.18,47.687],[-3.178,47.69],[-3.178,47.686]]],[[[-3.565,48.186],[-3.556,48.18],[-3.536,48.178],[-3.502,48.181],[-3.479,48.186],[-3.47,48.178],[-3.463,48.181],[-3.453,48.177],[-3.444,48.181],[-3.444,48.185],[-3.438,48.184],[-3.421,48.174],[-3.422,48.172],[-3.428,48.17],[-3.438,48.163],[-3.437,48.155],[-3.418,48.146],[-3.408,48.149],[-3.402,48.157],[-3.397,48.156],[-3.394,48.152],[-3.375,48.161],[-3.376,48.164],[-3.35,48.165],[-3.344,48.171],[-3.338,48.171],[-3.333,48.165],[-3.324,48.161],[-3.325,48.15],[-3.321,48.149],[-3.318,48.149],[-3.316,48.155],[-3.307,48.156],[-3.297,48.154],[-3.297,48.151],[-3.291,48.153],[-3.293,48.15],[-3.289,48.15],[-3.283,48.142],[-3.275,48.144],[-3.272,48.14],[-3.268,48.145],[-3.259,48.143],[-3.257,48.148],[-3.241,48.152],[-3.234,48.15],[-3.233,48.147],[-3.229,48.15],[-3.213,48.143],[-3.211,48.144],[-3.215,48.148],[-3.214,48.154],[-3.208,48.154],[-3.205,48.16],[-3.192,48.165],[-3.175,48.159],[-3.158,48.168],[-3.155,48.158],[-3.139,48.164],[-3.14,48.167],[-3.135,48.168],[-3.13,48.177],[-3.137,48.184],[-3.137,48.19],[-3.131,48.196],[-3.13,48.2],[-3.12,48.2],[-3.117,48.206],[-3.112,48.205],[-3.109,48.208],[-3.09,48.202],[-3.086,48.204],[-3.085,48.209],[-3.078,48.211],[-3.069,48.205],[-3.056,48.207],[-3.048,48.203],[-3.037,48.204],[-3.029,48.196],[-3.015,48.198],[-3.02,48.192],[-3.013,48.185],[-3.012,48.172],[-2.996,48.171],[-3,48.165],[-3,48.161],[-2.982,48.16],[-2.961,48.17],[-2.94,48.172],[-2.932,48.168],[-2.903,48.163],[-2.891,48.165],[-2.882,48.156],[-2.882,48.153],[-2.853,48.142],[-2.844,48.14],[-2.818,48.147],[-2.808,48.146],[-2.804,48.145],[-2.806,48.141],[-2.789,48.131],[-2.789,48.124],[-2.782,48.121],[-2.784,48.111],[-2.777,48.104],[-2.779,48.099],[-2.774,48.096],[-2.777,48.094],[-2.778,48.09],[-2.773,48.086],[-2.76,48.098],[-2.755,48.115],[-2.745,48.113],[-2.724,48.117],[-2.725,48.114],[-2.704,48.112],[-2.702,48.119],[-2.676,48.132],[-2.661,48.131],[-2.662,48.128],[-2.652,48.119],[-2.657,48.115],[-2.652,48.112],[-2.652,48.107],[-2.657,48.107],[-2.65,48.098],[-2.657,48.093],[-2.654,48.088],[-2.656,48.084],[-2.662,48.082],[-2.665,48.069],[-2.673,48.063],[-2.666,48.056],[-2.67,48.048],[-2.665,48.044],[-2.659,48.045],[-2.657,48.042],[-2.661,48.038],[-2.656,48.033],[-2.654,48.038],[-2.649,48.038],[-2.645,48.042],[-2.645,48.035],[-2.641,48.035],[-2.636,48.038],[-2.628,48.034],[-2.591,48.056],[-2.577,48.071],[-2.565,48.067],[-2.562,48.068],[-2.564,48.071],[-2.561,48.074],[-2.548,48.077],[-2.552,48.081],[-2.549,48.087],[-2.552,48.092],[-2.548,48.094],[-2.554,48.095],[-2.554,48.098],[-2.533,48.109],[-2.514,48.132],[-2.517,48.142],[-2.532,48.15],[-2.535,48.156],[-2.532,48.158],[-2.509,48.16],[-2.488,48.155],[-2.484,48.157],[-2.489,48.16],[-2.488,48.166],[-2.479,48.167],[-2.472,48.16],[-2.469,48.163],[-2.453,48.164],[-2.454,48.169],[-2.449,48.173],[-2.418,48.173],[-2.406,48.168],[-2.399,48.154],[-2.374,48.14],[-2.375,48.127],[-2.366,48.116],[-2.358,48.111],[-2.349,48.127],[-2.338,48.125],[-2.337,48.119],[-2.321,48.123],[-2.324,48.125],[-2.32,48.128],[-2.321,48.133],[-2.316,48.136],[-2.296,48.135],[-2.296,48.132],[-2.287,48.134],[-2.255,48.109],[-2.256,48.097],[-2.252,48.094],[-2.253,48.088],[-2.248,48.085],[-2.258,48.073],[-2.256,48.063],[-2.234,48.063],[-2.233,48.069],[-2.236,48.076],[-2.22,48.081],[-2.181,48.083],[-2.168,48.076],[-2.172,48.073],[-2.17,48.063],[-2.181,48.057],[-2.188,48.057],[-2.189,48.052],[-2.225,48.051],[-2.242,48.053],[-2.261,48.042],[-2.28,48.026],[-2.283,48.018],[-2.276,48.01],[-2.282,48.003],[-2.29,48.001],[-2.288,47.992],[-2.239,48],[-2.226,47.995],[-2.224,47.996],[-2.216,47.993],[-2.211,47.995],[-2.191,47.991],[-2.188,47.989],[-2.187,47.983],[-2.178,47.98],[-2.144,47.984],[-2.137,47.979],[-2.125,47.965],[-2.111,47.96],[-2.11,47.953],[-2.1,47.948],[-2.098,47.943],[-2.102,47.939],[-2.098,47.933],[-2.093,47.932],[-2.079,47.919],[-2.086,47.914],[-2.082,47.909],[-2.087,47.904],[-2.101,47.9],[-2.106,47.902],[-2.101,47.896],[-2.106,47.893],[-2.112,47.895],[-2.116,47.89],[-2.114,47.886],[-2.117,47.881],[-2.114,47.877],[-2.096,47.862],[-2.104,47.859],[-2.105,47.852],[-2.109,47.849],[-2.102,47.844],[-2.091,47.843],[-2.069,47.852],[-2.064,47.86],[-2.055,47.869],[-2.051,47.861],[-2.051,47.857],[-2.054,47.854],[-2.05,47.844],[-2.052,47.841],[-2.048,47.836],[-2.036,47.833],[-2.046,47.823],[-2.047,47.818],[-2.07,47.811],[-2.069,47.802],[-2.074,47.789],[-2.08,47.789],[-2.095,47.779],[-2.11,47.779],[-2.11,47.771],[-2.124,47.771],[-2.128,47.769],[-2.128,47.762],[-2.126,47.761],[-2.085,47.763],[-2.084,47.75],[-2.062,47.751],[-2.058,47.742],[-2.059,47.738],[-2.109,47.737],[-2.107,47.732],[-2.131,47.722],[-2.119,47.709],[-2.125,47.691],[-2.122,47.688],[-2.123,47.683],[-2.104,47.676],[-2.103,47.667],[-2.112,47.655],[-2.114,47.648],[-2.102,47.644],[-2.096,47.647],[-2.094,47.64],[-2.105,47.638],[-2.097,47.631],[-2.086,47.623],[-2.084,47.611],[-2.086,47.604],[-2.102,47.596],[-2.104,47.591],[-2.1,47.581],[-2.105,47.578],[-2.105,47.575],[-2.101,47.577],[-2.097,47.571],[-2.105,47.547],[-2.097,47.54],[-2.099,47.534],[-2.118,47.528],[-2.132,47.531],[-2.133,47.527],[-2.156,47.522],[-2.153,47.511],[-2.154,47.496],[-2.165,47.489],[-2.172,47.492],[-2.181,47.491],[-2.192,47.497],[-2.192,47.501],[-2.184,47.502],[-2.187,47.507],[-2.185,47.512],[-2.216,47.508],[-2.229,47.499],[-2.244,47.494],[-2.266,47.502],[-2.256,47.506],[-2.255,47.512],[-2.261,47.514],[-2.266,47.51],[-2.275,47.513],[-2.281,47.51],[-2.287,47.515],[-2.29,47.514],[-2.296,47.516],[-2.301,47.496],[-2.313,47.486],[-2.314,47.476],[-2.312,47.465],[-2.317,47.461],[-2.35,47.458],[-2.353,47.455],[-2.368,47.464],[-2.4,47.456],[-2.417,47.461],[-2.418,47.467],[-2.423,47.469],[-2.419,47.473],[-2.423,47.477],[-2.43,47.476],[-2.438,47.466],[-2.453,47.462],[-2.453,47.455],[-2.458,47.448],[-2.468,47.45],[-2.472,47.446],[-2.479,47.445],[-2.481,47.441],[-2.493,47.448],[-2.494,47.453],[-2.501,47.458],[-2.494,47.461],[-2.495,47.466],[-2.49,47.466],[-2.488,47.471],[-2.5,47.485],[-2.501,47.493],[-2.494,47.497],[-2.481,47.495],[-2.473,47.491],[-2.476,47.489],[-2.467,47.483],[-2.457,47.486],[-2.458,47.489],[-2.447,47.495],[-2.422,47.493],[-2.421,47.495],[-2.441,47.496],[-2.446,47.502],[-2.466,47.512],[-2.497,47.518],[-2.503,47.515],[-2.504,47.517],[-2.501,47.518],[-2.505,47.523],[-2.521,47.527],[-2.535,47.524],[-2.534,47.528],[-2.538,47.527],[-2.538,47.524],[-2.544,47.523],[-2.545,47.518],[-2.553,47.513],[-2.595,47.518],[-2.606,47.515],[-2.608,47.509],[-2.632,47.505],[-2.634,47.507],[-2.629,47.507],[-2.624,47.514],[-2.617,47.515],[-2.617,47.51],[-2.612,47.509],[-2.612,47.515],[-2.606,47.517],[-2.613,47.523],[-2.609,47.527],[-2.603,47.528],[-2.605,47.525],[-2.603,47.524],[-2.576,47.522],[-2.574,47.524],[-2.587,47.526],[-2.588,47.53],[-2.581,47.531],[-2.581,47.534],[-2.574,47.531],[-2.567,47.533],[-2.566,47.535],[-2.57,47.533],[-2.582,47.536],[-2.577,47.54],[-2.575,47.546],[-2.564,47.547],[-2.559,47.552],[-2.569,47.554],[-2.569,47.556],[-2.573,47.555],[-2.578,47.55],[-2.581,47.554],[-2.574,47.559],[-2.587,47.564],[-2.587,47.553],[-2.583,47.552],[-2.583,47.543],[-2.589,47.54],[-2.596,47.543],[-2.597,47.541],[-2.591,47.537],[-2.604,47.531],[-2.608,47.534],[-2.606,47.537],[-2.611,47.537],[-2.613,47.539],[-2.612,47.541],[-2.618,47.544],[-2.615,47.548],[-2.619,47.552],[-2.617,47.558],[-2.609,47.566],[-2.611,47.568],[-2.616,47.561],[-2.62,47.561],[-2.619,47.554],[-2.623,47.551],[-2.619,47.548],[-2.623,47.546],[-2.624,47.55],[-2.629,47.549],[-2.616,47.537],[-2.625,47.535],[-2.621,47.533],[-2.626,47.531],[-2.627,47.534],[-2.634,47.534],[-2.633,47.536],[-2.646,47.537],[-2.645,47.54],[-2.65,47.538],[-2.654,47.543],[-2.659,47.543],[-2.659,47.55],[-2.664,47.549],[-2.662,47.545],[-2.67,47.543],[-2.664,47.539],[-2.671,47.537],[-2.667,47.533],[-2.664,47.536],[-2.656,47.537],[-2.656,47.534],[-2.651,47.534],[-2.652,47.531],[-2.656,47.532],[-2.652,47.529],[-2.637,47.53],[-2.632,47.53],[-2.63,47.526],[-2.622,47.527],[-2.621,47.525],[-2.624,47.523],[-2.623,47.52],[-2.629,47.517],[-2.631,47.518],[-2.627,47.521],[-2.628,47.524],[-2.636,47.523],[-2.636,47.518],[-2.64,47.516],[-2.664,47.519],[-2.668,47.512],[-2.666,47.509],[-2.681,47.497],[-2.675,47.492],[-2.696,47.501],[-2.72,47.506],[-2.736,47.505],[-2.74,47.5],[-2.756,47.497],[-2.779,47.496],[-2.787,47.492],[-2.786,47.489],[-2.792,47.489],[-2.794,47.484],[-2.807,47.489],[-2.815,47.487],[-2.844,47.496],[-2.85,47.499],[-2.848,47.512],[-2.855,47.518],[-2.847,47.519],[-2.858,47.519],[-2.861,47.524],[-2.872,47.532],[-2.887,47.538],[-2.896,47.538],[-2.897,47.535],[-2.904,47.534],[-2.905,47.538],[-2.893,47.544],[-2.913,47.542],[-2.913,47.546],[-2.92,47.548],[-2.909,47.55],[-2.91,47.553],[-2.914,47.554],[-2.914,47.557],[-2.911,47.557],[-2.908,47.563],[-2.903,47.56],[-2.897,47.563],[-2.894,47.555],[-2.891,47.562],[-2.885,47.557],[-2.883,47.558],[-2.883,47.563],[-2.879,47.564],[-2.878,47.555],[-2.869,47.557],[-2.874,47.547],[-2.872,47.546],[-2.869,47.551],[-2.863,47.553],[-2.858,47.551],[-2.858,47.545],[-2.862,47.542],[-2.853,47.537],[-2.845,47.54],[-2.853,47.542],[-2.851,47.547],[-2.839,47.544],[-2.827,47.55],[-2.826,47.549],[-2.83,47.546],[-2.827,47.537],[-2.824,47.536],[-2.827,47.539],[-2.826,47.543],[-2.818,47.543],[-2.824,47.557],[-2.814,47.553],[-2.807,47.556],[-2.805,47.548],[-2.808,47.544],[-2.8,47.537],[-2.797,47.542],[-2.8,47.547],[-2.788,47.553],[-2.783,47.546],[-2.777,47.548],[-2.779,47.539],[-2.765,47.539],[-2.769,47.542],[-2.767,47.543],[-2.764,47.539],[-2.768,47.536],[-2.751,47.538],[-2.743,47.544],[-2.74,47.54],[-2.735,47.541],[-2.731,47.542],[-2.729,47.548],[-2.735,47.553],[-2.73,47.556],[-2.726,47.566],[-2.718,47.568],[-2.718,47.572],[-2.714,47.579],[-2.719,47.584],[-2.719,47.587],[-2.712,47.588],[-2.716,47.583],[-2.713,47.58],[-2.708,47.581],[-2.711,47.576],[-2.705,47.579],[-2.708,47.583],[-2.706,47.587],[-2.703,47.587],[-2.704,47.589],[-2.699,47.59],[-2.696,47.584],[-2.695,47.591],[-2.689,47.591],[-2.691,47.605],[-2.684,47.605],[-2.688,47.611],[-2.686,47.616],[-2.689,47.619],[-2.689,47.623],[-2.695,47.625],[-2.687,47.631],[-2.696,47.629],[-2.703,47.632],[-2.69,47.637],[-2.694,47.639],[-2.7,47.637],[-2.712,47.648],[-2.709,47.643],[-2.71,47.639],[-2.707,47.635],[-2.713,47.635],[-2.716,47.631],[-2.713,47.628],[-2.709,47.629],[-2.71,47.626],[-2.703,47.625],[-2.703,47.623],[-2.711,47.622],[-2.713,47.626],[-2.717,47.62],[-2.707,47.62],[-2.702,47.617],[-2.701,47.618],[-2.696,47.61],[-2.702,47.607],[-2.709,47.617],[-2.717,47.614],[-2.71,47.61],[-2.713,47.602],[-2.709,47.6],[-2.703,47.603],[-2.713,47.596],[-2.711,47.593],[-2.721,47.59],[-2.718,47.599],[-2.721,47.603],[-2.73,47.602],[-2.731,47.605],[-2.738,47.605],[-2.732,47.599],[-2.758,47.615],[-2.764,47.614],[-2.778,47.619],[-2.78,47.623],[-2.775,47.625],[-2.764,47.623],[-2.756,47.618],[-2.746,47.619],[-2.743,47.614],[-2.734,47.613],[-2.732,47.615],[-2.743,47.622],[-2.742,47.627],[-2.747,47.627],[-2.748,47.621],[-2.751,47.622],[-2.757,47.63],[-2.755,47.638],[-2.762,47.639],[-2.765,47.631],[-2.78,47.632],[-2.778,47.628],[-2.789,47.637],[-2.785,47.639],[-2.785,47.642],[-2.789,47.64],[-2.794,47.645],[-2.791,47.64],[-2.794,47.637],[-2.793,47.634],[-2.78,47.627],[-2.783,47.621],[-2.802,47.618],[-2.812,47.622],[-2.834,47.613],[-2.83,47.619],[-2.833,47.62],[-2.84,47.617],[-2.863,47.622],[-2.867,47.617],[-2.859,47.618],[-2.856,47.613],[-2.868,47.607],[-2.859,47.601],[-2.864,47.597],[-2.885,47.604],[-2.89,47.603],[-2.891,47.585],[-2.885,47.579],[-2.89,47.574],[-2.892,47.577],[-2.89,47.58],[-2.896,47.585],[-2.905,47.582],[-2.909,47.584],[-2.904,47.587],[-2.908,47.592],[-2.915,47.591],[-2.918,47.582],[-2.926,47.586],[-2.927,47.591],[-2.92,47.589],[-2.917,47.596],[-2.918,47.603],[-2.927,47.592],[-2.927,47.601],[-2.933,47.606],[-2.931,47.601],[-2.937,47.597],[-2.934,47.587],[-2.937,47.586],[-2.943,47.602],[-2.951,47.61],[-2.947,47.613],[-2.949,47.621],[-2.944,47.625],[-2.936,47.626],[-2.943,47.629],[-2.959,47.627],[-2.959,47.634],[-2.962,47.635],[-2.958,47.639],[-2.969,47.639],[-2.964,47.646],[-2.978,47.659],[-2.978,47.657],[-2.981,47.656],[-2.976,47.646],[-2.971,47.645],[-2.972,47.635],[-2.97,47.633],[-2.964,47.634],[-2.961,47.631],[-2.96,47.624],[-2.956,47.62],[-2.957,47.618],[-2.954,47.612],[-2.961,47.615],[-2.966,47.611],[-2.963,47.608],[-2.972,47.608],[-2.964,47.601],[-2.96,47.601],[-2.962,47.598],[-2.959,47.599],[-2.954,47.597],[-2.965,47.589],[-2.97,47.588],[-2.963,47.588],[-2.96,47.581],[-2.948,47.579],[-2.946,47.571],[-2.938,47.568],[-2.937,47.561],[-2.927,47.557],[-2.939,47.554],[-2.952,47.556],[-2.951,47.559],[-2.958,47.564],[-2.958,47.559],[-2.964,47.557],[-2.963,47.553],[-2.976,47.559],[-2.977,47.563],[-2.969,47.559],[-2.975,47.569],[-2.97,47.568],[-2.972,47.572],[-2.977,47.575],[-2.977,47.577],[-2.986,47.577],[-2.992,47.58],[-2.991,47.584],[-2.994,47.591],[-2.998,47.59],[-2.998,47.585],[-2.989,47.567],[-2.995,47.572],[-2.998,47.571],[-2.997,47.566],[-3.004,47.566],[-3.011,47.573],[-3.013,47.58],[-3.025,47.592],[-3.028,47.589],[-3.019,47.567],[-3.025,47.568],[-3.034,47.577],[-3.035,47.582],[-3.045,47.587],[-3.043,47.579],[-3.052,47.578],[-3.054,47.569],[-3.066,47.572],[-3.095,47.564],[-3.098,47.569],[-3.107,47.575],[-3.105,47.578],[-3.097,47.578],[-3.092,47.574],[-3.092,47.579],[-3.105,47.581],[-3.104,47.584],[-3.113,47.587],[-3.127,47.598],[-3.131,47.596],[-3.126,47.593],[-3.13,47.589],[-3.129,47.575],[-3.125,47.573],[-3.116,47.575],[-3.127,47.564],[-3.129,47.551],[-3.133,47.547],[-3.131,47.538],[-3.133,47.532],[-3.128,47.526],[-3.13,47.522],[-3.126,47.52],[-3.126,47.513],[-3.118,47.51],[-3.12,47.503],[-3.117,47.496],[-3.113,47.495],[-3.109,47.489],[-3.095,47.483],[-3.09,47.473],[-3.081,47.47],[-3.088,47.47],[-3.094,47.473],[-3.108,47.472],[-3.118,47.479],[-3.133,47.475],[-3.139,47.482],[-3.146,47.484],[-3.143,47.484],[-3.145,47.489],[-3.143,47.492],[-3.148,47.495],[-3.152,47.504],[-3.153,47.52],[-3.16,47.526],[-3.16,47.529],[-3.153,47.527],[-3.145,47.531],[-3.134,47.546],[-3.139,47.562],[-3.14,47.58],[-3.158,47.607],[-3.198,47.624],[-3.2,47.631],[-3.211,47.642],[-3.204,47.652],[-3.209,47.663],[-3.206,47.667],[-3.209,47.667],[-3.209,47.67],[-3.202,47.671],[-3.197,47.679],[-3.188,47.678],[-3.192,47.681],[-3.186,47.685],[-3.183,47.681],[-3.175,47.683],[-3.162,47.68],[-3.164,47.686],[-3.159,47.69],[-3.155,47.686],[-3.15,47.69],[-3.149,47.696],[-3.136,47.698],[-3.132,47.702],[-3.145,47.698],[-3.154,47.7],[-3.159,47.697],[-3.154,47.696],[-3.155,47.694],[-3.169,47.697],[-3.166,47.7],[-3.154,47.7],[-3.153,47.705],[-3.148,47.704],[-3.151,47.71],[-3.146,47.714],[-3.149,47.716],[-3.142,47.716],[-3.142,47.712],[-3.147,47.71],[-3.144,47.707],[-3.135,47.707],[-3.131,47.704],[-3.128,47.706],[-3.128,47.71],[-3.132,47.714],[-3.12,47.721],[-3.126,47.723],[-3.125,47.726],[-3.109,47.724],[-3.103,47.718],[-3.107,47.721],[-3.106,47.724],[-3.111,47.726],[-3.109,47.728],[-3.128,47.728],[-3.132,47.723],[-3.143,47.723],[-3.153,47.719],[-3.151,47.727],[-3.149,47.725],[-3.152,47.722],[-3.149,47.722],[-3.144,47.732],[-3.139,47.733],[-3.138,47.728],[-3.135,47.731],[-3.137,47.735],[-3.148,47.731],[-3.151,47.733],[-3.15,47.738],[-3.138,47.742],[-3.135,47.747],[-3.148,47.743],[-3.147,47.752],[-3.156,47.738],[-3.16,47.737],[-3.16,47.735],[-3.155,47.733],[-3.16,47.729],[-3.171,47.731],[-3.172,47.738],[-3.186,47.738],[-3.189,47.744],[-3.186,47.746],[-3.194,47.748],[-3.201,47.745],[-3.192,47.746],[-3.192,47.732],[-3.184,47.732],[-3.179,47.737],[-3.173,47.73],[-3.174,47.728],[-3.17,47.728],[-3.17,47.724],[-3.175,47.723],[-3.176,47.718],[-3.174,47.715],[-3.169,47.715],[-3.172,47.711],[-3.166,47.705],[-3.174,47.702],[-3.175,47.699],[-3.174,47.706],[-3.184,47.702],[-3.195,47.704],[-3.194,47.701],[-3.199,47.697],[-3.194,47.694],[-3.191,47.695],[-3.192,47.694],[-3.189,47.692],[-3.197,47.688],[-3.2,47.691],[-3.206,47.689],[-3.211,47.691],[-3.211,47.698],[-3.216,47.696],[-3.215,47.691],[-3.207,47.688],[-3.212,47.685],[-3.199,47.684],[-3.202,47.677],[-3.209,47.676],[-3.206,47.672],[-3.215,47.672],[-3.214,47.669],[-3.219,47.665],[-3.212,47.662],[-3.211,47.651],[-3.215,47.645],[-3.271,47.679],[-3.3,47.689],[-3.344,47.695],[-3.351,47.694],[-3.358,47.686],[-3.36,47.689],[-3.352,47.7],[-3.343,47.696],[-3.325,47.702],[-3.323,47.699],[-3.316,47.699],[-3.316,47.696],[-3.286,47.686],[-3.282,47.686],[-3.278,47.69],[-3.281,47.69],[-3.288,47.701],[-3.292,47.703],[-3.303,47.702],[-3.31,47.706],[-3.312,47.705],[-3.307,47.701],[-3.316,47.703],[-3.318,47.705],[-3.311,47.706],[-3.309,47.709],[-3.311,47.709],[-3.322,47.705],[-3.327,47.71],[-3.332,47.707],[-3.344,47.708],[-3.352,47.703],[-3.365,47.71],[-3.356,47.711],[-3.353,47.708],[-3.35,47.71],[-3.353,47.714],[-3.351,47.716],[-3.347,47.714],[-3.343,47.716],[-3.343,47.719],[-3.352,47.724],[-3.344,47.727],[-3.346,47.73],[-3.349,47.729],[-3.348,47.735],[-3.343,47.735],[-3.338,47.73],[-3.332,47.729],[-3.33,47.732],[-3.334,47.735],[-3.323,47.735],[-3.314,47.742],[-3.315,47.746],[-3.306,47.748],[-3.301,47.758],[-3.303,47.763],[-3.297,47.771],[-3.287,47.768],[-3.282,47.778],[-3.293,47.785],[-3.291,47.791],[-3.278,47.794],[-3.29,47.793],[-3.296,47.787],[-3.295,47.783],[-3.29,47.782],[-3.287,47.778],[-3.287,47.773],[-3.291,47.772],[-3.294,47.775],[-3.3,47.775],[-3.304,47.765],[-3.318,47.756],[-3.325,47.759],[-3.326,47.766],[-3.323,47.748],[-3.333,47.743],[-3.344,47.742],[-3.354,47.761],[-3.363,47.762],[-3.363,47.769],[-3.36,47.771],[-3.368,47.773],[-3.369,47.779],[-3.377,47.785],[-3.38,47.794],[-3.378,47.795],[-3.379,47.797],[-3.386,47.799],[-3.385,47.805],[-3.392,47.805],[-3.386,47.817],[-3.39,47.822],[-3.389,47.828],[-3.392,47.821],[-3.387,47.816],[-3.388,47.813],[-3.394,47.809],[-3.399,47.809],[-3.387,47.803],[-3.389,47.797],[-3.38,47.792],[-3.386,47.784],[-3.374,47.781],[-3.37,47.775],[-3.372,47.77],[-3.367,47.766],[-3.366,47.761],[-3.355,47.758],[-3.352,47.754],[-3.351,47.744],[-3.361,47.745],[-3.352,47.742],[-3.356,47.732],[-3.366,47.729],[-3.369,47.732],[-3.366,47.727],[-3.369,47.72],[-3.367,47.716],[-3.387,47.702],[-3.408,47.703],[-3.415,47.7],[-3.428,47.705],[-3.436,47.699],[-3.445,47.699],[-3.446,47.696],[-3.453,47.695],[-3.463,47.701],[-3.459,47.703],[-3.47,47.707],[-3.472,47.711],[-3.477,47.71],[-3.475,47.714],[-3.484,47.717],[-3.486,47.722],[-3.494,47.725],[-3.495,47.728],[-3.5,47.731],[-3.499,47.733],[-3.507,47.748],[-3.529,47.765],[-3.525,47.769],[-3.53,47.774],[-3.53,47.782],[-3.525,47.785],[-3.529,47.79],[-3.518,47.803],[-3.524,47.805],[-3.522,47.809],[-3.524,47.811],[-3.535,47.815],[-3.533,47.82],[-3.538,47.823],[-3.541,47.829],[-3.538,47.836],[-3.524,47.845],[-3.523,47.849],[-3.519,47.848],[-3.522,47.84],[-3.516,47.839],[-3.512,47.832],[-3.487,47.824],[-3.475,47.835],[-3.458,47.837],[-3.454,47.844],[-3.449,47.846],[-3.452,47.858],[-3.448,47.863],[-3.44,47.863],[-3.425,47.869],[-3.412,47.868],[-3.408,47.863],[-3.399,47.864],[-3.404,47.866],[-3.401,47.873],[-3.402,47.887],[-3.408,47.896],[-3.404,47.899],[-3.405,47.902],[-3.419,47.906],[-3.406,47.906],[-3.403,47.908],[-3.409,47.91],[-3.409,47.916],[-3.393,47.918],[-3.387,47.925],[-3.39,47.931],[-3.398,47.935],[-3.402,47.943],[-3.393,47.952],[-3.393,47.958],[-3.403,47.96],[-3.403,47.967],[-3.408,47.967],[-3.415,47.975],[-3.421,47.968],[-3.433,47.965],[-3.445,47.959],[-3.456,47.957],[-3.461,47.96],[-3.462,47.949],[-3.468,47.946],[-3.481,47.952],[-3.482,47.957],[-3.485,47.96],[-3.485,47.967],[-3.492,47.975],[-3.52,47.976],[-3.529,47.983],[-3.531,47.989],[-3.546,47.987],[-3.559,47.994],[-3.561,47.991],[-3.577,47.991],[-3.584,47.985],[-3.59,47.989],[-3.597,47.99],[-3.608,47.989],[-3.62,47.982],[-3.631,47.987],[-3.633,47.984],[-3.64,47.985],[-3.648,48.007],[-3.663,48.019],[-3.664,48.037],[-3.671,48.037],[-3.67,48.043],[-3.676,48.047],[-3.674,48.058],[-3.687,48.059],[-3.692,48.063],[-3.699,48.062],[-3.709,48.067],[-3.708,48.069],[-3.699,48.069],[-3.704,48.087],[-3.695,48.093],[-3.703,48.098],[-3.714,48.099],[-3.725,48.095],[-3.733,48.097],[-3.729,48.104],[-3.734,48.113],[-3.718,48.12],[-3.724,48.124],[-3.722,48.129],[-3.708,48.136],[-3.713,48.137],[-3.716,48.142],[-3.698,48.145],[-3.693,48.152],[-3.672,48.152],[-3.652,48.157],[-3.626,48.17],[-3.565,48.186]]]]}},{"type":"Feature","properties":{"code":"57","nom":"Moselle"},"geometry":{"type":"Polygon","coordinates":[[[7.635,49.054],[7.64,49.049],[7.638,49.046],[7.627,49.034],[7.62,49.032],[7.606,49.02],[7.606,49.016],[7.612,49.012],[7.588,48.99],[7.592,48.985],[7.58,48.969],[7.585,48.967],[7.578,48.957],[7.569,48.955],[7.552,48.942],[7.555,48.94],[7.553,48.937],[7.556,48.936],[7.536,48.932],[7.526,48.945],[7.52,48.94],[7.502,48.944],[7.485,48.951],[7.48,48.961],[7.455,48.963],[7.452,48.968],[7.43,48.961],[7.409,48.959],[7.386,48.952],[7.369,48.952],[7.359,48.958],[7.345,48.949],[7.333,48.948],[7.327,48.943],[7.306,48.954],[7.306,48.957],[7.29,48.957],[7.293,48.973],[7.275,48.976],[7.239,48.988],[7.209,48.98],[7.194,48.995],[7.184,48.995],[7.184,49.001],[7.174,49.006],[7.162,49.004],[7.161,49.006],[7.126,49.006],[7.128,49.013],[7.122,49.019],[7.124,49.026],[7.122,49.03],[7.113,49.033],[7.119,49.037],[7.108,49.043],[7.106,49.056],[7.102,49.059],[7.102,49.064],[7.113,49.065],[7.119,49.068],[7.113,49.072],[7.104,49.072],[7.103,49.076],[7.099,49.078],[7.091,49.071],[7.084,49.069],[7.074,49.073],[7.068,49.065],[7.069,49.06],[7.079,49.05],[7.052,49.028],[7.054,49.024],[7.047,49.015],[7.055,49.01],[7.047,49.005],[7.047,49],[7.037,48.996],[7.038,48.993],[7.031,48.987],[7.036,48.983],[7.036,48.978],[7.041,48.977],[7.036,48.977],[7.035,48.974],[7.027,48.969],[7.032,48.956],[6.989,48.96],[6.986,48.947],[6.977,48.939],[6.98,48.935],[6.971,48.928],[6.96,48.925],[6.944,48.934],[6.94,48.924],[6.956,48.922],[6.954,48.919],[6.958,48.918],[6.965,48.905],[6.955,48.894],[6.975,48.89],[6.989,48.891],[7.026,48.88],[7.033,48.875],[7.048,48.874],[7.046,48.868],[7.051,48.866],[7.053,48.862],[7.051,48.859],[7.081,48.864],[7.096,48.862],[7.096,48.858],[7.1,48.855],[7.092,48.849],[7.078,48.848],[7.078,48.845],[7.067,48.849],[7.051,48.847],[7.055,48.833],[7.047,48.82],[7.052,48.815],[7.071,48.815],[7.088,48.811],[7.089,48.807],[7.067,48.799],[7.068,48.793],[7.078,48.786],[7.086,48.792],[7.127,48.801],[7.122,48.806],[7.124,48.813],[7.148,48.822],[7.141,48.834],[7.145,48.839],[7.143,48.841],[7.149,48.845],[7.175,48.842],[7.176,48.842],[7.173,48.846],[7.186,48.85],[7.196,48.84],[7.187,48.836],[7.187,48.833],[7.197,48.828],[7.209,48.828],[7.217,48.82],[7.22,48.819],[7.223,48.822],[7.218,48.828],[7.222,48.83],[7.245,48.817],[7.257,48.821],[7.261,48.82],[7.245,48.81],[7.259,48.804],[7.262,48.798],[7.27,48.803],[7.279,48.798],[7.288,48.798],[7.291,48.794],[7.291,48.786],[7.297,48.783],[7.306,48.769],[7.313,48.767],[7.309,48.762],[7.293,48.753],[7.287,48.731],[7.273,48.716],[7.267,48.714],[7.265,48.701],[7.26,48.694],[7.247,48.695],[7.242,48.692],[7.248,48.688],[7.248,48.682],[7.261,48.672],[7.265,48.663],[7.304,48.66],[7.294,48.651],[7.294,48.647],[7.283,48.642],[7.281,48.637],[7.276,48.633],[7.262,48.632],[7.28,48.628],[7.276,48.62],[7.27,48.618],[7.271,48.613],[7.256,48.6],[7.256,48.596],[7.265,48.592],[7.248,48.582],[7.218,48.553],[7.201,48.553],[7.192,48.549],[7.187,48.537],[7.172,48.532],[7.168,48.528],[7.151,48.532],[7.148,48.527],[7.135,48.528],[7.128,48.531],[7.124,48.536],[7.114,48.537],[7.092,48.529],[7.079,48.536],[7.056,48.539],[7.084,48.541],[7.084,48.545],[7.054,48.552],[7.053,48.558],[7.044,48.562],[7.043,48.572],[7.036,48.574],[7.034,48.58],[7.019,48.58],[7.009,48.588],[6.993,48.593],[6.995,48.594],[6.993,48.596],[7.017,48.604],[7.017,48.608],[7.01,48.612],[7,48.608],[6.986,48.613],[6.961,48.608],[6.951,48.611],[6.94,48.615],[6.945,48.619],[6.937,48.624],[6.935,48.633],[6.93,48.636],[6.92,48.634],[6.918,48.625],[6.91,48.62],[6.897,48.622],[6.893,48.625],[6.879,48.625],[6.867,48.62],[6.854,48.621],[6.844,48.626],[6.837,48.643],[6.811,48.647],[6.782,48.643],[6.774,48.648],[6.778,48.654],[6.764,48.652],[6.757,48.664],[6.762,48.668],[6.76,48.67],[6.75,48.666],[6.74,48.669],[6.734,48.663],[6.726,48.664],[6.721,48.67],[6.716,48.668],[6.704,48.675],[6.7,48.671],[6.692,48.673],[6.69,48.676],[6.695,48.677],[6.694,48.68],[6.686,48.684],[6.684,48.683],[6.686,48.682],[6.678,48.678],[6.677,48.673],[6.667,48.668],[6.667,48.671],[6.671,48.674],[6.67,48.687],[6.676,48.689],[6.665,48.703],[6.659,48.708],[6.646,48.706],[6.639,48.701],[6.627,48.713],[6.605,48.717],[6.599,48.716],[6.595,48.729],[6.574,48.739],[6.564,48.749],[6.562,48.756],[6.54,48.754],[6.535,48.749],[6.514,48.754],[6.516,48.752],[6.512,48.749],[6.505,48.747],[6.505,48.753],[6.512,48.754],[6.486,48.767],[6.472,48.765],[6.466,48.767],[6.465,48.77],[6.46,48.766],[6.454,48.766],[6.452,48.78],[6.444,48.779],[6.432,48.788],[6.396,48.775],[6.39,48.78],[6.371,48.785],[6.364,48.78],[6.358,48.779],[6.355,48.785],[6.356,48.795],[6.346,48.804],[6.349,48.808],[6.355,48.809],[6.355,48.813],[6.338,48.812],[6.333,48.815],[6.333,48.823],[6.307,48.821],[6.301,48.824],[6.304,48.827],[6.312,48.826],[6.317,48.831],[6.328,48.825],[6.338,48.827],[6.339,48.834],[6.321,48.838],[6.306,48.833],[6.301,48.84],[6.289,48.843],[6.284,48.846],[6.29,48.851],[6.299,48.852],[6.299,48.859],[6.295,48.859],[6.298,48.867],[6.308,48.862],[6.312,48.864],[6.311,48.873],[6.308,48.876],[6.31,48.878],[6.298,48.881],[6.309,48.892],[6.327,48.897],[6.328,48.9],[6.326,48.903],[6.328,48.904],[6.327,48.907],[6.31,48.912],[6.314,48.919],[6.311,48.921],[6.288,48.916],[6.288,48.928],[6.275,48.928],[6.271,48.933],[6.255,48.931],[6.252,48.927],[6.242,48.924],[6.241,48.926],[6.237,48.925],[6.235,48.929],[6.224,48.927],[6.226,48.937],[6.222,48.939],[6.206,48.94],[6.206,48.938],[6.177,48.935],[6.169,48.939],[6.174,48.943],[6.171,48.944],[6.167,48.942],[6.157,48.944],[6.15,48.939],[6.15,48.933],[6.132,48.935],[6.125,48.939],[6.13,48.946],[6.129,48.949],[6.123,48.949],[6.126,48.957],[6.118,48.958],[6.12,48.961],[6.113,48.963],[6.116,48.968],[6.105,48.97],[6.081,48.963],[6.069,48.972],[6.074,48.981],[6.046,48.977],[6.041,48.982],[6.032,48.984],[6.03,48.991],[6.039,48.983],[6.045,48.983],[6.045,48.988],[6.041,48.992],[6.047,48.995],[6.042,49.004],[6.045,49.014],[6.033,49.015],[6.022,49.022],[6.019,49.025],[6.015,49.037],[6.005,49.034],[5.987,49.044],[5.971,49.041],[5.967,49.047],[5.958,49.047],[5.953,49.054],[5.951,49.065],[5.936,49.07],[5.934,49.075],[5.943,49.079],[5.939,49.085],[5.941,49.086],[5.933,49.086],[5.925,49.092],[5.932,49.109],[5.997,49.108],[6.004,49.112],[6.003,49.116],[5.987,49.128],[5.993,49.128],[5.997,49.135],[5.993,49.133],[5.986,49.136],[5.986,49.139],[5.981,49.144],[5.997,49.149],[5.989,49.155],[6,49.156],[6.003,49.153],[6.01,49.153],[6.022,49.164],[6.033,49.165],[6.017,49.172],[6.013,49.178],[6.007,49.177],[6.007,49.184],[5.987,49.184],[5.981,49.187],[5.982,49.193],[5.979,49.195],[5.982,49.196],[5.981,49.202],[5.988,49.201],[5.984,49.207],[5.988,49.21],[5.996,49.207],[6,49.209],[5.998,49.212],[6.01,49.222],[6.023,49.224],[6.019,49.227],[6.021,49.229],[6.027,49.229],[6.03,49.231],[6.025,49.243],[6.032,49.251],[6.027,49.252],[6.021,49.257],[6.013,49.257],[6.011,49.261],[6.005,49.257],[6.009,49.263],[6.007,49.265],[6.011,49.266],[6.006,49.269],[6.01,49.272],[6,49.275],[6,49.278],[6.004,49.294],[6.002,49.297],[6.006,49.302],[6.004,49.312],[5.997,49.314],[5.985,49.305],[5.969,49.32],[5.964,49.319],[5.961,49.323],[5.95,49.328],[5.949,49.334],[5.941,49.335],[5.945,49.342],[5.978,49.345],[5.963,49.346],[5.96,49.351],[5.962,49.356],[5.956,49.362],[5.94,49.36],[5.935,49.369],[5.925,49.373],[5.936,49.379],[5.933,49.384],[5.933,49.396],[5.927,49.404],[5.912,49.408],[5.92,49.413],[5.917,49.416],[5.929,49.427],[5.942,49.43],[5.931,49.446],[5.943,49.451],[5.938,49.459],[5.939,49.466],[5.932,49.472],[5.941,49.476],[5.929,49.482],[5.93,49.485],[5.913,49.482],[5.906,49.486],[5.897,49.481],[5.899,49.483],[5.895,49.492],[5.892,49.494],[5.893,49.497],[5.912,49.502],[5.928,49.498],[5.94,49.501],[5.952,49.494],[5.972,49.491],[5.974,49.489],[5.969,49.487],[5.975,49.481],[5.971,49.475],[5.974,49.465],[5.979,49.461],[5.988,49.462],[5.986,49.456],[5.982,49.457],[5.979,49.453],[5.983,49.451],[6.001,49.457],[6.008,49.452],[6.028,49.456],[6.03,49.455],[6.027,49.448],[6.042,49.448],[6.053,49.464],[6.058,49.466],[6.08,49.464],[6.08,49.459],[6.087,49.455],[6.101,49.453],[6.1,49.468],[6.108,49.472],[6.114,49.471],[6.123,49.473],[6.128,49.494],[6.133,49.49],[6.142,49.492],[6.141,49.486],[6.153,49.493],[6.162,49.493],[6.154,49.501],[6.155,49.504],[6.175,49.51],[6.178,49.506],[6.215,49.506],[6.217,49.51],[6.236,49.508],[6.241,49.515],[6.246,49.509],[6.256,49.51],[6.265,49.504],[6.279,49.503],[6.28,49.495],[6.29,49.493],[6.284,49.492],[6.289,49.485],[6.298,49.489],[6.296,49.48],[6.306,49.477],[6.313,49.48],[6.315,49.477],[6.325,49.475],[6.334,49.467],[6.342,49.469],[6.348,49.466],[6.353,49.467],[6.364,49.459],[6.369,49.46],[6.368,49.469],[6.375,49.465],[6.393,49.464],[6.408,49.468],[6.421,49.476],[6.428,49.477],[6.44,49.467],[6.443,49.468],[6.456,49.463],[6.465,49.466],[6.487,49.452],[6.498,49.451],[6.525,49.435],[6.542,49.432],[6.552,49.425],[6.554,49.421],[6.556,49.421],[6.557,49.419],[6.547,49.417],[6.538,49.411],[6.541,49.401],[6.552,49.4],[6.552,49.395],[6.56,49.393],[6.563,49.388],[6.577,49.39],[6.58,49.386],[6.587,49.385],[6.584,49.369],[6.595,49.371],[6.602,49.366],[6.596,49.359],[6.592,49.358],[6.593,49.356],[6.588,49.35],[6.582,49.356],[6.574,49.359],[6.564,49.356],[6.566,49.347],[6.575,49.342],[6.578,49.335],[6.586,49.337],[6.594,49.331],[6.596,49.33],[6.589,49.322],[6.605,49.312],[6.616,49.302],[6.625,49.303],[6.632,49.296],[6.637,49.296],[6.644,49.29],[6.65,49.288],[6.653,49.281],[6.66,49.284],[6.67,49.28],[6.666,49.277],[6.668,49.271],[6.66,49.261],[6.662,49.257],[6.664,49.255],[6.675,49.257],[6.69,49.25],[6.691,49.248],[6.685,49.242],[6.69,49.231],[6.688,49.222],[6.696,49.215],[6.72,49.221],[6.723,49.219],[6.732,49.206],[6.711,49.189],[6.72,49.176],[6.739,49.164],[6.75,49.167],[6.762,49.165],[6.785,49.168],[6.835,49.151],[6.848,49.157],[6.844,49.173],[6.859,49.175],[6.862,49.179],[6.859,49.186],[6.85,49.194],[6.852,49.2],[6.835,49.211],[6.838,49.213],[6.857,49.222],[6.863,49.222],[6.873,49.215],[6.892,49.209],[6.9,49.214],[6.914,49.217],[6.92,49.223],[6.925,49.224],[6.938,49.222],[6.94,49.216],[6.96,49.203],[6.975,49.21],[6.992,49.201],[6.999,49.194],[7.009,49.194],[7.011,49.188],[7.021,49.193],[7.023,49.189],[7.035,49.191],[7.028,49.17],[7.033,49.163],[7.032,49.158],[7.046,49.139],[7.045,49.119],[7.054,49.113],[7.066,49.115],[7.072,49.125],[7.089,49.13],[7.09,49.132],[7.082,49.141],[7.084,49.144],[7.08,49.149],[7.083,49.153],[7.091,49.152],[7.101,49.156],[7.113,49.152],[7.104,49.146],[7.104,49.139],[7.126,49.142],[7.136,49.129],[7.159,49.121],[7.166,49.129],[7.177,49.128],[7.184,49.132],[7.197,49.122],[7.198,49.115],[7.209,49.125],[7.245,49.13],[7.266,49.123],[7.282,49.125],[7.284,49.124],[7.283,49.117],[7.294,49.115],[7.304,49.123],[7.315,49.138],[7.324,49.143],[7.33,49.145],[7.345,49.143],[7.363,49.145],[7.361,49.153],[7.369,49.162],[7.365,49.166],[7.366,49.172],[7.445,49.184],[7.446,49.183],[7.436,49.18],[7.442,49.173],[7.433,49.166],[7.439,49.164],[7.447,49.169],[7.46,49.163],[7.473,49.169],[7.494,49.17],[7.493,49.161],[7.496,49.155],[7.506,49.155],[7.506,49.15],[7.497,49.145],[7.496,49.141],[7.49,49.142],[7.49,49.137],[7.497,49.135],[7.506,49.123],[7.517,49.12],[7.522,49.108],[7.53,49.102],[7.529,49.097],[7.538,49.096],[7.536,49.093],[7.563,49.08],[7.6,49.083],[7.62,49.074],[7.629,49.074],[7.633,49.064],[7.632,49.055],[7.635,49.054]]]}},{"type":"Feature","properties":{"code":"58","nom":"Nièvre"},"geometry":{"type":"Polygon","coordinates":[[[2.875,47.52],[2.849,47.538],[2.845,47.545],[2.86,47.554],[2.863,47.546],[2.873,47.545],[2.874,47.553],[2.89,47.553],[2.905,47.556],[2.914,47.566],[2.959,47.557],[2.963,47.564],[2.977,47.569],[2.99,47.569],[3.022,47.556],[3.035,47.564],[3.061,47.57],[3.081,47.585],[3.102,47.588],[3.124,47.576],[3.116,47.569],[3.123,47.539],[3.135,47.543],[3.14,47.535],[3.148,47.533],[3.15,47.528],[3.162,47.525],[3.165,47.518],[3.174,47.52],[3.182,47.518],[3.186,47.525],[3.191,47.52],[3.203,47.523],[3.212,47.515],[3.212,47.512],[3.215,47.513],[3.225,47.505],[3.236,47.488],[3.249,47.487],[3.257,47.492],[3.275,47.491],[3.285,47.504],[3.297,47.492],[3.307,47.495],[3.327,47.483],[3.34,47.481],[3.338,47.47],[3.346,47.47],[3.345,47.479],[3.355,47.479],[3.362,47.485],[3.37,47.488],[3.374,47.486],[3.38,47.487],[3.391,47.497],[3.39,47.509],[3.428,47.506],[3.443,47.508],[3.446,47.512],[3.45,47.5],[3.456,47.503],[3.479,47.494],[3.488,47.494],[3.492,47.499],[3.491,47.516],[3.495,47.521],[3.492,47.536],[3.494,47.539],[3.495,47.55],[3.49,47.555],[3.492,47.56],[3.499,47.561],[3.511,47.551],[3.509,47.547],[3.512,47.542],[3.514,47.528],[3.54,47.516],[3.551,47.507],[3.552,47.502],[3.581,47.498],[3.575,47.486],[3.58,47.479],[3.579,47.466],[3.583,47.461],[3.588,47.462],[3.587,47.456],[3.595,47.457],[3.6,47.465],[3.616,47.467],[3.618,47.465],[3.616,47.458],[3.621,47.456],[3.634,47.456],[3.639,47.452],[3.663,47.449],[3.667,47.446],[3.674,47.45],[3.679,47.447],[3.674,47.433],[3.684,47.434],[3.702,47.427],[3.712,47.416],[3.715,47.407],[3.719,47.406],[3.717,47.403],[3.726,47.398],[3.741,47.397],[3.76,47.402],[3.769,47.401],[3.775,47.406],[3.784,47.405],[3.786,47.405],[3.781,47.396],[3.786,47.39],[3.802,47.389],[3.805,47.384],[3.811,47.384],[3.817,47.379],[3.828,47.382],[3.827,47.39],[3.831,47.393],[3.821,47.398],[3.82,47.402],[3.828,47.404],[3.831,47.408],[3.836,47.407],[3.834,47.401],[3.837,47.403],[3.842,47.411],[3.848,47.412],[3.845,47.415],[3.848,47.419],[3.847,47.422],[3.852,47.423],[3.852,47.435],[3.867,47.435],[3.876,47.428],[3.88,47.43],[3.881,47.423],[3.892,47.419],[3.894,47.414],[3.893,47.41],[3.877,47.397],[3.872,47.399],[3.867,47.396],[3.866,47.398],[3.859,47.393],[3.86,47.388],[3.87,47.38],[3.869,47.371],[3.872,47.366],[3.887,47.365],[3.898,47.376],[3.905,47.378],[3.909,47.382],[3.944,47.38],[3.944,47.385],[3.949,47.394],[3.959,47.389],[3.961,47.382],[3.973,47.376],[3.973,47.373],[3.962,47.369],[3.962,47.367],[3.968,47.363],[3.965,47.36],[3.969,47.351],[3.966,47.348],[3.972,47.341],[3.973,47.331],[3.979,47.33],[3.98,47.324],[3.987,47.324],[3.992,47.32],[3.991,47.317],[4.002,47.311],[4.008,47.315],[4.021,47.311],[4.028,47.314],[4.028,47.325],[4.036,47.329],[4.04,47.327],[4.042,47.33],[4.044,47.34],[4.06,47.341],[4.069,47.337],[4.082,47.342],[4.095,47.337],[4.106,47.339],[4.104,47.338],[4.106,47.335],[4.113,47.334],[4.124,47.344],[4.13,47.354],[4.138,47.357],[4.143,47.354],[4.136,47.35],[4.137,47.345],[4.125,47.336],[4.127,47.332],[4.124,47.328],[4.13,47.32],[4.129,47.317],[4.114,47.308],[4.124,47.303],[4.134,47.306],[4.115,47.293],[4.116,47.276],[4.125,47.274],[4.12,47.269],[4.126,47.259],[4.126,47.248],[4.136,47.238],[4.167,47.25],[4.173,47.25],[4.179,47.255],[4.18,47.248],[4.186,47.246],[4.192,47.234],[4.221,47.22],[4.22,47.214],[4.229,47.208],[4.226,47.208],[4.232,47.199],[4.229,47.193],[4.226,47.194],[4.223,47.189],[4.21,47.18],[4.213,47.175],[4.21,47.173],[4.213,47.174],[4.208,47.164],[4.21,47.155],[4.203,47.155],[4.194,47.148],[4.189,47.152],[4.182,47.151],[4.137,47.143],[4.115,47.146],[4.11,47.143],[4.119,47.136],[4.115,47.135],[4.117,47.132],[4.109,47.133],[4.107,47.13],[4.116,47.123],[4.114,47.119],[4.11,47.118],[4.106,47.123],[4.095,47.128],[4.093,47.125],[4.095,47.123],[4.093,47.118],[4.09,47.116],[4.06,47.121],[4.058,47.116],[4.048,47.11],[4.053,47.104],[4.051,47.096],[4.054,47.095],[4.039,47.086],[4.038,47.08],[4.042,47.077],[4.049,47.076],[4.054,47.069],[4.073,47.055],[4.07,47.054],[4.056,47.037],[4.062,47.023],[4.055,47.013],[4.044,47.009],[4.032,46.999],[4.018,46.995],[4.002,46.986],[3.996,46.987],[3.994,46.979],[3.997,46.974],[4.01,46.971],[4.017,46.973],[4.019,46.978],[4.032,46.985],[4.039,46.985],[4.041,46.974],[4.047,46.971],[4.056,46.957],[4.04,46.948],[4.04,46.941],[4.048,46.932],[4.042,46.933],[4.037,46.928],[4.039,46.909],[4.042,46.91],[4.045,46.9],[4.057,46.901],[4.07,46.896],[4.078,46.89],[4.077,46.886],[4.087,46.881],[4.099,46.867],[4.101,46.859],[4.056,46.843],[4.042,46.834],[4.058,46.821],[4.059,46.8],[4.063,46.789],[4.055,46.776],[4.041,46.783],[4.039,46.787],[4.033,46.788],[4.019,46.776],[4.014,46.779],[4.008,46.777],[3.994,46.779],[3.973,46.767],[3.968,46.769],[3.967,46.765],[3.963,46.766],[3.963,46.762],[3.953,46.754],[3.943,46.751],[3.935,46.753],[3.928,46.751],[3.933,46.742],[3.924,46.738],[3.913,46.742],[3.913,46.734],[3.899,46.735],[3.887,46.727],[3.885,46.73],[3.879,46.729],[3.876,46.732],[3.875,46.731],[3.878,46.73],[3.874,46.729],[3.874,46.727],[3.845,46.723],[3.845,46.717],[3.841,46.718],[3.839,46.71],[3.833,46.71],[3.829,46.704],[3.808,46.706],[3.797,46.702],[3.795,46.702],[3.789,46.721],[3.777,46.73],[3.782,46.73],[3.784,46.736],[3.768,46.739],[3.739,46.752],[3.701,46.747],[3.678,46.739],[3.66,46.738],[3.649,46.743],[3.64,46.739],[3.631,46.745],[3.632,46.75],[3.629,46.749],[3.62,46.754],[3.602,46.751],[3.597,46.756],[3.598,46.762],[3.589,46.761],[3.584,46.753],[3.576,46.75],[3.585,46.745],[3.585,46.739],[3.598,46.728],[3.598,46.724],[3.577,46.715],[3.578,46.722],[3.576,46.723],[3.572,46.721],[3.574,46.716],[3.569,46.715],[3.547,46.721],[3.55,46.716],[3.548,46.706],[3.561,46.689],[3.546,46.678],[3.54,46.68],[3.538,46.685],[3.532,46.689],[3.514,46.684],[3.517,46.682],[3.511,46.68],[3.513,46.677],[3.511,46.676],[3.504,46.673],[3.492,46.662],[3.486,46.661],[3.487,46.655],[3.482,46.651],[3.477,46.654],[3.457,46.652],[3.452,46.658],[3.442,46.662],[3.447,46.664],[3.448,46.668],[3.445,46.671],[3.455,46.675],[3.452,46.679],[3.455,46.683],[3.453,46.69],[3.433,46.693],[3.428,46.701],[3.434,46.712],[3.422,46.714],[3.417,46.71],[3.397,46.715],[3.379,46.712],[3.377,46.702],[3.366,46.69],[3.347,46.684],[3.314,46.689],[3.312,46.695],[3.302,46.704],[3.301,46.716],[3.286,46.714],[3.27,46.717],[3.26,46.708],[3.229,46.696],[3.228,46.69],[3.222,46.685],[3.207,46.682],[3.204,46.679],[3.195,46.681],[3.163,46.694],[3.13,46.727],[3.084,46.737],[3.067,46.745],[3.049,46.758],[3.042,46.767],[3.036,46.776],[3.037,46.784],[3.032,46.795],[3.033,46.8],[3.041,46.813],[3.059,46.826],[3.055,46.839],[3.067,46.848],[3.07,46.853],[3.065,46.864],[3.067,46.882],[3.061,46.898],[3.05,46.908],[3.062,46.928],[3.064,46.936],[3.079,46.955],[3.079,46.96],[3.072,46.964],[3.063,46.979],[3.066,47.002],[3.076,47.019],[3.075,47.029],[3.064,47.046],[3.03,47.058],[3.019,47.068],[3.021,47.078],[3.031,47.092],[3.028,47.129],[3.017,47.141],[3.021,47.153],[3.016,47.159],[3.01,47.179],[2.979,47.23],[2.983,47.261],[2.974,47.27],[2.939,47.287],[2.912,47.309],[2.886,47.316],[2.877,47.322],[2.872,47.332],[2.875,47.335],[2.87,47.34],[2.872,47.346],[2.893,47.369],[2.906,47.393],[2.918,47.406],[2.92,47.421],[2.931,47.433],[2.932,47.439],[2.914,47.471],[2.899,47.482],[2.888,47.509],[2.875,47.52]]]}},{"type":"Feature","properties":{"code":"59","nom":"Nord"},"geometry":{"type":"MultiPolygon","coordinates":[[[[3.04,50.16],[3.05,50.166],[3.055,50.164],[3.061,50.167],[3.06,50.174],[3.09,50.172],[3.093,50.17],[3.091,50.168],[3.094,50.167],[3.091,50.165],[3.095,50.164],[3.084,50.154],[3.076,50.153],[3.074,50.149],[3.068,50.147],[3.072,50.14],[3.07,50.136],[3.074,50.134],[3.071,50.132],[3.074,50.132],[3.067,50.129],[3.054,50.133],[3.047,50.132],[3.045,50.129],[3.037,50.13],[3.025,50.116],[3.011,50.113],[3.01,50.115],[2.999,50.119],[3.003,50.13],[3.002,50.134],[2.997,50.133],[2.993,50.137],[3.004,50.15],[3.008,50.147],[3.013,50.153],[3.04,50.152],[3.038,50.159],[3.04,50.16]]],[[[2.068,51.007],[2.085,51.009],[2.093,51.004],[2.103,51.006],[2.122,50.99],[2.108,51.004],[2.123,51.011],[2.126,51.016],[2.143,51.021],[2.133,51.015],[2.145,51.021],[2.143,51.026],[2.149,51.029],[2.149,51.034],[2.15,51.034],[2.153,51.02],[2.168,51.022],[2.167,51.02],[2.177,51.015],[2.171,51.013],[2.177,51.007],[2.181,51.011],[2.179,51.016],[2.19,51.018],[2.188,51.021],[2.18,51.02],[2.175,51.023],[2.194,51.028],[2.192,51.035],[2.195,51.037],[2.191,51.04],[2.182,51.04],[2.171,51.044],[2.183,51.04],[2.195,51.04],[2.203,51.032],[2.214,51.032],[2.259,51.043],[2.35,51.061],[2.369,51.05],[2.395,51.05],[2.482,51.07],[2.546,51.089],[2.563,51.065],[2.562,51.059],[2.576,51.014],[2.571,51.01],[2.575,51.006],[2.574,51.004],[2.593,50.993],[2.607,50.991],[2.61,50.985],[2.606,50.982],[2.612,50.975],[2.611,50.974],[2.619,50.967],[2.633,50.946],[2.63,50.943],[2.618,50.941],[2.617,50.934],[2.59,50.919],[2.594,50.914],[2.604,50.916],[2.608,50.91],[2.604,50.904],[2.609,50.894],[2.605,50.886],[2.61,50.881],[2.606,50.874],[2.612,50.863],[2.602,50.856],[2.599,50.849],[2.611,50.85],[2.615,50.848],[2.616,50.84],[2.626,50.837],[2.635,50.813],[2.658,50.814],[2.669,50.822],[2.679,50.813],[2.713,50.815],[2.724,50.81],[2.726,50.809],[2.721,50.802],[2.726,50.792],[2.73,50.792],[2.729,50.789],[2.739,50.781],[2.75,50.779],[2.762,50.771],[2.757,50.763],[2.764,50.761],[2.762,50.759],[2.766,50.755],[2.783,50.751],[2.782,50.743],[2.787,50.734],[2.791,50.732],[2.79,50.726],[2.819,50.715],[2.848,50.723],[2.87,50.703],[2.879,50.703],[2.886,50.707],[2.898,50.694],[2.906,50.692],[2.911,50.695],[2.91,50.703],[2.922,50.703],[2.93,50.71],[2.932,50.728],[2.945,50.732],[2.937,50.743],[2.95,50.751],[2.958,50.753],[2.962,50.75],[2.973,50.75],[2.981,50.757],[3.012,50.769],[3.015,50.774],[3.034,50.77],[3.041,50.776],[3.057,50.781],[3.08,50.773],[3.089,50.773],[3.09,50.776],[3.105,50.782],[3.111,50.794],[3.125,50.786],[3.151,50.79],[3.154,50.779],[3.171,50.763],[3.172,50.758],[3.182,50.753],[3.188,50.74],[3.199,50.735],[3.191,50.724],[3.208,50.719],[3.209,50.714],[3.205,50.712],[3.218,50.712],[3.221,50.71],[3.228,50.712],[3.246,50.713],[3.251,50.705],[3.261,50.701],[3.259,50.695],[3.261,50.691],[3.254,50.691],[3.254,50.689],[3.265,50.676],[3.253,50.674],[3.241,50.669],[3.24,50.659],[3.249,50.647],[3.244,50.641],[3.259,50.63],[3.255,50.623],[3.27,50.612],[3.271,50.605],[3.276,50.6],[3.275,50.597],[3.279,50.596],[3.276,50.582],[3.283,50.575],[3.279,50.573],[3.278,50.564],[3.285,50.562],[3.276,50.559],[3.283,50.552],[3.279,50.551],[3.279,50.538],[3.285,50.535],[3.289,50.526],[3.308,50.519],[3.321,50.519],[3.328,50.512],[3.329,50.508],[3.362,50.504],[3.376,50.491],[3.392,50.498],[3.396,50.496],[3.429,50.505],[3.435,50.51],[3.439,50.51],[3.439,50.507],[3.443,50.506],[3.45,50.507],[3.454,50.519],[3.474,50.534],[3.491,50.528],[3.504,50.53],[3.52,50.523],[3.516,50.512],[3.505,50.507],[3.496,50.499],[3.501,50.487],[3.522,50.495],[3.539,50.495],[3.569,50.501],[3.585,50.491],[3.608,50.497],[3.619,50.487],[3.632,50.48],[3.63,50.479],[3.632,50.476],[3.644,50.463],[3.654,50.463],[3.662,50.456],[3.664,50.453],[3.659,50.445],[3.669,50.439],[3.669,50.423],[3.672,50.422],[3.67,50.417],[3.675,50.402],[3.673,50.388],[3.658,50.373],[3.657,50.369],[3.666,50.364],[3.667,50.351],[3.665,50.348],[3.677,50.34],[3.675,50.333],[3.694,50.321],[3.693,50.319],[3.685,50.32],[3.695,50.317],[3.694,50.314],[3.71,50.303],[3.72,50.305],[3.716,50.307],[3.716,50.313],[3.71,50.315],[3.709,50.319],[3.719,50.318],[3.721,50.311],[3.731,50.31],[3.732,50.312],[3.728,50.315],[3.732,50.318],[3.73,50.33],[3.734,50.33],[3.734,50.338],[3.738,50.341],[3.737,50.343],[3.739,50.348],[3.747,50.348],[3.745,50.35],[3.747,50.351],[3.764,50.348],[3.767,50.353],[3.77,50.351],[3.783,50.354],[3.799,50.351],[3.805,50.356],[3.814,50.353],[3.815,50.35],[3.812,50.345],[3.815,50.345],[3.824,50.348],[3.824,50.353],[3.847,50.353],[3.857,50.348],[3.857,50.343],[3.862,50.344],[3.862,50.341],[3.872,50.338],[3.888,50.341],[3.889,50.337],[3.886,50.336],[3.89,50.336],[3.89,50.33],[3.886,50.327],[3.9,50.327],[3.911,50.329],[3.968,50.35],[3.969,50.343],[3.966,50.341],[3.971,50.344],[3.972,50.348],[3.986,50.342],[3.994,50.349],[3.999,50.348],[4.001,50.35],[4.017,50.352],[4.017,50.357],[4.024,50.359],[4.028,50.358],[4.04,50.341],[4.055,50.339],[4.056,50.332],[4.065,50.331],[4.078,50.321],[4.079,50.31],[4.097,50.313],[4.103,50.311],[4.11,50.302],[4.117,50.304],[4.123,50.298],[4.125,50.289],[4.125,50.28],[4.122,50.278],[4.125,50.273],[4.137,50.274],[4.134,50.266],[4.139,50.263],[4.135,50.257],[4.147,50.259],[4.156,50.257],[4.168,50.26],[4.168,50.266],[4.164,50.272],[4.15,50.275],[4.155,50.28],[4.155,50.285],[4.161,50.285],[4.163,50.289],[4.17,50.288],[4.169,50.285],[4.177,50.284],[4.175,50.278],[4.177,50.276],[4.208,50.273],[4.222,50.257],[4.221,50.252],[4.204,50.24],[4.194,50.24],[4.182,50.232],[4.172,50.217],[4.152,50.213],[4.153,50.208],[4.16,50.203],[4.161,50.198],[4.16,50.192],[4.156,50.193],[4.157,50.184],[4.148,50.173],[4.156,50.172],[4.156,50.164],[4.151,50.159],[4.138,50.152],[4.135,50.142],[4.127,50.135],[4.144,50.129],[4.155,50.128],[4.158,50.136],[4.18,50.134],[4.197,50.135],[4.201,50.133],[4.198,50.127],[4.203,50.121],[4.204,50.115],[4.198,50.107],[4.206,50.106],[4.201,50.101],[4.207,50.096],[4.213,50.095],[4.217,50.088],[4.225,50.086],[4.231,50.071],[4.228,50.066],[4.218,50.061],[4.199,50.056],[4.194,50.049],[4.19,50.05],[4.174,50.046],[4.162,50.049],[4.152,50.039],[4.149,50.032],[4.144,50.031],[4.136,50.019],[4.136,50.013],[4.145,50.008],[4.143,50.006],[4.148,50.006],[4.146,50.004],[4.155,50],[4.161,50.001],[4.163,49.995],[4.155,49.985],[4.141,49.979],[4.121,49.973],[4.116,49.976],[4.105,49.971],[4.103,49.973],[4.084,49.969],[4.082,49.971],[4.084,49.979],[4.057,49.985],[4.034,49.986],[4.031,49.982],[4.022,49.986],[4.012,49.985],[4.005,49.996],[3.981,49.994],[3.979,50.003],[3.996,50.028],[3.99,50.041],[3.982,50.044],[3.974,50.037],[3.97,50.038],[3.95,50.027],[3.944,50.03],[3.93,50.026],[3.924,50.026],[3.914,50.02],[3.895,50.016],[3.893,50.01],[3.887,50.01],[3.887,50.021],[3.89,50.023],[3.878,50.028],[3.887,50.03],[3.875,50.037],[3.849,50.039],[3.836,50.048],[3.816,50.039],[3.799,50.048],[3.778,50.046],[3.774,50.051],[3.747,50.053],[3.736,50.06],[3.722,50.063],[3.715,50.069],[3.661,50.052],[3.658,50.044],[3.649,50.043],[3.662,50.039],[3.659,50.029],[3.642,50.039],[3.614,50.025],[3.605,50.037],[3.594,50.044],[3.579,50.047],[3.567,50.053],[3.541,50.055],[3.54,50.053],[3.543,50.046],[3.532,50.046],[3.529,50.037],[3.525,50.036],[3.507,50.036],[3.504,50.029],[3.491,50.019],[3.455,50.023],[3.428,50.022],[3.43,50.025],[3.425,50.027],[3.421,50.029],[3.414,50.026],[3.399,50.035],[3.389,50.031],[3.377,50.037],[3.363,50.037],[3.352,50.036],[3.351,50.027],[3.342,50.027],[3.337,50.017],[3.328,50.016],[3.313,50.02],[3.286,50.014],[3.284,50.016],[3.278,50.014],[3.273,50.02],[3.278,50.022],[3.271,50.029],[3.258,50.032],[3.258,50.024],[3.245,50.028],[3.244,50.031],[3.234,50.028],[3.231,50.032],[3.227,50.033],[3.224,50.027],[3.209,50.02],[3.173,50.011],[3.167,50.021],[3.158,50.018],[3.151,50.02],[3.147,50.018],[3.15,50.027],[3.133,50.024],[3.119,50.026],[3.114,50.034],[3.116,50.038],[3.09,50.047],[3.093,50.052],[3.09,50.054],[3.084,50.056],[3.085,50.059],[3.088,50.061],[3.086,50.066],[3.098,50.068],[3.088,50.076],[3.087,50.078],[3.09,50.078],[3.088,50.08],[3.088,50.083],[3.099,50.083],[3.098,50.079],[3.1,50.081],[3.103,50.079],[3.114,50.092],[3.113,50.105],[3.105,50.106],[3.106,50.11],[3.103,50.112],[3.105,50.115],[3.092,50.121],[3.108,50.131],[3.115,50.131],[3.124,50.137],[3.129,50.137],[3.137,50.143],[3.115,50.148],[3.109,50.159],[3.101,50.162],[3.116,50.168],[3.119,50.165],[3.138,50.167],[3.137,50.17],[3.145,50.179],[3.156,50.182],[3.157,50.185],[3.153,50.185],[3.143,50.191],[3.147,50.195],[3.131,50.199],[3.139,50.209],[3.139,50.217],[3.15,50.22],[3.174,50.219],[3.188,50.229],[3.185,50.231],[3.187,50.235],[3.178,50.233],[3.175,50.24],[3.169,50.244],[3.162,50.242],[3.162,50.245],[3.158,50.243],[3.147,50.246],[3.151,50.25],[3.147,50.252],[3.15,50.256],[3.149,50.262],[3.141,50.265],[3.1,50.269],[3.079,50.275],[3.062,50.272],[3.049,50.278],[3.034,50.266],[3.027,50.268],[3.023,50.263],[3.011,50.269],[3.017,50.275],[3.012,50.282],[3.018,50.285],[3.041,50.287],[3.044,50.283],[3.055,50.282],[3.051,50.286],[3.055,50.29],[3.048,50.294],[3.056,50.3],[3.054,50.302],[3.063,50.304],[3.067,50.309],[3.069,50.305],[3.084,50.311],[3.064,50.324],[3.06,50.329],[3.063,50.331],[3.05,50.344],[3.047,50.346],[3.039,50.344],[3.029,50.354],[3.013,50.359],[3.008,50.359],[3.006,50.361],[3.009,50.363],[3.009,50.366],[3.005,50.367],[2.997,50.379],[2.993,50.38],[2.995,50.388],[2.989,50.397],[2.98,50.403],[2.987,50.401],[2.991,50.403],[2.992,50.4],[3.014,50.403],[3.03,50.41],[3.029,50.412],[3.039,50.423],[3.069,50.426],[3.074,50.438],[3.082,50.444],[3.066,50.448],[3.069,50.458],[3.055,50.455],[3.044,50.449],[3.038,50.442],[3.029,50.445],[3.016,50.442],[3.015,50.448],[3.019,50.452],[3.012,50.452],[3.007,50.458],[3.014,50.461],[3.019,50.467],[3.016,50.47],[3.02,50.475],[3.021,50.482],[3.031,50.48],[3.028,50.484],[3.016,50.486],[3.005,50.495],[2.992,50.498],[2.965,50.513],[2.964,50.51],[2.958,50.509],[2.95,50.512],[2.93,50.508],[2.91,50.5],[2.905,50.503],[2.901,50.5],[2.887,50.503],[2.891,50.504],[2.889,50.508],[2.882,50.508],[2.883,50.514],[2.88,50.516],[2.891,50.53],[2.887,50.532],[2.887,50.538],[2.859,50.53],[2.831,50.526],[2.811,50.529],[2.807,50.527],[2.8,50.528],[2.8,50.541],[2.794,50.549],[2.812,50.55],[2.817,50.554],[2.811,50.558],[2.817,50.565],[2.812,50.574],[2.809,50.574],[2.808,50.579],[2.789,50.583],[2.807,50.607],[2.843,50.629],[2.849,50.626],[2.87,50.631],[2.84,50.657],[2.825,50.663],[2.821,50.661],[2.809,50.669],[2.799,50.663],[2.774,50.665],[2.763,50.659],[2.759,50.651],[2.792,50.634],[2.786,50.628],[2.759,50.635],[2.761,50.625],[2.753,50.628],[2.758,50.618],[2.748,50.613],[2.752,50.607],[2.746,50.605],[2.725,50.614],[2.719,50.622],[2.724,50.627],[2.713,50.632],[2.697,50.628],[2.694,50.634],[2.684,50.633],[2.682,50.636],[2.674,50.638],[2.675,50.625],[2.643,50.623],[2.631,50.618],[2.625,50.626],[2.614,50.627],[2.615,50.635],[2.595,50.631],[2.59,50.638],[2.585,50.637],[2.577,50.631],[2.566,50.633],[2.563,50.631],[2.567,50.626],[2.564,50.625],[2.559,50.629],[2.556,50.629],[2.555,50.626],[2.545,50.625],[2.543,50.629],[2.537,50.631],[2.538,50.635],[2.535,50.635],[2.538,50.637],[2.536,50.638],[2.539,50.64],[2.533,50.643],[2.526,50.643],[2.517,50.635],[2.487,50.632],[2.45,50.654],[2.429,50.657],[2.422,50.666],[2.416,50.666],[2.414,50.67],[2.412,50.669],[2.403,50.682],[2.381,50.671],[2.374,50.672],[2.372,50.679],[2.364,50.681],[2.364,50.685],[2.386,50.697],[2.387,50.701],[2.364,50.71],[2.351,50.72],[2.349,50.723],[2.352,50.725],[2.34,50.731],[2.338,50.736],[2.341,50.738],[2.339,50.74],[2.364,50.75],[2.371,50.756],[2.377,50.752],[2.385,50.757],[2.392,50.757],[2.4,50.765],[2.408,50.762],[2.411,50.767],[2.402,50.768],[2.406,50.77],[2.399,50.775],[2.381,50.779],[2.383,50.78],[2.372,50.784],[2.364,50.78],[2.37,50.774],[2.369,50.772],[2.343,50.781],[2.314,50.783],[2.312,50.787],[2.289,50.777],[2.288,50.787],[2.27,50.783],[2.253,50.788],[2.235,50.805],[2.22,50.812],[2.213,50.811],[2.213,50.822],[2.206,50.833],[2.208,50.838],[2.202,50.844],[2.204,50.85],[2.191,50.862],[2.19,50.873],[2.185,50.883],[2.17,50.902],[2.164,50.917],[2.151,50.93],[2.15,50.941],[2.138,50.951],[2.135,50.964],[2.126,50.968],[2.121,50.98],[2.109,50.984],[2.11,50.988],[2.093,51],[2.093,51.003],[2.068,51.007]]]]}},{"type":"Feature","properties":{"code":"60","nom":"Oise"},"geometry":{"type":"MultiPolygon","coordinates":[[[[3.044,49.229],[3.043,49.228],[3.048,49.228],[3.044,49.229]]],[[[2.99,49.211],[2.998,49.214],[2.998,49.219],[3.003,49.219],[3,49.223],[2.988,49.222],[2.989,49.219],[2.982,49.216],[2.99,49.211]]],[[[1.784,49.758],[1.791,49.757],[1.794,49.75],[1.809,49.754],[1.82,49.739],[1.839,49.739],[1.84,49.731],[1.821,49.723],[1.823,49.718],[1.83,49.72],[1.838,49.718],[1.842,49.713],[1.838,49.713],[1.837,49.71],[1.849,49.702],[1.867,49.704],[1.875,49.699],[1.894,49.699],[1.917,49.715],[1.933,49.72],[1.935,49.72],[1.939,49.711],[1.949,49.701],[1.96,49.708],[1.965,49.717],[1.971,49.72],[1.972,49.715],[1.978,49.71],[1.989,49.712],[1.99,49.709],[2.001,49.713],[2.006,49.713],[2.008,49.708],[2.035,49.711],[2.034,49.705],[2.046,49.703],[2.044,49.7],[2.047,49.697],[2.059,49.698],[2.058,49.691],[2.064,49.688],[2.049,49.688],[2.05,49.687],[2.056,49.684],[2.063,49.686],[2.065,49.683],[2.075,49.687],[2.081,49.693],[2.088,49.69],[2.103,49.695],[2.114,49.694],[2.124,49.688],[2.14,49.691],[2.151,49.702],[2.173,49.701],[2.182,49.704],[2.19,49.704],[2.204,49.698],[2.22,49.702],[2.247,49.702],[2.25,49.697],[2.28,49.691],[2.302,49.681],[2.317,49.688],[2.335,49.679],[2.334,49.671],[2.351,49.663],[2.362,49.667],[2.371,49.656],[2.389,49.656],[2.413,49.663],[2.421,49.657],[2.423,49.659],[2.446,49.653],[2.455,49.641],[2.454,49.636],[2.458,49.634],[2.466,49.638],[2.472,49.634],[2.474,49.632],[2.471,49.63],[2.464,49.628],[2.478,49.621],[2.487,49.626],[2.485,49.627],[2.489,49.631],[2.505,49.639],[2.506,49.635],[2.521,49.628],[2.527,49.629],[2.53,49.625],[2.541,49.625],[2.537,49.621],[2.544,49.618],[2.541,49.616],[2.566,49.619],[2.565,49.611],[2.562,49.612],[2.559,49.607],[2.568,49.603],[2.567,49.6],[2.571,49.597],[2.576,49.599],[2.578,49.596],[2.583,49.601],[2.581,49.602],[2.587,49.604],[2.584,49.608],[2.595,49.609],[2.597,49.612],[2.605,49.608],[2.616,49.612],[2.626,49.611],[2.623,49.606],[2.633,49.599],[2.632,49.597],[2.629,49.597],[2.626,49.591],[2.63,49.589],[2.626,49.587],[2.629,49.582],[2.65,49.572],[2.67,49.581],[2.67,49.592],[2.673,49.595],[2.669,49.6],[2.674,49.6],[2.675,49.605],[2.682,49.608],[2.681,49.61],[2.688,49.614],[2.686,49.617],[2.69,49.622],[2.688,49.625],[2.698,49.626],[2.702,49.623],[2.708,49.626],[2.72,49.621],[2.727,49.626],[2.738,49.624],[2.739,49.627],[2.765,49.616],[2.787,49.612],[2.799,49.621],[2.789,49.64],[2.793,49.645],[2.791,49.648],[2.795,49.65],[2.794,49.656],[2.8,49.659],[2.797,49.661],[2.822,49.659],[2.829,49.662],[2.833,49.659],[2.838,49.662],[2.846,49.659],[2.85,49.663],[2.846,49.671],[2.862,49.679],[2.857,49.683],[2.861,49.685],[2.873,49.684],[2.874,49.686],[2.88,49.675],[2.889,49.671],[2.892,49.673],[2.888,49.687],[2.879,49.69],[2.877,49.696],[2.866,49.702],[2.885,49.71],[2.882,49.714],[2.887,49.71],[2.885,49.708],[2.888,49.703],[2.894,49.699],[2.905,49.699],[2.912,49.704],[2.909,49.707],[2.913,49.71],[2.914,49.704],[2.93,49.688],[2.925,49.683],[2.929,49.68],[2.938,49.681],[2.931,49.677],[2.933,49.676],[2.94,49.68],[2.943,49.675],[2.949,49.676],[2.955,49.665],[2.953,49.676],[2.956,49.678],[2.948,49.683],[2.95,49.684],[2.948,49.694],[2.962,49.693],[2.973,49.697],[2.977,49.705],[2.991,49.704],[2.991,49.708],[3.005,49.703],[3.006,49.693],[3.015,49.693],[3.018,49.691],[3.016,49.685],[3.026,49.68],[3.033,49.683],[3.034,49.687],[3.041,49.693],[3.041,49.697],[3.055,49.694],[3.059,49.702],[3.052,49.714],[3.058,49.712],[3.065,49.714],[3.077,49.711],[3.083,49.712],[3.085,49.706],[3.078,49.693],[3.084,49.691],[3.085,49.695],[3.092,49.697],[3.096,49.705],[3.118,49.706],[3.126,49.697],[3.122,49.688],[3.114,49.684],[3.124,49.677],[3.128,49.662],[3.121,49.66],[3.117,49.667],[3.108,49.665],[3.108,49.658],[3.098,49.657],[3.096,49.651],[3.105,49.65],[3.11,49.642],[3.113,49.642],[3.108,49.637],[3.113,49.631],[3.094,49.623],[3.122,49.604],[3.124,49.596],[3.134,49.59],[3.131,49.589],[3.138,49.576],[3.127,49.573],[3.126,49.57],[3.127,49.564],[3.134,49.56],[3.129,49.552],[3.131,49.543],[3.126,49.542],[3.129,49.533],[3.128,49.527],[3.122,49.521],[3.096,49.518],[3.096,49.513],[3.1,49.506],[3.121,49.494],[3.121,49.487],[3.124,49.486],[3.122,49.485],[3.124,49.48],[3.106,49.474],[3.107,49.468],[3.154,49.455],[3.166,49.447],[3.162,49.446],[3.163,49.441],[3.16,49.439],[3.132,49.432],[3.121,49.432],[3.111,49.438],[3.101,49.439],[3.098,49.437],[3.093,49.433],[3.097,49.405],[3.096,49.398],[3.091,49.397],[3.09,49.394],[3.095,49.377],[3.086,49.377],[3.079,49.374],[3.075,49.349],[3.061,49.345],[3.062,49.34],[3.053,49.34],[3.042,49.333],[3.044,49.329],[3.036,49.326],[3.033,49.331],[3.022,49.333],[3.021,49.337],[3.002,49.34],[2.993,49.333],[2.968,49.326],[2.964,49.321],[2.973,49.312],[2.98,49.311],[2.977,49.309],[2.979,49.306],[2.968,49.305],[2.968,49.303],[2.975,49.302],[2.977,49.299],[2.985,49.3],[2.981,49.298],[2.984,49.297],[2.987,49.3],[2.988,49.297],[2.994,49.298],[2.996,49.296],[2.987,49.291],[2.987,49.288],[2.996,49.287],[3.005,49.293],[3.015,49.289],[3.021,49.29],[3.014,49.282],[3.017,49.28],[3.025,49.288],[3.038,49.286],[3.036,49.279],[3.027,49.276],[3.029,49.267],[3.026,49.26],[3.032,49.254],[3.033,49.238],[3.042,49.23],[3.039,49.229],[3.037,49.222],[3.032,49.227],[3.03,49.224],[3.032,49.222],[3.026,49.222],[3.022,49.216],[3.016,49.218],[3.014,49.222],[3.004,49.221],[3.004,49.224],[3.015,49.23],[3.007,49.234],[2.965,49.233],[2.959,49.227],[2.965,49.22],[2.962,49.218],[2.971,49.214],[2.971,49.208],[2.966,49.205],[2.974,49.197],[2.968,49.192],[2.972,49.188],[2.984,49.184],[2.985,49.189],[2.99,49.189],[2.992,49.194],[2.996,49.187],[3.006,49.183],[3.016,49.182],[3.023,49.17],[3.038,49.169],[3.035,49.184],[3.03,49.183],[3.026,49.188],[3.028,49.19],[3.026,49.193],[3.016,49.19],[3.012,49.185],[3.007,49.185],[3.002,49.188],[3.003,49.193],[2.997,49.199],[3.003,49.203],[3.003,49.206],[2.995,49.209],[3,49.214],[3.019,49.217],[3.03,49.213],[3.036,49.205],[3.046,49.21],[3.057,49.205],[3.065,49.205],[3.058,49.202],[3.057,49.197],[3.063,49.194],[3.073,49.196],[3.085,49.19],[3.081,49.189],[3.085,49.186],[3.087,49.188],[3.088,49.185],[3.082,49.178],[3.082,49.165],[3.093,49.155],[3.099,49.155],[3.094,49.161],[3.089,49.162],[3.087,49.171],[3.084,49.173],[3.094,49.188],[3.093,49.189],[3.101,49.192],[3.097,49.195],[3.101,49.198],[3.117,49.19],[3.115,49.182],[3.113,49.182],[3.117,49.176],[3.112,49.176],[3.112,49.172],[3.108,49.17],[3.108,49.166],[3.116,49.17],[3.121,49.162],[3.148,49.161],[3.137,49.151],[3.125,49.148],[3.127,49.145],[3.106,49.147],[3.115,49.139],[3.111,49.132],[3.093,49.142],[3.091,49.138],[3.097,49.132],[3.09,49.124],[3.084,49.121],[3.077,49.122],[3.072,49.118],[3.056,49.1],[3.056,49.096],[3.063,49.091],[3.065,49.085],[3.059,49.089],[3.051,49.085],[3.033,49.089],[3.032,49.086],[3.009,49.092],[3.006,49.086],[3.001,49.09],[2.991,49.084],[2.987,49.071],[2.975,49.074],[2.969,49.091],[2.957,49.085],[2.946,49.088],[2.941,49.077],[2.933,49.081],[2.923,49.078],[2.902,49.085],[2.895,49.077],[2.888,49.079],[2.87,49.07],[2.855,49.07],[2.855,49.073],[2.845,49.085],[2.83,49.084],[2.82,49.087],[2.809,49.098],[2.784,49.089],[2.789,49.083],[2.768,49.083],[2.787,49.076],[2.778,49.07],[2.754,49.061],[2.735,49.06],[2.732,49.07],[2.729,49.075],[2.725,49.075],[2.724,49.08],[2.721,49.079],[2.72,49.075],[2.705,49.065],[2.698,49.064],[2.69,49.068],[2.695,49.075],[2.677,49.088],[2.65,49.101],[2.641,49.099],[2.636,49.102],[2.637,49.107],[2.633,49.108],[2.631,49.102],[2.624,49.1],[2.623,49.096],[2.61,49.095],[2.603,49.086],[2.591,49.08],[2.583,49.081],[2.579,49.084],[2.579,49.092],[2.558,49.098],[2.556,49.109],[2.552,49.113],[2.556,49.118],[2.557,49.124],[2.549,49.122],[2.547,49.116],[2.54,49.116],[2.539,49.119],[2.544,49.12],[2.541,49.122],[2.533,49.119],[2.531,49.1],[2.49,49.106],[2.492,49.111],[2.503,49.118],[2.499,49.122],[2.475,49.128],[2.478,49.131],[2.472,49.135],[2.462,49.136],[2.462,49.139],[2.458,49.141],[2.447,49.136],[2.435,49.134],[2.441,49.146],[2.415,49.15],[2.413,49.152],[2.391,49.149],[2.376,49.159],[2.371,49.159],[2.359,49.147],[2.319,49.185],[2.301,49.184],[2.299,49.176],[2.289,49.171],[2.29,49.168],[2.285,49.166],[2.286,49.16],[2.268,49.156],[2.262,49.158],[2.254,49.153],[2.223,49.152],[2.217,49.155],[2.225,49.162],[2.235,49.167],[2.224,49.174],[2.219,49.181],[2.21,49.176],[2.196,49.173],[2.176,49.176],[2.182,49.17],[2.171,49.168],[2.169,49.164],[2.158,49.173],[2.165,49.18],[2.148,49.185],[2.147,49.188],[2.141,49.186],[2.141,49.179],[2.137,49.179],[2.135,49.191],[2.128,49.193],[2.113,49.187],[2.11,49.191],[2.098,49.189],[2.093,49.194],[2.089,49.194],[2.089,49.196],[2.093,49.196],[2.09,49.198],[2.091,49.209],[2.083,49.206],[2.081,49.21],[2.075,49.209],[2.072,49.204],[2.048,49.199],[2.034,49.188],[2.022,49.189],[2.002,49.176],[1.99,49.177],[1.973,49.184],[1.963,49.175],[1.95,49.17],[1.935,49.17],[1.934,49.174],[1.925,49.174],[1.883,49.162],[1.883,49.166],[1.877,49.171],[1.877,49.175],[1.858,49.17],[1.855,49.172],[1.844,49.17],[1.836,49.165],[1.835,49.165],[1.837,49.173],[1.834,49.176],[1.827,49.18],[1.812,49.174],[1.814,49.178],[1.804,49.18],[1.803,49.185],[1.795,49.185],[1.794,49.18],[1.791,49.18],[1.785,49.186],[1.756,49.175],[1.741,49.181],[1.745,49.183],[1.737,49.195],[1.727,49.195],[1.725,49.201],[1.716,49.203],[1.715,49.207],[1.734,49.211],[1.734,49.221],[1.74,49.223],[1.73,49.229],[1.712,49.233],[1.713,49.241],[1.709,49.241],[1.709,49.236],[1.704,49.232],[1.699,49.235],[1.702,49.238],[1.699,49.247],[1.701,49.252],[1.708,49.255],[1.709,49.264],[1.726,49.265],[1.737,49.27],[1.75,49.267],[1.759,49.272],[1.757,49.266],[1.759,49.263],[1.767,49.262],[1.769,49.256],[1.767,49.252],[1.779,49.249],[1.789,49.249],[1.791,49.247],[1.79,49.254],[1.803,49.272],[1.793,49.274],[1.797,49.28],[1.794,49.283],[1.798,49.288],[1.791,49.288],[1.784,49.293],[1.778,49.292],[1.778,49.29],[1.772,49.291],[1.775,49.306],[1.773,49.31],[1.771,49.311],[1.772,49.314],[1.768,49.316],[1.767,49.32],[1.774,49.337],[1.768,49.34],[1.758,49.356],[1.762,49.36],[1.761,49.366],[1.757,49.37],[1.748,49.372],[1.745,49.38],[1.736,49.384],[1.73,49.391],[1.72,49.394],[1.74,49.406],[1.721,49.406],[1.719,49.403],[1.716,49.404],[1.714,49.409],[1.717,49.417],[1.724,49.422],[1.721,49.424],[1.724,49.427],[1.723,49.435],[1.729,49.436],[1.725,49.441],[1.734,49.441],[1.739,49.449],[1.751,49.453],[1.748,49.459],[1.776,49.471],[1.773,49.478],[1.776,49.483],[1.772,49.485],[1.781,49.491],[1.789,49.49],[1.791,49.498],[1.788,49.499],[1.79,49.503],[1.772,49.513],[1.767,49.509],[1.759,49.511],[1.757,49.506],[1.751,49.504],[1.753,49.497],[1.745,49.489],[1.744,49.495],[1.74,49.5],[1.725,49.5],[1.725,49.503],[1.716,49.504],[1.726,49.514],[1.738,49.52],[1.741,49.519],[1.736,49.525],[1.744,49.529],[1.742,49.533],[1.748,49.538],[1.739,49.543],[1.733,49.541],[1.723,49.544],[1.73,49.556],[1.727,49.558],[1.73,49.561],[1.714,49.578],[1.703,49.578],[1.698,49.572],[1.695,49.575],[1.7,49.578],[1.7,49.58],[1.691,49.58],[1.697,49.582],[1.71,49.58],[1.72,49.582],[1.722,49.589],[1.709,49.587],[1.705,49.591],[1.708,49.595],[1.694,49.601],[1.7,49.602],[1.711,49.612],[1.717,49.615],[1.722,49.622],[1.717,49.633],[1.699,49.644],[1.709,49.646],[1.713,49.655],[1.722,49.659],[1.723,49.673],[1.752,49.681],[1.749,49.692],[1.751,49.694],[1.744,49.699],[1.744,49.702],[1.74,49.701],[1.724,49.694],[1.715,49.682],[1.705,49.681],[1.69,49.695],[1.697,49.697],[1.706,49.707],[1.712,49.705],[1.715,49.709],[1.713,49.734],[1.723,49.73],[1.745,49.739],[1.743,49.747],[1.739,49.749],[1.75,49.764],[1.763,49.757],[1.784,49.758]]]]}},{"type":"Feature","properties":{"code":"61","nom":"Orne"},"geometry":{"type":"Polygon","coordinates":[[[-0.841,48.752],[-0.822,48.753],[-0.808,48.76],[-0.795,48.771],[-0.794,48.777],[-0.781,48.784],[-0.781,48.787],[-0.761,48.788],[-0.742,48.792],[-0.728,48.799],[-0.713,48.801],[-0.704,48.811],[-0.682,48.822],[-0.69,48.824],[-0.706,48.838],[-0.693,48.847],[-0.687,48.846],[-0.686,48.842],[-0.681,48.841],[-0.672,48.844],[-0.67,48.839],[-0.66,48.841],[-0.656,48.838],[-0.643,48.841],[-0.642,48.832],[-0.645,48.827],[-0.624,48.827],[-0.605,48.834],[-0.581,48.838],[-0.572,48.83],[-0.56,48.834],[-0.55,48.847],[-0.523,48.85],[-0.515,48.85],[-0.509,48.846],[-0.502,48.846],[-0.494,48.849],[-0.495,48.852],[-0.5,48.855],[-0.497,48.858],[-0.476,48.859],[-0.472,48.866],[-0.464,48.871],[-0.45,48.869],[-0.439,48.873],[-0.438,48.87],[-0.434,48.869],[-0.433,48.871],[-0.437,48.872],[-0.432,48.875],[-0.425,48.872],[-0.424,48.868],[-0.428,48.867],[-0.426,48.866],[-0.41,48.871],[-0.406,48.87],[-0.404,48.861],[-0.394,48.855],[-0.386,48.845],[-0.381,48.849],[-0.376,48.846],[-0.363,48.849],[-0.36,48.847],[-0.358,48.845],[-0.361,48.842],[-0.375,48.84],[-0.368,48.84],[-0.373,48.835],[-0.364,48.835],[-0.363,48.831],[-0.346,48.822],[-0.327,48.839],[-0.336,48.846],[-0.329,48.858],[-0.305,48.858],[-0.299,48.849],[-0.296,48.852],[-0.281,48.854],[-0.262,48.854],[-0.261,48.849],[-0.242,48.849],[-0.232,48.847],[-0.23,48.843],[-0.213,48.84],[-0.204,48.846],[-0.195,48.838],[-0.191,48.84],[-0.178,48.835],[-0.176,48.833],[-0.179,48.829],[-0.169,48.827],[-0.17,48.825],[-0.152,48.82],[-0.147,48.823],[-0.128,48.816],[-0.143,48.828],[-0.146,48.834],[-0.133,48.835],[-0.123,48.84],[-0.126,48.842],[-0.124,48.844],[-0.127,48.846],[-0.124,48.847],[-0.114,48.839],[-0.109,48.842],[-0.107,48.84],[-0.101,48.843],[-0.083,48.845],[-0.075,48.841],[-0.069,48.843],[-0.069,48.84],[-0.059,48.853],[-0.035,48.866],[-0.027,48.876],[-0.023,48.878],[-0.019,48.874],[-0.013,48.878],[-0.007,48.872],[-0.01,48.884],[-0.007,48.885],[0.026,48.896],[0.031,48.894],[0.056,48.902],[0.067,48.927],[0.081,48.938],[0.101,48.934],[0.104,48.94],[0.128,48.952],[0.136,48.951],[0.143,48.945],[0.148,48.929],[0.154,48.924],[0.18,48.93],[0.184,48.939],[0.195,48.944],[0.217,48.946],[0.225,48.94],[0.233,48.939],[0.242,48.944],[0.239,48.952],[0.245,48.959],[0.263,48.965],[0.278,48.965],[0.28,48.963],[0.277,48.961],[0.281,48.959],[0.277,48.957],[0.281,48.953],[0.277,48.95],[0.29,48.949],[0.309,48.954],[0.324,48.944],[0.331,48.945],[0.333,48.943],[0.357,48.95],[0.368,48.959],[0.377,48.973],[0.384,48.967],[0.406,48.963],[0.4,48.953],[0.413,48.951],[0.412,48.946],[0.395,48.929],[0.391,48.928],[0.386,48.91],[0.402,48.905],[0.406,48.901],[0.422,48.899],[0.419,48.892],[0.421,48.89],[0.421,48.887],[0.441,48.885],[0.443,48.887],[0.439,48.889],[0.45,48.891],[0.443,48.881],[0.457,48.88],[0.457,48.886],[0.463,48.889],[0.476,48.887],[0.495,48.879],[0.507,48.877],[0.51,48.88],[0.521,48.881],[0.551,48.874],[0.566,48.887],[0.578,48.894],[0.596,48.888],[0.595,48.883],[0.587,48.881],[0.585,48.877],[0.59,48.873],[0.596,48.875],[0.603,48.874],[0.609,48.879],[0.615,48.878],[0.605,48.87],[0.602,48.862],[0.612,48.858],[0.609,48.853],[0.623,48.853],[0.634,48.856],[0.636,48.854],[0.62,48.847],[0.615,48.836],[0.608,48.832],[0.622,48.83],[0.643,48.816],[0.665,48.81],[0.689,48.793],[0.696,48.795],[0.712,48.789],[0.716,48.785],[0.72,48.788],[0.732,48.785],[0.74,48.777],[0.753,48.773],[0.758,48.768],[0.749,48.761],[0.761,48.753],[0.775,48.738],[0.76,48.728],[0.759,48.72],[0.744,48.717],[0.729,48.707],[0.732,48.703],[0.75,48.705],[0.766,48.697],[0.768,48.693],[0.761,48.687],[0.761,48.68],[0.769,48.679],[0.765,48.675],[0.769,48.67],[0.782,48.667],[0.795,48.675],[0.815,48.67],[0.81,48.662],[0.819,48.658],[0.818,48.655],[0.825,48.649],[0.822,48.644],[0.822,48.636],[0.83,48.632],[0.817,48.615],[0.82,48.61],[0.847,48.61],[0.851,48.583],[0.869,48.573],[0.88,48.574],[0.894,48.572],[0.924,48.558],[0.926,48.56],[0.939,48.551],[0.923,48.538],[0.925,48.536],[0.952,48.526],[0.968,48.524],[0.954,48.504],[0.942,48.499],[0.955,48.493],[0.954,48.483],[0.956,48.482],[0.936,48.476],[0.937,48.467],[0.94,48.466],[0.939,48.461],[0.948,48.456],[0.956,48.444],[0.969,48.441],[0.973,48.444],[0.976,48.439],[0.945,48.417],[0.944,48.41],[0.95,48.399],[0.941,48.398],[0.929,48.39],[0.927,48.384],[0.918,48.377],[0.914,48.379],[0.916,48.375],[0.909,48.37],[0.901,48.374],[0.884,48.357],[0.876,48.355],[0.872,48.36],[0.862,48.351],[0.852,48.349],[0.84,48.353],[0.844,48.351],[0.842,48.347],[0.831,48.345],[0.829,48.342],[0.818,48.349],[0.812,48.349],[0.807,48.344],[0.791,48.343],[0.785,48.34],[0.784,48.334],[0.769,48.322],[0.769,48.313],[0.762,48.31],[0.763,48.307],[0.756,48.3],[0.761,48.299],[0.778,48.303],[0.793,48.293],[0.807,48.29],[0.796,48.287],[0.786,48.271],[0.791,48.266],[0.789,48.262],[0.802,48.25],[0.802,48.245],[0.83,48.214],[0.83,48.211],[0.806,48.205],[0.809,48.198],[0.798,48.194],[0.758,48.18],[0.738,48.189],[0.73,48.201],[0.724,48.198],[0.716,48.215],[0.704,48.219],[0.707,48.223],[0.7,48.232],[0.686,48.241],[0.688,48.246],[0.682,48.249],[0.683,48.255],[0.671,48.255],[0.665,48.261],[0.652,48.264],[0.64,48.261],[0.634,48.258],[0.631,48.253],[0.638,48.236],[0.632,48.235],[0.628,48.237],[0.63,48.241],[0.624,48.245],[0.613,48.242],[0.608,48.244],[0.567,48.245],[0.549,48.25],[0.536,48.25],[0.538,48.257],[0.533,48.264],[0.516,48.269],[0.513,48.267],[0.508,48.273],[0.502,48.276],[0.503,48.278],[0.495,48.282],[0.495,48.287],[0.507,48.295],[0.49,48.309],[0.481,48.299],[0.466,48.306],[0.431,48.307],[0.426,48.318],[0.42,48.321],[0.412,48.32],[0.413,48.317],[0.404,48.315],[0.384,48.333],[0.38,48.342],[0.385,48.343],[0.388,48.35],[0.384,48.353],[0.38,48.367],[0.38,48.38],[0.374,48.387],[0.377,48.392],[0.372,48.41],[0.381,48.416],[0.382,48.425],[0.368,48.438],[0.368,48.441],[0.364,48.446],[0.366,48.449],[0.357,48.458],[0.339,48.462],[0.336,48.463],[0.339,48.465],[0.329,48.468],[0.327,48.472],[0.309,48.473],[0.301,48.48],[0.275,48.479],[0.265,48.485],[0.259,48.477],[0.249,48.474],[0.241,48.476],[0.232,48.472],[0.213,48.474],[0.19,48.462],[0.173,48.465],[0.17,48.462],[0.17,48.454],[0.174,48.451],[0.171,48.449],[0.163,48.451],[0.152,48.457],[0.146,48.457],[0.145,48.453],[0.158,48.444],[0.158,48.441],[0.151,48.437],[0.117,48.436],[0.106,48.426],[0.11,48.423],[0.1,48.41],[0.071,48.409],[0.054,48.392],[0.063,48.383],[0.061,48.38],[0.015,48.382],[0.011,48.39],[0.004,48.389],[0.003,48.396],[-0.001,48.397],[-0.012,48.394],[-0.019,48.395],[-0.022,48.392],[-0.021,48.387],[-0.035,48.386],[-0.037,48.381],[-0.051,48.38],[-0.051,48.375],[-0.055,48.378],[-0.055,48.382],[-0.058,48.387],[-0.053,48.393],[-0.056,48.396],[-0.055,48.407],[-0.058,48.409],[-0.053,48.413],[-0.058,48.421],[-0.053,48.425],[-0.057,48.431],[-0.05,48.444],[-0.051,48.453],[-0.071,48.458],[-0.073,48.451],[-0.106,48.447],[-0.125,48.449],[-0.147,48.456],[-0.151,48.465],[-0.147,48.473],[-0.154,48.477],[-0.149,48.48],[-0.155,48.487],[-0.156,48.496],[-0.168,48.504],[-0.172,48.502],[-0.172,48.511],[-0.163,48.518],[-0.145,48.521],[-0.145,48.528],[-0.17,48.537],[-0.174,48.542],[-0.179,48.541],[-0.181,48.545],[-0.19,48.549],[-0.194,48.555],[-0.208,48.564],[-0.217,48.558],[-0.234,48.562],[-0.243,48.568],[-0.249,48.563],[-0.246,48.558],[-0.263,48.549],[-0.246,48.543],[-0.241,48.537],[-0.251,48.527],[-0.261,48.527],[-0.264,48.522],[-0.275,48.518],[-0.268,48.517],[-0.272,48.507],[-0.285,48.507],[-0.285,48.517],[-0.288,48.519],[-0.293,48.515],[-0.32,48.523],[-0.336,48.509],[-0.336,48.502],[-0.349,48.501],[-0.356,48.496],[-0.349,48.489],[-0.353,48.484],[-0.368,48.488],[-0.369,48.492],[-0.367,48.494],[-0.372,48.496],[-0.383,48.497],[-0.393,48.501],[-0.391,48.509],[-0.395,48.51],[-0.409,48.506],[-0.424,48.507],[-0.434,48.514],[-0.439,48.512],[-0.447,48.515],[-0.45,48.513],[-0.47,48.512],[-0.469,48.508],[-0.478,48.502],[-0.485,48.504],[-0.493,48.502],[-0.51,48.509],[-0.517,48.504],[-0.516,48.498],[-0.53,48.495],[-0.537,48.49],[-0.54,48.484],[-0.55,48.48],[-0.552,48.473],[-0.56,48.472],[-0.565,48.477],[-0.573,48.469],[-0.595,48.473],[-0.616,48.459],[-0.625,48.457],[-0.651,48.444],[-0.656,48.448],[-0.654,48.46],[-0.66,48.469],[-0.656,48.474],[-0.657,48.476],[-0.662,48.476],[-0.66,48.48],[-0.662,48.484],[-0.669,48.486],[-0.669,48.483],[-0.675,48.485],[-0.678,48.479],[-0.685,48.477],[-0.682,48.471],[-0.692,48.468],[-0.702,48.467],[-0.704,48.47],[-0.7,48.473],[-0.705,48.476],[-0.715,48.469],[-0.725,48.473],[-0.731,48.473],[-0.738,48.465],[-0.736,48.461],[-0.729,48.46],[-0.725,48.455],[-0.715,48.454],[-0.715,48.449],[-0.727,48.445],[-0.735,48.446],[-0.752,48.437],[-0.765,48.437],[-0.766,48.441],[-0.78,48.446],[-0.778,48.465],[-0.797,48.466],[-0.799,48.459],[-0.813,48.455],[-0.816,48.462],[-0.814,48.465],[-0.819,48.469],[-0.815,48.472],[-0.827,48.476],[-0.827,48.479],[-0.833,48.479],[-0.832,48.483],[-0.838,48.485],[-0.84,48.493],[-0.846,48.5],[-0.849,48.498],[-0.86,48.501],[-0.856,48.506],[-0.856,48.512],[-0.847,48.522],[-0.827,48.531],[-0.827,48.534],[-0.821,48.536],[-0.806,48.551],[-0.79,48.552],[-0.774,48.563],[-0.773,48.571],[-0.776,48.574],[-0.77,48.581],[-0.77,48.59],[-0.758,48.595],[-0.752,48.601],[-0.75,48.61],[-0.753,48.621],[-0.739,48.623],[-0.742,48.627],[-0.762,48.631],[-0.764,48.634],[-0.762,48.637],[-0.77,48.645],[-0.773,48.657],[-0.76,48.664],[-0.759,48.67],[-0.755,48.675],[-0.746,48.676],[-0.743,48.681],[-0.736,48.68],[-0.735,48.686],[-0.743,48.69],[-0.764,48.692],[-0.779,48.702],[-0.79,48.704],[-0.799,48.712],[-0.804,48.714],[-0.803,48.717],[-0.808,48.725],[-0.818,48.731],[-0.828,48.734],[-0.835,48.727],[-0.849,48.731],[-0.852,48.746],[-0.841,48.752]]]}},{"type":"Feature","properties":{"code":"62","nom":"Pas-de-Calais"},"geometry":{"type":"MultiPolygon","coordinates":[[[[2.068,51.007],[2.093,51.003],[2.093,51],[2.11,50.988],[2.109,50.984],[2.121,50.98],[2.126,50.968],[2.135,50.964],[2.138,50.951],[2.15,50.941],[2.151,50.93],[2.164,50.917],[2.17,50.902],[2.185,50.883],[2.19,50.873],[2.191,50.862],[2.204,50.85],[2.202,50.844],[2.208,50.838],[2.206,50.833],[2.213,50.822],[2.213,50.811],[2.22,50.812],[2.235,50.805],[2.253,50.788],[2.27,50.783],[2.288,50.787],[2.289,50.777],[2.312,50.787],[2.314,50.783],[2.343,50.781],[2.369,50.772],[2.37,50.774],[2.364,50.78],[2.372,50.784],[2.383,50.78],[2.381,50.779],[2.399,50.775],[2.406,50.77],[2.402,50.768],[2.411,50.767],[2.408,50.762],[2.4,50.765],[2.392,50.757],[2.385,50.757],[2.377,50.752],[2.371,50.756],[2.364,50.75],[2.339,50.74],[2.341,50.738],[2.338,50.736],[2.34,50.731],[2.352,50.725],[2.349,50.723],[2.351,50.72],[2.364,50.71],[2.387,50.701],[2.386,50.697],[2.364,50.685],[2.364,50.681],[2.372,50.679],[2.374,50.672],[2.381,50.671],[2.403,50.682],[2.412,50.669],[2.414,50.67],[2.416,50.666],[2.422,50.666],[2.429,50.657],[2.45,50.654],[2.487,50.632],[2.517,50.635],[2.526,50.643],[2.533,50.643],[2.539,50.64],[2.536,50.638],[2.538,50.637],[2.535,50.635],[2.538,50.635],[2.537,50.631],[2.543,50.629],[2.545,50.625],[2.555,50.626],[2.556,50.629],[2.559,50.629],[2.564,50.625],[2.567,50.626],[2.563,50.631],[2.566,50.633],[2.577,50.631],[2.585,50.637],[2.59,50.638],[2.595,50.631],[2.615,50.635],[2.614,50.627],[2.625,50.626],[2.631,50.618],[2.643,50.623],[2.675,50.625],[2.674,50.638],[2.682,50.636],[2.684,50.633],[2.694,50.634],[2.697,50.628],[2.713,50.632],[2.724,50.627],[2.719,50.622],[2.725,50.614],[2.746,50.605],[2.752,50.607],[2.748,50.613],[2.758,50.618],[2.753,50.628],[2.761,50.625],[2.759,50.635],[2.786,50.628],[2.792,50.634],[2.759,50.651],[2.763,50.659],[2.774,50.665],[2.799,50.663],[2.809,50.669],[2.821,50.661],[2.825,50.663],[2.84,50.657],[2.87,50.631],[2.849,50.626],[2.843,50.629],[2.807,50.607],[2.789,50.583],[2.808,50.579],[2.809,50.574],[2.812,50.574],[2.817,50.565],[2.811,50.558],[2.817,50.554],[2.812,50.55],[2.794,50.549],[2.8,50.541],[2.8,50.528],[2.807,50.527],[2.811,50.529],[2.831,50.526],[2.859,50.53],[2.887,50.538],[2.887,50.532],[2.891,50.53],[2.88,50.516],[2.883,50.514],[2.882,50.508],[2.889,50.508],[2.891,50.504],[2.887,50.503],[2.901,50.5],[2.905,50.503],[2.91,50.5],[2.93,50.508],[2.95,50.512],[2.958,50.509],[2.964,50.51],[2.965,50.513],[2.992,50.498],[3.005,50.495],[3.016,50.486],[3.028,50.484],[3.031,50.48],[3.021,50.482],[3.02,50.475],[3.016,50.47],[3.019,50.467],[3.014,50.461],[3.007,50.458],[3.012,50.452],[3.019,50.452],[3.015,50.448],[3.016,50.442],[3.029,50.445],[3.038,50.442],[3.044,50.449],[3.055,50.455],[3.069,50.458],[3.066,50.448],[3.082,50.444],[3.074,50.438],[3.069,50.426],[3.039,50.423],[3.029,50.412],[3.03,50.41],[3.014,50.403],[2.992,50.4],[2.991,50.403],[2.987,50.401],[2.98,50.403],[2.989,50.397],[2.995,50.388],[2.993,50.38],[2.997,50.379],[3.005,50.367],[3.009,50.366],[3.009,50.363],[3.006,50.361],[3.008,50.359],[3.013,50.359],[3.029,50.354],[3.039,50.344],[3.047,50.346],[3.05,50.344],[3.063,50.331],[3.06,50.329],[3.064,50.324],[3.084,50.311],[3.069,50.305],[3.067,50.309],[3.063,50.304],[3.054,50.302],[3.056,50.3],[3.048,50.294],[3.055,50.29],[3.051,50.286],[3.055,50.282],[3.044,50.283],[3.041,50.287],[3.018,50.285],[3.012,50.282],[3.017,50.275],[3.011,50.269],[3.023,50.263],[3.027,50.268],[3.034,50.266],[3.049,50.278],[3.062,50.272],[3.079,50.275],[3.1,50.269],[3.141,50.265],[3.149,50.262],[3.15,50.256],[3.147,50.252],[3.151,50.25],[3.147,50.246],[3.158,50.243],[3.162,50.245],[3.162,50.242],[3.169,50.244],[3.175,50.24],[3.178,50.233],[3.187,50.235],[3.185,50.231],[3.188,50.229],[3.174,50.219],[3.15,50.22],[3.139,50.217],[3.139,50.209],[3.131,50.199],[3.147,50.195],[3.143,50.191],[3.153,50.185],[3.157,50.185],[3.156,50.182],[3.145,50.179],[3.137,50.17],[3.138,50.167],[3.119,50.165],[3.116,50.168],[3.101,50.162],[3.109,50.159],[3.115,50.148],[3.137,50.143],[3.129,50.137],[3.124,50.137],[3.115,50.131],[3.108,50.131],[3.092,50.121],[3.105,50.115],[3.103,50.112],[3.106,50.11],[3.105,50.106],[3.113,50.105],[3.114,50.092],[3.103,50.079],[3.1,50.081],[3.098,50.079],[3.099,50.083],[3.088,50.083],[3.088,50.08],[3.09,50.078],[3.087,50.078],[3.088,50.076],[3.098,50.068],[3.086,50.066],[3.088,50.061],[3.085,50.059],[3.084,50.056],[3.09,50.054],[3.086,50.048],[3.074,50.045],[3.046,50.055],[3.033,50.055],[3.034,50.058],[3.026,50.057],[3.025,50.054],[3.014,50.059],[2.972,50.042],[2.968,50.043],[2.969,50.048],[2.945,50.054],[2.933,50.043],[2.925,50.045],[2.925,50.047],[2.921,50.049],[2.917,50.044],[2.921,50.043],[2.917,50.04],[2.916,50.035],[2.913,50.038],[2.896,50.037],[2.875,50.027],[2.879,50.025],[2.878,50.021],[2.869,50.023],[2.864,50.02],[2.855,50.026],[2.858,50.027],[2.85,50.029],[2.858,50.035],[2.864,50.032],[2.87,50.035],[2.878,50.042],[2.874,50.049],[2.867,50.052],[2.868,50.056],[2.864,50.061],[2.855,50.062],[2.858,50.077],[2.856,50.078],[2.848,50.078],[2.834,50.072],[2.836,50.066],[2.834,50.064],[2.822,50.068],[2.821,50.062],[2.815,50.063],[2.812,50.058],[2.808,50.062],[2.789,50.045],[2.786,50.051],[2.777,50.047],[2.779,50.045],[2.775,50.042],[2.763,50.038],[2.753,50.039],[2.743,50.048],[2.764,50.061],[2.759,50.068],[2.776,50.082],[2.773,50.083],[2.774,50.086],[2.782,50.091],[2.778,50.094],[2.78,50.105],[2.778,50.107],[2.781,50.108],[2.777,50.116],[2.763,50.11],[2.759,50.113],[2.75,50.112],[2.73,50.126],[2.709,50.128],[2.708,50.123],[2.712,50.119],[2.709,50.116],[2.714,50.11],[2.698,50.106],[2.696,50.102],[2.719,50.088],[2.714,50.083],[2.707,50.084],[2.705,50.081],[2.691,50.093],[2.682,50.095],[2.672,50.094],[2.669,50.098],[2.655,50.1],[2.648,50.094],[2.644,50.098],[2.639,50.097],[2.628,50.109],[2.613,50.111],[2.602,50.107],[2.601,50.109],[2.593,50.107],[2.59,50.111],[2.591,50.112],[2.576,50.113],[2.569,50.121],[2.579,50.127],[2.578,50.129],[2.584,50.133],[2.582,50.135],[2.587,50.137],[2.578,50.14],[2.568,50.136],[2.557,50.143],[2.552,50.143],[2.546,50.135],[2.547,50.129],[2.545,50.127],[2.548,50.124],[2.533,50.114],[2.519,50.129],[2.515,50.141],[2.482,50.138],[2.459,50.129],[2.455,50.131],[2.43,50.088],[2.419,50.088],[2.415,50.101],[2.4,50.102],[2.403,50.106],[2.397,50.107],[2.392,50.112],[2.39,50.106],[2.387,50.109],[2.375,50.109],[2.38,50.124],[2.387,50.135],[2.382,50.139],[2.389,50.14],[2.393,50.147],[2.39,50.149],[2.391,50.153],[2.389,50.155],[2.399,50.156],[2.403,50.165],[2.413,50.162],[2.417,50.167],[2.415,50.173],[2.42,50.176],[2.437,50.181],[2.451,50.179],[2.468,50.187],[2.496,50.195],[2.495,50.2],[2.485,50.208],[2.474,50.208],[2.461,50.217],[2.451,50.231],[2.437,50.227],[2.417,50.228],[2.41,50.235],[2.403,50.234],[2.397,50.228],[2.392,50.228],[2.392,50.225],[2.382,50.226],[2.378,50.222],[2.379,50.218],[2.373,50.218],[2.371,50.209],[2.359,50.206],[2.355,50.208],[2.36,50.215],[2.353,50.217],[2.333,50.238],[2.315,50.235],[2.316,50.231],[2.321,50.233],[2.332,50.222],[2.333,50.218],[2.328,50.213],[2.323,50.217],[2.324,50.219],[2.32,50.22],[2.299,50.212],[2.287,50.222],[2.27,50.229],[2.246,50.211],[2.243,50.214],[2.222,50.209],[2.226,50.211],[2.226,50.214],[2.213,50.218],[2.208,50.214],[2.2,50.215],[2.202,50.214],[2.192,50.209],[2.174,50.209],[2.16,50.195],[2.152,50.194],[2.15,50.19],[2.146,50.194],[2.146,50.199],[2.129,50.21],[2.121,50.211],[2.119,50.208],[2.116,50.208],[2.115,50.203],[2.103,50.208],[2.103,50.205],[2.095,50.208],[2.094,50.202],[2.086,50.201],[2.083,50.204],[2.085,50.217],[2.08,50.221],[2.075,50.22],[2.075,50.227],[2.068,50.227],[2.068,50.234],[2.064,50.234],[2.065,50.241],[2.074,50.244],[2.076,50.252],[2.07,50.251],[2.065,50.255],[2.048,50.257],[2.037,50.267],[2.031,50.265],[2.026,50.27],[2.011,50.267],[1.977,50.282],[1.969,50.282],[1.961,50.29],[1.954,50.289],[1.952,50.285],[1.946,50.288],[1.941,50.295],[1.931,50.299],[1.958,50.313],[1.962,50.312],[1.96,50.315],[1.964,50.322],[1.947,50.331],[1.938,50.33],[1.934,50.324],[1.923,50.32],[1.924,50.317],[1.919,50.312],[1.908,50.312],[1.898,50.314],[1.898,50.318],[1.881,50.318],[1.872,50.325],[1.875,50.327],[1.871,50.335],[1.858,50.336],[1.852,50.343],[1.841,50.347],[1.832,50.345],[1.805,50.36],[1.762,50.362],[1.759,50.358],[1.735,50.353],[1.74,50.351],[1.728,50.346],[1.705,50.344],[1.695,50.339],[1.69,50.344],[1.691,50.339],[1.665,50.33],[1.662,50.332],[1.665,50.334],[1.663,50.338],[1.655,50.336],[1.651,50.34],[1.645,50.339],[1.647,50.344],[1.643,50.346],[1.646,50.348],[1.642,50.352],[1.635,50.356],[1.631,50.361],[1.633,50.365],[1.625,50.372],[1.612,50.37],[1.601,50.378],[1.598,50.376],[1.59,50.378],[1.583,50.376],[1.577,50.381],[1.568,50.395],[1.561,50.394],[1.556,50.398],[1.57,50.444],[1.577,50.494],[1.577,50.517],[1.585,50.537],[1.589,50.539],[1.594,50.537],[1.592,50.533],[1.599,50.527],[1.602,50.53],[1.609,50.527],[1.637,50.51],[1.659,50.508],[1.636,50.513],[1.627,50.52],[1.621,50.534],[1.615,50.535],[1.612,50.539],[1.608,50.539],[1.609,50.536],[1.603,50.541],[1.605,50.545],[1.603,50.548],[1.581,50.563],[1.577,50.572],[1.58,50.586],[1.576,50.641],[1.561,50.7],[1.57,50.708],[1.573,50.716],[1.563,50.724],[1.57,50.725],[1.575,50.728],[1.571,50.72],[1.574,50.717],[1.577,50.718],[1.573,50.719],[1.578,50.728],[1.586,50.731],[1.591,50.729],[1.582,50.724],[1.597,50.728],[1.603,50.722],[1.598,50.728],[1.591,50.73],[1.594,50.733],[1.596,50.746],[1.594,50.75],[1.602,50.757],[1.606,50.768],[1.602,50.786],[1.606,50.792],[1.603,50.804],[1.6,50.806],[1.594,50.82],[1.589,50.825],[1.59,50.829],[1.586,50.839],[1.578,50.853],[1.582,50.871],[1.603,50.871],[1.642,50.879],[1.667,50.892],[1.712,50.929],[1.738,50.942],[1.781,50.955],[1.835,50.963],[1.844,50.968],[1.848,50.961],[1.851,50.964],[1.855,50.963],[1.849,50.967],[1.866,50.97],[1.854,50.969],[1.853,50.971],[1.871,50.975],[1.89,50.972],[1.916,50.984],[2.043,50.997],[2.049,51.004],[2.068,51.007]],[[3.04,50.16],[3.05,50.166],[3.055,50.164],[3.061,50.167],[3.06,50.174],[3.09,50.172],[3.093,50.17],[3.091,50.168],[3.094,50.167],[3.091,50.165],[3.095,50.164],[3.084,50.154],[3.076,50.153],[3.074,50.149],[3.068,50.147],[3.072,50.14],[3.07,50.136],[3.074,50.134],[3.071,50.132],[3.074,50.132],[3.067,50.129],[3.054,50.133],[3.047,50.132],[3.045,50.129],[3.037,50.13],[3.025,50.116],[3.011,50.113],[3.01,50.115],[2.999,50.119],[3.003,50.13],[3.002,50.134],[2.997,50.133],[2.993,50.137],[3.004,50.15],[3.008,50.147],[3.013,50.153],[3.04,50.152],[3.038,50.159],[3.04,50.16]]]]}},{"type":"Feature","properties":{"code":"63","nom":"Puy-de-Dôme"},"geometry":{"type":"Polygon","coordinates":[[[2.565,46.143],[2.572,46.142],[2.591,46.127],[2.607,46.13],[2.618,46.124],[2.626,46.124],[2.633,46.119],[2.641,46.118],[2.655,46.124],[2.656,46.133],[2.661,46.134],[2.664,46.14],[2.661,46.143],[2.669,46.144],[2.668,46.155],[2.676,46.157],[2.675,46.172],[2.693,46.176],[2.702,46.181],[2.713,46.179],[2.723,46.182],[2.722,46.188],[2.732,46.194],[2.726,46.199],[2.725,46.205],[2.722,46.205],[2.721,46.212],[2.733,46.223],[2.749,46.219],[2.759,46.21],[2.77,46.212],[2.787,46.199],[2.809,46.195],[2.817,46.202],[2.818,46.218],[2.823,46.22],[2.823,46.226],[2.818,46.232],[2.819,46.242],[2.826,46.242],[2.83,46.247],[2.838,46.251],[2.845,46.249],[2.86,46.257],[2.865,46.25],[2.891,46.254],[2.904,46.249],[2.921,46.25],[2.945,46.241],[2.935,46.238],[2.932,46.233],[2.935,46.224],[2.941,46.225],[2.934,46.219],[2.927,46.219],[2.915,46.214],[2.913,46.21],[2.916,46.208],[2.91,46.203],[2.921,46.191],[2.913,46.177],[2.943,46.168],[2.952,46.171],[2.951,46.168],[2.956,46.163],[2.955,46.147],[2.962,46.13],[2.972,46.122],[2.977,46.125],[2.985,46.125],[3.001,46.12],[3.011,46.113],[3.016,46.105],[3.014,46.103],[3.023,46.102],[3.038,46.107],[3.048,46.1],[3.067,46.103],[3.091,46.115],[3.091,46.105],[3.096,46.102],[3.101,46.093],[3.098,46.084],[3.116,46.081],[3.131,46.069],[3.175,46.066],[3.179,46.067],[3.179,46.073],[3.184,46.075],[3.203,46.073],[3.215,46.075],[3.221,46.067],[3.224,46.071],[3.229,46.071],[3.233,46.07],[3.23,46.066],[3.234,46.064],[3.245,46.062],[3.257,46.066],[3.277,46.062],[3.281,46.066],[3.295,46.062],[3.302,46.066],[3.301,46.061],[3.316,46.062],[3.319,46.061],[3.316,46.057],[3.335,46.055],[3.332,46.044],[3.355,46.053],[3.372,46.055],[3.381,46.066],[3.402,46.066],[3.419,46.074],[3.434,46.061],[3.444,46.06],[3.454,46.064],[3.459,46.061],[3.458,46.059],[3.462,46.056],[3.46,46.051],[3.472,46.039],[3.462,46.04],[3.468,46.025],[3.464,46.021],[3.464,46.008],[3.483,46.014],[3.501,46.013],[3.506,46.017],[3.525,46.012],[3.521,46.019],[3.523,46.022],[3.537,46.022],[3.544,46.013],[3.553,46.015],[3.556,46.019],[3.577,46.018],[3.585,46.024],[3.592,46.024],[3.6,46.017],[3.604,46.008],[3.613,46.001],[3.614,45.995],[3.626,45.985],[3.632,45.961],[3.642,45.967],[3.646,45.964],[3.67,45.961],[3.677,45.958],[3.682,45.951],[3.677,45.95],[3.682,45.942],[3.694,45.931],[3.723,45.922],[3.73,45.912],[3.74,45.909],[3.754,45.886],[3.745,45.884],[3.748,45.882],[3.744,45.88],[3.745,45.878],[3.739,45.872],[3.735,45.873],[3.735,45.871],[3.716,45.871],[3.72,45.861],[3.725,45.86],[3.724,45.861],[3.729,45.863],[3.726,45.86],[3.728,45.855],[3.719,45.851],[3.719,45.848],[3.72,45.843],[3.725,45.843],[3.728,45.832],[3.725,45.824],[3.717,45.819],[3.722,45.814],[3.712,45.8],[3.689,45.791],[3.701,45.781],[3.711,45.783],[3.732,45.775],[3.739,45.767],[3.728,45.756],[3.732,45.751],[3.746,45.742],[3.751,45.747],[3.759,45.746],[3.768,45.728],[3.781,45.724],[3.777,45.72],[3.783,45.707],[3.776,45.7],[3.777,45.691],[3.795,45.673],[3.806,45.656],[3.818,45.647],[3.823,45.632],[3.84,45.626],[3.859,45.625],[3.862,45.623],[3.86,45.621],[3.861,45.616],[3.878,45.608],[3.882,45.604],[3.907,45.598],[3.917,45.588],[3.935,45.578],[3.944,45.563],[3.954,45.556],[3.946,45.545],[3.948,45.538],[3.955,45.531],[3.953,45.525],[3.959,45.519],[3.961,45.506],[3.966,45.5],[3.971,45.501],[3.985,45.495],[3.983,45.482],[3.97,45.477],[3.967,45.472],[3.973,45.46],[3.969,45.452],[3.974,45.449],[3.96,45.443],[3.963,45.441],[3.963,45.435],[3.92,45.425],[3.918,45.421],[3.914,45.422],[3.908,45.418],[3.91,45.412],[3.899,45.41],[3.899,45.406],[3.892,45.399],[3.893,45.396],[3.889,45.395],[3.893,45.389],[3.892,45.385],[3.895,45.383],[3.891,45.38],[3.894,45.376],[3.891,45.37],[3.896,45.364],[3.894,45.36],[3.897,45.357],[3.892,45.354],[3.882,45.357],[3.873,45.355],[3.86,45.36],[3.854,45.36],[3.85,45.364],[3.851,45.368],[3.838,45.366],[3.834,45.375],[3.838,45.376],[3.836,45.383],[3.822,45.38],[3.821,45.385],[3.805,45.392],[3.8,45.39],[3.795,45.384],[3.791,45.385],[3.79,45.376],[3.785,45.37],[3.791,45.364],[3.787,45.361],[3.79,45.36],[3.79,45.354],[3.779,45.355],[3.78,45.351],[3.776,45.349],[3.762,45.353],[3.757,45.357],[3.756,45.354],[3.746,45.355],[3.741,45.353],[3.733,45.356],[3.73,45.361],[3.725,45.359],[3.7,45.359],[3.697,45.365],[3.707,45.37],[3.707,45.374],[3.699,45.372],[3.691,45.373],[3.691,45.38],[3.683,45.378],[3.685,45.38],[3.68,45.384],[3.674,45.38],[3.67,45.384],[3.664,45.362],[3.653,45.358],[3.645,45.359],[3.645,45.351],[3.634,45.345],[3.628,45.339],[3.619,45.338],[3.587,45.361],[3.585,45.368],[3.588,45.375],[3.577,45.388],[3.571,45.402],[3.565,45.396],[3.556,45.392],[3.554,45.397],[3.531,45.401],[3.53,45.398],[3.524,45.406],[3.521,45.402],[3.506,45.411],[3.502,45.422],[3.504,45.424],[3.5,45.428],[3.491,45.423],[3.48,45.421],[3.477,45.415],[3.461,45.406],[3.464,45.402],[3.43,45.402],[3.42,45.397],[3.419,45.401],[3.406,45.403],[3.402,45.4],[3.39,45.404],[3.378,45.401],[3.373,45.408],[3.363,45.414],[3.356,45.423],[3.35,45.42],[3.341,45.421],[3.343,45.417],[3.334,45.408],[3.334,45.398],[3.33,45.397],[3.329,45.399],[3.328,45.397],[3.32,45.413],[3.316,45.412],[3.311,45.418],[3.298,45.42],[3.29,45.401],[3.254,45.389],[3.243,45.39],[3.238,45.394],[3.222,45.382],[3.219,45.369],[3.211,45.367],[3.209,45.371],[3.202,45.371],[3.192,45.367],[3.196,45.366],[3.195,45.363],[3.181,45.365],[3.175,45.355],[3.18,45.351],[3.147,45.35],[3.14,45.355],[3.131,45.351],[3.104,45.354],[3.092,45.348],[3.089,45.344],[3.091,45.341],[3.087,45.339],[3.082,45.336],[3.069,45.337],[3.062,45.329],[3.066,45.316],[3.059,45.314],[3.056,45.311],[3.058,45.308],[3.052,45.303],[3.022,45.295],[3.021,45.288],[3.018,45.287],[2.999,45.291],[2.998,45.294],[2.969,45.307],[2.949,45.309],[2.946,45.316],[2.934,45.326],[2.926,45.343],[2.92,45.363],[2.922,45.368],[2.914,45.366],[2.901,45.371],[2.9,45.377],[2.886,45.383],[2.874,45.381],[2.874,45.375],[2.868,45.376],[2.857,45.382],[2.858,45.386],[2.851,45.39],[2.852,45.392],[2.831,45.39],[2.823,45.392],[2.825,45.396],[2.822,45.4],[2.814,45.402],[2.801,45.392],[2.797,45.394],[2.786,45.39],[2.785,45.385],[2.775,45.387],[2.761,45.386],[2.742,45.393],[2.728,45.39],[2.721,45.384],[2.714,45.382],[2.701,45.391],[2.704,45.399],[2.695,45.398],[2.691,45.402],[2.693,45.406],[2.681,45.407],[2.68,45.423],[2.69,45.43],[2.688,45.438],[2.68,45.437],[2.678,45.44],[2.663,45.434],[2.657,45.435],[2.65,45.443],[2.636,45.446],[2.625,45.444],[2.626,45.447],[2.622,45.46],[2.624,45.466],[2.618,45.47],[2.617,45.464],[2.604,45.45],[2.593,45.453],[2.588,45.45],[2.573,45.457],[2.571,45.462],[2.564,45.466],[2.56,45.463],[2.546,45.463],[2.537,45.457],[2.538,45.468],[2.544,45.479],[2.52,45.483],[2.508,45.479],[2.508,45.483],[2.514,45.492],[2.508,45.503],[2.52,45.52],[2.512,45.525],[2.519,45.532],[2.515,45.537],[2.515,45.542],[2.519,45.546],[2.515,45.548],[2.517,45.553],[2.501,45.554],[2.491,45.56],[2.491,45.568],[2.481,45.571],[2.482,45.573],[2.471,45.579],[2.475,45.582],[2.461,45.596],[2.48,45.612],[2.479,45.622],[2.483,45.63],[2.483,45.639],[2.488,45.642],[2.492,45.638],[2.498,45.641],[2.517,45.639],[2.521,45.643],[2.518,45.646],[2.528,45.659],[2.519,45.659],[2.52,45.662],[2.515,45.664],[2.513,45.67],[2.518,45.678],[2.522,45.677],[2.529,45.682],[2.524,45.688],[2.527,45.692],[2.519,45.698],[2.519,45.706],[2.524,45.709],[2.523,45.711],[2.516,45.713],[2.509,45.724],[2.505,45.725],[2.492,45.738],[2.492,45.742],[2.485,45.748],[2.473,45.747],[2.469,45.756],[2.451,45.761],[2.45,45.757],[2.445,45.758],[2.435,45.767],[2.433,45.787],[2.426,45.791],[2.427,45.795],[2.413,45.802],[2.413,45.808],[2.407,45.81],[2.406,45.813],[2.389,45.824],[2.388,45.827],[2.404,45.838],[2.416,45.834],[2.431,45.834],[2.434,45.845],[2.441,45.847],[2.446,45.845],[2.45,45.848],[2.45,45.854],[2.443,45.857],[2.443,45.867],[2.457,45.866],[2.471,45.872],[2.479,45.87],[2.48,45.865],[2.492,45.864],[2.492,45.867],[2.503,45.878],[2.501,45.885],[2.502,45.888],[2.514,45.886],[2.515,45.89],[2.525,45.894],[2.529,45.9],[2.541,45.901],[2.543,45.907],[2.555,45.913],[2.544,45.916],[2.542,45.922],[2.545,45.927],[2.544,45.932],[2.554,45.936],[2.552,45.941],[2.57,45.947],[2.564,45.956],[2.609,45.967],[2.611,45.974],[2.594,45.99],[2.593,45.993],[2.595,46.004],[2.6,46.012],[2.598,46.016],[2.603,46.019],[2.6,46.023],[2.603,46.033],[2.584,46.044],[2.571,46.047],[2.572,46.049],[2.565,46.058],[2.564,46.065],[2.557,46.069],[2.55,46.086],[2.552,46.104],[2.547,46.113],[2.558,46.125],[2.554,46.126],[2.557,46.129],[2.556,46.133],[2.561,46.132],[2.559,46.138],[2.564,46.138],[2.565,46.143]]]}},{"type":"Feature","properties":{"code":"64","nom":"Pyrénées-Atlantiques"},"geometry":{"type":"MultiPolygon","coordinates":[[[[-0.243,43.585],[-0.235,43.583],[-0.233,43.589],[-0.211,43.593],[-0.205,43.584],[-0.191,43.588],[-0.177,43.597],[-0.16,43.581],[-0.156,43.584],[-0.148,43.586],[-0.139,43.583],[-0.138,43.58],[-0.129,43.581],[-0.121,43.584],[-0.122,43.587],[-0.108,43.582],[-0.097,43.582],[-0.096,43.575],[-0.091,43.57],[-0.094,43.564],[-0.089,43.557],[-0.095,43.548],[-0.094,43.544],[-0.089,43.542],[-0.081,43.547],[-0.066,43.548],[-0.064,43.543],[-0.066,43.541],[-0.061,43.542],[-0.056,43.533],[-0.045,43.525],[-0.044,43.516],[-0.04,43.513],[-0.05,43.492],[-0.035,43.489],[-0.035,43.475],[-0.018,43.472],[-0.019,43.465],[-0.03,43.467],[-0.066,43.463],[-0.062,43.452],[-0.071,43.435],[-0.058,43.428],[-0.051,43.42],[-0.062,43.418],[-0.067,43.41],[-0.043,43.41],[-0.033,43.428],[-0.034,43.433],[-0.025,43.43],[-0.017,43.444],[-0.002,43.445],[-0.001,43.44],[-0.005,43.432],[0.01,43.422],[-0.004,43.398],[0,43.396],[-0.004,43.393],[0.001,43.396],[0.005,43.394],[-0.002,43.387],[0.001,43.384],[-0.006,43.373],[0.002,43.369],[0.005,43.372],[0.008,43.367],[0.006,43.364],[0.021,43.35],[0.03,43.346],[0.01,43.325],[-0.003,43.332],[-0.025,43.33],[-0.029,43.316],[-0.038,43.306],[-0.044,43.304],[-0.046,43.301],[-0.044,43.285],[-0.024,43.28],[-0.027,43.276],[-0.018,43.275],[-0.017,43.27],[-0.026,43.261],[-0.024,43.254],[-0.046,43.233],[-0.045,43.227],[-0.049,43.217],[-0.062,43.222],[-0.073,43.224],[-0.074,43.222],[-0.072,43.22],[-0.073,43.208],[-0.069,43.197],[-0.072,43.192],[-0.068,43.177],[-0.095,43.177],[-0.098,43.167],[-0.106,43.167],[-0.111,43.179],[-0.118,43.18],[-0.127,43.165],[-0.126,43.158],[-0.139,43.149],[-0.138,43.144],[-0.143,43.143],[-0.141,43.136],[-0.146,43.128],[-0.157,43.123],[-0.166,43.122],[-0.17,43.119],[-0.169,43.114],[-0.175,43.11],[-0.194,43.115],[-0.191,43.111],[-0.192,43.106],[-0.198,43.102],[-0.198,43.098],[-0.187,43.092],[-0.186,43.084],[-0.196,43.074],[-0.199,43.064],[-0.192,43.057],[-0.186,43.057],[-0.182,43.053],[-0.19,43.052],[-0.2,43.043],[-0.209,43.042],[-0.214,43.036],[-0.224,43.034],[-0.239,43.04],[-0.258,43.038],[-0.261,43.033],[-0.255,43.026],[-0.26,43.014],[-0.276,43.006],[-0.287,43.006],[-0.293,42.993],[-0.287,42.967],[-0.291,42.961],[-0.284,42.956],[-0.282,42.951],[-0.279,42.939],[-0.282,42.934],[-0.287,42.929],[-0.298,42.931],[-0.308,42.926],[-0.311,42.919],[-0.327,42.917],[-0.325,42.904],[-0.316,42.897],[-0.316,42.882],[-0.307,42.87],[-0.313,42.849],[-0.324,42.835],[-0.33,42.834],[-0.334,42.838],[-0.347,42.838],[-0.364,42.82],[-0.365,42.816],[-0.383,42.807],[-0.383,42.801],[-0.395,42.799],[-0.409,42.808],[-0.443,42.796],[-0.452,42.804],[-0.478,42.81],[-0.482,42.815],[-0.499,42.821],[-0.501,42.828],[-0.505,42.827],[-0.526,42.81],[-0.523,42.799],[-0.526,42.796],[-0.53,42.792],[-0.544,42.793],[-0.551,42.778],[-0.571,42.783],[-0.571,42.79],[-0.565,42.798],[-0.569,42.807],[-0.577,42.808],[-0.591,42.803],[-0.601,42.806],[-0.598,42.814],[-0.604,42.826],[-0.601,42.829],[-0.602,42.831],[-0.62,42.838],[-0.636,42.853],[-0.655,42.858],[-0.661,42.864],[-0.666,42.876],[-0.676,42.88],[-0.678,42.884],[-0.699,42.879],[-0.705,42.885],[-0.718,42.886],[-0.728,42.896],[-0.732,42.896],[-0.733,42.898],[-0.73,42.9],[-0.736,42.913],[-0.724,42.919],[-0.724,42.922],[-0.733,42.928],[-0.734,42.934],[-0.731,42.939],[-0.734,42.94],[-0.731,42.945],[-0.739,42.948],[-0.744,42.952],[-0.744,42.957],[-0.753,42.968],[-0.768,42.969],[-0.772,42.966],[-0.79,42.964],[-0.81,42.951],[-0.815,42.951],[-0.837,42.954],[-0.865,42.951],[-0.875,42.955],[-0.897,42.956],[-0.899,42.961],[-0.908,42.964],[-0.914,42.964],[-0.92,42.956],[-0.926,42.954],[-0.944,42.953],[-0.957,42.959],[-0.972,42.962],[-0.981,42.971],[-0.997,42.976],[-1.006,42.989],[-1.017,42.995],[-1.026,42.992],[-1.074,42.999],[-1.085,43.003],[-1.084,43.011],[-1.103,43.015],[-1.115,43.024],[-1.134,43.009],[-1.142,43.008],[-1.144,43.024],[-1.164,43.035],[-1.174,43.038],[-1.175,43.035],[-1.181,43.033],[-1.212,43.051],[-1.23,43.055],[-1.247,43.042],[-1.263,43.043],[-1.271,43.055],[-1.288,43.064],[-1.309,43.069],[-1.297,43.095],[-1.27,43.119],[-1.321,43.113],[-1.332,43.108],[-1.334,43.102],[-1.345,43.094],[-1.345,43.087],[-1.34,43.081],[-1.344,43.073],[-1.345,43.057],[-1.343,43.054],[-1.354,43.028],[-1.441,43.046],[-1.469,43.077],[-1.473,43.087],[-1.464,43.098],[-1.441,43.108],[-1.443,43.112],[-1.427,43.117],[-1.424,43.125],[-1.415,43.128],[-1.415,43.136],[-1.41,43.143],[-1.416,43.149],[-1.41,43.154],[-1.402,43.156],[-1.404,43.164],[-1.402,43.178],[-1.382,43.19],[-1.387,43.194],[-1.383,43.2],[-1.385,43.209],[-1.38,43.214],[-1.384,43.221],[-1.378,43.23],[-1.383,43.253],[-1.389,43.259],[-1.413,43.273],[-1.428,43.267],[-1.439,43.267],[-1.466,43.272],[-1.478,43.277],[-1.483,43.283],[-1.492,43.28],[-1.506,43.293],[-1.535,43.295],[-1.54,43.291],[-1.552,43.292],[-1.565,43.288],[-1.557,43.28],[-1.558,43.277],[-1.569,43.256],[-1.577,43.25],[-1.581,43.253],[-1.598,43.255],[-1.609,43.252],[-1.622,43.264],[-1.63,43.284],[-1.623,43.301],[-1.624,43.306],[-1.635,43.309],[-1.645,43.307],[-1.655,43.313],[-1.669,43.315],[-1.686,43.309],[-1.695,43.312],[-1.703,43.309],[-1.714,43.3],[-1.723,43.3],[-1.73,43.296],[-1.736,43.31],[-1.74,43.311],[-1.738,43.314],[-1.741,43.317],[-1.737,43.324],[-1.738,43.33],[-1.749,43.331],[-1.752,43.334],[-1.753,43.341],[-1.758,43.344],[-1.772,43.343],[-1.787,43.351],[-1.789,43.357],[-1.783,43.362],[-1.788,43.364],[-1.792,43.371],[-1.789,43.378],[-1.787,43.378],[-1.789,43.374],[-1.784,43.373],[-1.762,43.376],[-1.755,43.379],[-1.758,43.38],[-1.757,43.384],[-1.749,43.388],[-1.749,43.383],[-1.74,43.381],[-1.682,43.398],[-1.681,43.39],[-1.666,43.389],[-1.661,43.393],[-1.661,43.397],[-1.666,43.4],[-1.662,43.404],[-1.639,43.408],[-1.639,43.413],[-1.629,43.414],[-1.631,43.417],[-1.625,43.419],[-1.626,43.423],[-1.621,43.423],[-1.618,43.427],[-1.61,43.427],[-1.609,43.43],[-1.601,43.433],[-1.595,43.44],[-1.595,43.448],[-1.588,43.452],[-1.583,43.46],[-1.577,43.464],[-1.577,43.469],[-1.57,43.475],[-1.568,43.479],[-1.571,43.482],[-1.554,43.49],[-1.556,43.494],[-1.548,43.496],[-1.53,43.519],[-1.525,43.53],[-1.501,43.527],[-1.501,43.529],[-1.494,43.529],[-1.49,43.534],[-1.477,43.539],[-1.472,43.534],[-1.461,43.532],[-1.465,43.517],[-1.46,43.519],[-1.437,43.513],[-1.431,43.515],[-1.419,43.502],[-1.418,43.497],[-1.368,43.495],[-1.361,43.496],[-1.358,43.5],[-1.324,43.505],[-1.291,43.498],[-1.217,43.531],[-1.196,43.546],[-1.171,43.546],[-1.16,43.539],[-1.153,43.529],[-1.131,43.519],[-1.133,43.51],[-1.147,43.511],[-1.152,43.507],[-1.165,43.508],[-1.172,43.505],[-1.169,43.502],[-1.171,43.495],[-1.169,43.492],[-1.164,43.491],[-1.153,43.497],[-1.15,43.496],[-1.148,43.488],[-1.144,43.488],[-1.139,43.49],[-1.138,43.5],[-1.118,43.501],[-1.109,43.514],[-1.088,43.511],[-1.081,43.518],[-1.082,43.522],[-1.073,43.519],[-1.069,43.508],[-1.058,43.513],[-1.054,43.513],[-1.052,43.509],[-1.046,43.514],[-1.044,43.509],[-1.031,43.51],[-1.024,43.502],[-1.02,43.506],[-0.992,43.504],[-0.994,43.51],[-0.989,43.519],[-0.989,43.531],[-0.99,43.533],[-0.999,43.534],[-1.001,43.538],[-0.988,43.541],[-0.986,43.537],[-0.979,43.54],[-0.951,43.532],[-0.946,43.532],[-0.945,43.536],[-0.94,43.539],[-0.927,43.532],[-0.921,43.535],[-0.923,43.543],[-0.905,43.551],[-0.893,43.551],[-0.856,43.542],[-0.846,43.542],[-0.842,43.547],[-0.843,43.554],[-0.829,43.56],[-0.818,43.561],[-0.804,43.556],[-0.798,43.559],[-0.794,43.564],[-0.782,43.564],[-0.782,43.577],[-0.768,43.579],[-0.761,43.571],[-0.734,43.556],[-0.733,43.55],[-0.727,43.547],[-0.729,43.545],[-0.717,43.541],[-0.709,43.541],[-0.707,43.56],[-0.701,43.562],[-0.688,43.557],[-0.685,43.56],[-0.677,43.56],[-0.676,43.564],[-0.671,43.567],[-0.641,43.575],[-0.641,43.571],[-0.658,43.561],[-0.658,43.556],[-0.643,43.553],[-0.634,43.554],[-0.616,43.544],[-0.614,43.538],[-0.596,43.538],[-0.596,43.542],[-0.572,43.552],[-0.567,43.558],[-0.564,43.556],[-0.557,43.543],[-0.553,43.543],[-0.531,43.553],[-0.526,43.559],[-0.511,43.563],[-0.505,43.573],[-0.483,43.58],[-0.468,43.59],[-0.461,43.587],[-0.449,43.596],[-0.437,43.591],[-0.432,43.584],[-0.434,43.582],[-0.433,43.578],[-0.441,43.579],[-0.447,43.573],[-0.448,43.567],[-0.459,43.562],[-0.456,43.569],[-0.463,43.567],[-0.45,43.55],[-0.446,43.553],[-0.433,43.555],[-0.428,43.56],[-0.424,43.557],[-0.406,43.568],[-0.401,43.563],[-0.394,43.569],[-0.38,43.566],[-0.375,43.568],[-0.366,43.562],[-0.357,43.563],[-0.348,43.556],[-0.336,43.551],[-0.328,43.556],[-0.304,43.56],[-0.301,43.571],[-0.297,43.568],[-0.291,43.568],[-0.283,43.586],[-0.273,43.584],[-0.259,43.589],[-0.253,43.588],[-0.254,43.583],[-0.243,43.585]],[[-0.103,43.359],[-0.09,43.359],[-0.092,43.351],[-0.088,43.351],[-0.087,43.336],[-0.087,43.334],[-0.094,43.333],[-0.109,43.338],[-0.116,43.332],[-0.116,43.323],[-0.11,43.312],[-0.098,43.314],[-0.093,43.31],[-0.075,43.307],[-0.069,43.313],[-0.069,43.328],[-0.064,43.334],[-0.065,43.342],[-0.062,43.347],[-0.065,43.355],[-0.069,43.355],[-0.072,43.361],[-0.083,43.366],[-0.081,43.369],[-0.083,43.371],[-0.093,43.374],[-0.107,43.371],[-0.103,43.359]],[[-0.103,43.243],[-0.104,43.25],[-0.094,43.255],[-0.092,43.252],[-0.08,43.263],[-0.079,43.272],[-0.086,43.28],[-0.096,43.285],[-0.089,43.301],[-0.111,43.31],[-0.12,43.306],[-0.126,43.299],[-0.125,43.294],[-0.137,43.286],[-0.135,43.284],[-0.141,43.272],[-0.136,43.261],[-0.126,43.253],[-0.121,43.241],[-0.103,43.243]]]]}},{"type":"Feature","properties":{"code":"65","nom":"Hautes-Pyrénées"},"geometry":{"type":"MultiPolygon","coordinates":[[[[-0.103,43.243],[-0.104,43.25],[-0.094,43.255],[-0.092,43.252],[-0.08,43.263],[-0.079,43.272],[-0.086,43.28],[-0.096,43.285],[-0.089,43.301],[-0.111,43.31],[-0.12,43.306],[-0.126,43.299],[-0.125,43.294],[-0.137,43.286],[-0.135,43.284],[-0.141,43.272],[-0.136,43.261],[-0.126,43.253],[-0.121,43.241],[-0.103,43.243]]],[[[-0.103,43.359],[-0.09,43.359],[-0.092,43.351],[-0.088,43.351],[-0.087,43.336],[-0.087,43.334],[-0.094,43.333],[-0.109,43.338],[-0.116,43.332],[-0.116,43.323],[-0.11,43.312],[-0.098,43.314],[-0.093,43.31],[-0.075,43.307],[-0.069,43.313],[-0.069,43.328],[-0.064,43.334],[-0.065,43.342],[-0.062,43.347],[-0.065,43.355],[-0.069,43.355],[-0.072,43.361],[-0.083,43.366],[-0.081,43.369],[-0.083,43.371],[-0.093,43.374],[-0.107,43.371],[-0.103,43.359]]],[[[-0.097,43.582],[-0.098,43.589],[-0.076,43.592],[-0.074,43.606],[-0.055,43.606],[-0.045,43.613],[-0.039,43.606],[-0.034,43.607],[-0.033,43.604],[-0.026,43.607],[-0.021,43.604],[-0.015,43.606],[-0.004,43.585],[-0.005,43.578],[-0.001,43.575],[-0.003,43.566],[0.009,43.561],[0.017,43.543],[0.03,43.545],[0.043,43.534],[0.051,43.519],[0.072,43.52],[0.08,43.524],[0.082,43.517],[0.09,43.51],[0.101,43.511],[0.1,43.513],[0.112,43.517],[0.117,43.515],[0.116,43.51],[0.13,43.495],[0.13,43.492],[0.127,43.492],[0.135,43.466],[0.15,43.465],[0.153,43.457],[0.155,43.458],[0.166,43.444],[0.166,43.442],[0.137,43.434],[0.132,43.424],[0.145,43.415],[0.153,43.399],[0.174,43.403],[0.18,43.382],[0.177,43.377],[0.182,43.371],[0.199,43.375],[0.206,43.368],[0.22,43.37],[0.233,43.368],[0.244,43.372],[0.244,43.374],[0.249,43.377],[0.257,43.377],[0.278,43.386],[0.298,43.388],[0.3,43.373],[0.307,43.368],[0.315,43.367],[0.324,43.374],[0.327,43.373],[0.33,43.363],[0.327,43.36],[0.328,43.349],[0.332,43.343],[0.343,43.345],[0.348,43.349],[0.365,43.35],[0.371,43.353],[0.378,43.353],[0.379,43.355],[0.392,43.356],[0.391,43.35],[0.399,43.35],[0.395,43.35],[0.394,43.337],[0.396,43.334],[0.414,43.329],[0.443,43.328],[0.445,43.332],[0.441,43.337],[0.445,43.341],[0.482,43.332],[0.494,43.325],[0.508,43.334],[0.541,43.327],[0.552,43.329],[0.553,43.326],[0.562,43.325],[0.563,43.321],[0.572,43.32],[0.576,43.323],[0.584,43.32],[0.591,43.314],[0.596,43.316],[0.607,43.311],[0.636,43.301],[0.636,43.296],[0.63,43.292],[0.616,43.289],[0.614,43.277],[0.61,43.278],[0.597,43.274],[0.577,43.259],[0.578,43.254],[0.567,43.252],[0.561,43.243],[0.553,43.238],[0.568,43.232],[0.573,43.233],[0.574,43.227],[0.572,43.224],[0.574,43.22],[0.559,43.211],[0.552,43.209],[0.545,43.213],[0.536,43.208],[0.517,43.212],[0.506,43.198],[0.519,43.195],[0.526,43.198],[0.522,43.192],[0.512,43.187],[0.512,43.184],[0.488,43.165],[0.471,43.158],[0.442,43.131],[0.454,43.127],[0.464,43.118],[0.453,43.111],[0.489,43.115],[0.491,43.109],[0.503,43.107],[0.502,43.104],[0.498,43.103],[0.501,43.096],[0.515,43.093],[0.532,43.093],[0.532,43.083],[0.554,43.079],[0.556,43.078],[0.554,43.074],[0.564,43.074],[0.558,43.067],[0.553,43.065],[0.561,43.06],[0.56,43.047],[0.567,43.037],[0.563,43.036],[0.547,43.045],[0.538,43.042],[0.535,43.037],[0.538,43.036],[0.535,43.027],[0.536,43.019],[0.527,43.009],[0.528,43.005],[0.532,43.008],[0.531,43.003],[0.54,43.001],[0.566,43.02],[0.575,43.022],[0.584,43.019],[0.586,43.023],[0.592,43.022],[0.592,43.027],[0.595,43.03],[0.593,43.035],[0.607,43.035],[0.616,43.021],[0.616,43.011],[0.627,43],[0.624,42.99],[0.612,42.989],[0.616,42.985],[0.614,42.982],[0.619,42.972],[0.636,42.969],[0.646,42.961],[0.642,42.953],[0.635,42.952],[0.627,42.942],[0.606,42.934],[0.6,42.927],[0.597,42.921],[0.598,42.914],[0.586,42.901],[0.585,42.89],[0.577,42.881],[0.576,42.871],[0.562,42.861],[0.554,42.86],[0.55,42.865],[0.538,42.864],[0.534,42.861],[0.526,42.868],[0.502,42.868],[0.5,42.874],[0.497,42.876],[0.492,42.874],[0.487,42.878],[0.477,42.878],[0.472,42.87],[0.473,42.859],[0.46,42.852],[0.468,42.847],[0.456,42.817],[0.458,42.815],[0.456,42.81],[0.464,42.805],[0.461,42.798],[0.463,42.79],[0.456,42.781],[0.455,42.772],[0.463,42.76],[0.46,42.75],[0.463,42.739],[0.458,42.735],[0.449,42.734],[0.485,42.71],[0.482,42.703],[0.478,42.7],[0.472,42.7],[0.468,42.695],[0.462,42.693],[0.423,42.691],[0.417,42.695],[0.395,42.7],[0.393,42.713],[0.386,42.712],[0.376,42.714],[0.36,42.724],[0.345,42.711],[0.325,42.705],[0.326,42.697],[0.322,42.691],[0.323,42.687],[0.321,42.684],[0.313,42.683],[0.295,42.673],[0.276,42.688],[0.263,42.693],[0.268,42.7],[0.26,42.716],[0.249,42.719],[0.226,42.717],[0.206,42.729],[0.176,42.737],[0.164,42.729],[0.162,42.723],[0.137,42.722],[0.133,42.716],[0.116,42.711],[0.106,42.711],[0.09,42.717],[0.078,42.715],[0.072,42.71],[0.071,42.704],[0.059,42.698],[0.048,42.696],[0.025,42.702],[0.014,42.702],[0.014,42.693],[0.002,42.686],[-0.017,42.685],[-0.049,42.694],[-0.057,42.692],[-0.063,42.696],[-0.066,42.708],[-0.064,42.71],[-0.069,42.718],[-0.079,42.716],[-0.088,42.721],[-0.098,42.722],[-0.107,42.721],[-0.112,42.727],[-0.108,42.732],[-0.118,42.738],[-0.117,42.742],[-0.123,42.752],[-0.136,42.762],[-0.138,42.767],[-0.15,42.769],[-0.147,42.776],[-0.154,42.781],[-0.155,42.793],[-0.161,42.798],[-0.176,42.786],[-0.189,42.787],[-0.189,42.79],[-0.198,42.795],[-0.209,42.798],[-0.214,42.796],[-0.22,42.803],[-0.224,42.801],[-0.239,42.809],[-0.239,42.818],[-0.243,42.823],[-0.246,42.82],[-0.256,42.819],[-0.262,42.825],[-0.275,42.828],[-0.277,42.835],[-0.306,42.841],[-0.313,42.849],[-0.307,42.87],[-0.316,42.882],[-0.316,42.897],[-0.325,42.904],[-0.327,42.917],[-0.311,42.919],[-0.308,42.926],[-0.298,42.931],[-0.287,42.929],[-0.282,42.934],[-0.279,42.939],[-0.282,42.951],[-0.284,42.956],[-0.291,42.961],[-0.287,42.967],[-0.293,42.993],[-0.287,43.006],[-0.276,43.006],[-0.26,43.014],[-0.255,43.026],[-0.261,43.033],[-0.258,43.038],[-0.239,43.04],[-0.224,43.034],[-0.214,43.036],[-0.209,43.042],[-0.2,43.043],[-0.19,43.052],[-0.182,43.053],[-0.186,43.057],[-0.192,43.057],[-0.199,43.064],[-0.196,43.074],[-0.186,43.084],[-0.187,43.092],[-0.198,43.098],[-0.198,43.102],[-0.192,43.106],[-0.191,43.111],[-0.194,43.115],[-0.175,43.11],[-0.169,43.114],[-0.17,43.119],[-0.166,43.122],[-0.157,43.123],[-0.146,43.128],[-0.141,43.136],[-0.143,43.143],[-0.138,43.144],[-0.139,43.149],[-0.126,43.158],[-0.127,43.165],[-0.118,43.18],[-0.111,43.179],[-0.106,43.167],[-0.098,43.167],[-0.095,43.177],[-0.068,43.177],[-0.072,43.192],[-0.069,43.197],[-0.073,43.208],[-0.072,43.22],[-0.074,43.222],[-0.073,43.224],[-0.062,43.222],[-0.049,43.217],[-0.045,43.227],[-0.046,43.233],[-0.024,43.254],[-0.026,43.261],[-0.017,43.27],[-0.018,43.275],[-0.027,43.276],[-0.024,43.28],[-0.044,43.285],[-0.046,43.301],[-0.044,43.304],[-0.038,43.306],[-0.029,43.316],[-0.025,43.33],[-0.003,43.332],[0.01,43.325],[0.03,43.346],[0.021,43.35],[0.006,43.364],[0.008,43.367],[0.005,43.372],[0.002,43.369],[-0.006,43.373],[0.001,43.384],[-0.002,43.387],[0.005,43.394],[0.001,43.396],[-0.004,43.393],[0,43.396],[-0.004,43.398],[0.01,43.422],[-0.005,43.432],[-0.001,43.44],[-0.002,43.445],[-0.017,43.444],[-0.025,43.43],[-0.034,43.433],[-0.033,43.428],[-0.043,43.41],[-0.067,43.41],[-0.062,43.418],[-0.051,43.42],[-0.058,43.428],[-0.071,43.435],[-0.062,43.452],[-0.066,43.463],[-0.03,43.467],[-0.019,43.465],[-0.018,43.472],[-0.035,43.475],[-0.035,43.489],[-0.05,43.492],[-0.04,43.513],[-0.044,43.516],[-0.045,43.525],[-0.056,43.533],[-0.061,43.542],[-0.066,43.541],[-0.064,43.543],[-0.066,43.548],[-0.081,43.547],[-0.089,43.542],[-0.094,43.544],[-0.095,43.548],[-0.089,43.557],[-0.094,43.564],[-0.091,43.57],[-0.096,43.575],[-0.097,43.582]]]]}},{"type":"Feature","properties":{"code":"66","nom":"Pyrénées-Orientales"},"geometry":{"type":"MultiPolygon","coordinates":[[[[2.166,42.664],[2.177,42.649],[2.191,42.652],[2.192,42.659],[2.206,42.667],[2.22,42.673],[2.239,42.676],[2.247,42.681],[2.255,42.694],[2.255,42.698],[2.265,42.702],[2.265,42.709],[2.277,42.702],[2.297,42.701],[2.305,42.706],[2.32,42.706],[2.346,42.725],[2.355,42.727],[2.358,42.734],[2.35,42.758],[2.353,42.763],[2.343,42.775],[2.344,42.801],[2.333,42.802],[2.334,42.815],[2.332,42.82],[2.319,42.824],[2.321,42.828],[2.328,42.829],[2.324,42.834],[2.327,42.837],[2.337,42.841],[2.352,42.842],[2.354,42.844],[2.382,42.848],[2.415,42.841],[2.452,42.837],[2.475,42.84],[2.482,42.845],[2.505,42.851],[2.517,42.842],[2.536,42.845],[2.551,42.844],[2.552,42.847],[2.604,42.836],[2.628,42.837],[2.638,42.834],[2.665,42.837],[2.68,42.831],[2.698,42.83],[2.711,42.836],[2.717,42.834],[2.737,42.836],[2.744,42.84],[2.754,42.852],[2.762,42.874],[2.789,42.896],[2.818,42.9],[2.821,42.905],[2.834,42.909],[2.835,42.912],[2.865,42.918],[2.875,42.91],[2.883,42.9],[2.907,42.896],[2.917,42.885],[2.985,42.867],[3.044,42.838],[3.038,42.755],[3.041,42.717],[3.038,42.705],[3.032,42.706],[3.03,42.704],[3.026,42.707],[3.024,42.704],[3.039,42.701],[3.035,42.673],[3.035,42.642],[3.046,42.592],[3.05,42.55],[3.058,42.536],[3.083,42.532],[3.087,42.528],[3.085,42.524],[3.106,42.526],[3.116,42.519],[3.118,42.523],[3.141,42.515],[3.132,42.513],[3.131,42.509],[3.123,42.506],[3.13,42.5],[3.136,42.5],[3.132,42.496],[3.132,42.491],[3.128,42.487],[3.133,42.486],[3.13,42.483],[3.132,42.481],[3.155,42.477],[3.155,42.47],[3.162,42.465],[3.157,42.46],[3.167,42.456],[3.16,42.452],[3.169,42.446],[3.166,42.441],[3.175,42.442],[3.178,42.439],[3.171,42.435],[3.145,42.433],[3.125,42.435],[3.121,42.438],[3.11,42.435],[3.102,42.426],[3.086,42.425],[3.08,42.428],[3.076,42.435],[3.071,42.436],[3.067,42.442],[3.058,42.446],[3.047,42.457],[3.04,42.474],[3.033,42.475],[3.013,42.466],[3.001,42.473],[2.989,42.474],[2.983,42.472],[2.98,42.467],[2.967,42.465],[2.96,42.474],[2.947,42.482],[2.93,42.472],[2.925,42.464],[2.924,42.458],[2.918,42.456],[2.905,42.457],[2.892,42.462],[2.885,42.46],[2.87,42.467],[2.863,42.463],[2.862,42.455],[2.84,42.459],[2.832,42.452],[2.834,42.448],[2.828,42.44],[2.815,42.44],[2.809,42.431],[2.804,42.432],[2.799,42.419],[2.784,42.418],[2.777,42.412],[2.77,42.412],[2.76,42.418],[2.755,42.426],[2.733,42.424],[2.717,42.421],[2.692,42.406],[2.674,42.405],[2.671,42.388],[2.666,42.386],[2.654,42.388],[2.651,42.386],[2.661,42.378],[2.663,42.371],[2.661,42.366],[2.675,42.357],[2.675,42.342],[2.662,42.341],[2.651,42.344],[2.634,42.344],[2.632,42.346],[2.616,42.346],[2.588,42.354],[2.587,42.357],[2.571,42.358],[2.554,42.354],[2.554,42.346],[2.549,42.34],[2.544,42.339],[2.542,42.334],[2.533,42.333],[2.516,42.336],[2.5,42.343],[2.481,42.341],[2.467,42.36],[2.457,42.363],[2.455,42.37],[2.447,42.369],[2.433,42.377],[2.435,42.389],[2.432,42.393],[2.413,42.391],[2.395,42.395],[2.388,42.4],[2.361,42.403],[2.346,42.409],[2.344,42.417],[2.326,42.417],[2.314,42.428],[2.307,42.429],[2.301,42.424],[2.291,42.423],[2.272,42.434],[2.257,42.438],[2.246,42.429],[2.224,42.426],[2.202,42.416],[2.18,42.418],[2.168,42.425],[2.151,42.421],[2.126,42.41],[2.122,42.398],[2.115,42.395],[2.117,42.383],[2.09,42.374],[2.085,42.362],[2.081,42.364],[2.072,42.365],[2.059,42.358],[2.033,42.358],[2.023,42.355],[2.015,42.347],[2.012,42.353],[1.999,42.355],[1.995,42.36],[1.986,42.362],[1.98,42.371],[1.972,42.374],[1.965,42.382],[1.965,42.388],[1.961,42.391],[1.961,42.404],[1.955,42.41],[1.958,42.424],[1.941,42.43],[1.943,42.444],[1.937,42.454],[1.932,42.454],[1.921,42.447],[1.898,42.45],[1.891,42.448],[1.884,42.451],[1.881,42.46],[1.864,42.467],[1.86,42.462],[1.854,42.464],[1.847,42.468],[1.843,42.477],[1.824,42.486],[1.817,42.483],[1.805,42.49],[1.792,42.486],[1.763,42.487],[1.747,42.496],[1.731,42.493],[1.726,42.504],[1.726,42.514],[1.722,42.517],[1.73,42.52],[1.729,42.525],[1.732,42.529],[1.734,42.528],[1.735,42.549],[1.748,42.563],[1.77,42.565],[1.786,42.574],[1.801,42.572],[1.837,42.585],[1.852,42.584],[1.854,42.581],[1.86,42.584],[1.864,42.579],[1.874,42.581],[1.874,42.59],[1.884,42.59],[1.891,42.593],[1.895,42.602],[1.893,42.606],[1.9,42.615],[1.907,42.609],[1.927,42.609],[1.933,42.605],[1.944,42.609],[1.944,42.613],[1.95,42.618],[1.972,42.617],[1.999,42.661],[2.012,42.659],[2.012,42.657],[2.019,42.653],[2.028,42.653],[2.043,42.658],[2.047,42.664],[2.061,42.662],[2.07,42.666],[2.081,42.665],[2.085,42.667],[2.109,42.664],[2.128,42.672],[2.151,42.662],[2.166,42.664]],[[1.96,42.47],[1.956,42.458],[1.961,42.453],[1.984,42.447],[2.013,42.448],[2.014,42.452],[2.011,42.456],[1.992,42.463],[1.987,42.476],[1.993,42.484],[1.998,42.485],[1.99,42.494],[1.979,42.495],[1.978,42.486],[1.963,42.478],[1.96,42.47]]]]}},{"type":"Feature","properties":{"code":"67","nom":"Bas-Rhin"},"geometry":{"type":"Polygon","coordinates":[[[7.635,49.054],[7.674,49.045],[7.681,49.049],[7.697,49.05],[7.693,49.055],[7.696,49.058],[7.705,49.056],[7.708,49.053],[7.718,49.054],[7.723,49.051],[7.732,49.056],[7.732,49.044],[7.751,49.048],[7.758,49.045],[7.769,49.048],[7.781,49.059],[7.788,49.058],[7.795,49.066],[7.81,49.061],[7.814,49.056],[7.826,49.052],[7.831,49.047],[7.846,49.043],[7.849,49.044],[7.855,49.035],[7.866,49.033],[7.888,49.049],[7.902,49.045],[7.91,49.045],[7.917,49.041],[7.923,49.044],[7.934,49.058],[7.941,49.054],[7.946,49.055],[7.946,49.05],[7.95,49.047],[7.967,49.041],[7.967,49.036],[7.972,49.036],[7.975,49.027],[8.001,49.028],[8.01,49.025],[8.013,49.021],[8.049,49.014],[8.063,49.005],[8.065,49],[8.071,48.996],[8.087,48.991],[8.123,48.986],[8.139,48.978],[8.194,48.977],[8.198,48.972],[8.196,48.969],[8.199,48.967],[8.214,48.975],[8.223,48.976],[8.233,48.967],[8.196,48.956],[8.177,48.932],[8.148,48.904],[8.123,48.867],[8.109,48.837],[8.104,48.82],[8.089,48.804],[8.065,48.79],[8.04,48.791],[8.029,48.786],[8.023,48.768],[8.015,48.761],[8.005,48.759],[7.982,48.761],[7.972,48.758],[7.968,48.749],[7.967,48.727],[7.963,48.721],[7.891,48.663],[7.848,48.647],[7.84,48.641],[7.831,48.621],[7.804,48.592],[7.8,48.585],[7.805,48.559],[7.803,48.536],[7.807,48.521],[7.805,48.514],[7.795,48.502],[7.768,48.49],[7.763,48.451],[7.734,48.399],[7.731,48.378],[7.745,48.336],[7.745,48.328],[7.736,48.319],[7.707,48.31],[7.693,48.302],[7.689,48.293],[7.689,48.281],[7.666,48.221],[7.643,48.206],[7.629,48.183],[7.601,48.158],[7.599,48.136],[7.583,48.127],[7.577,48.12],[7.519,48.126],[7.515,48.14],[7.52,48.15],[7.511,48.149],[7.513,48.152],[7.477,48.157],[7.475,48.16],[7.47,48.16],[7.472,48.168],[7.468,48.169],[7.473,48.173],[7.475,48.186],[7.472,48.192],[7.477,48.204],[7.45,48.212],[7.444,48.218],[7.424,48.22],[7.404,48.227],[7.402,48.232],[7.362,48.243],[7.354,48.249],[7.326,48.244],[7.311,48.254],[7.314,48.257],[7.315,48.263],[7.32,48.261],[7.333,48.273],[7.304,48.268],[7.293,48.271],[7.291,48.274],[7.301,48.283],[7.291,48.29],[7.29,48.294],[7.282,48.297],[7.275,48.306],[7.265,48.304],[7.257,48.306],[7.242,48.302],[7.235,48.309],[7.198,48.31],[7.197,48.316],[7.19,48.319],[7.192,48.325],[7.177,48.325],[7.181,48.335],[7.185,48.336],[7.184,48.339],[7.17,48.342],[7.153,48.333],[7.12,48.333],[7.113,48.336],[7.108,48.344],[7.076,48.353],[7.083,48.356],[7.096,48.371],[7.109,48.379],[7.104,48.388],[7.085,48.398],[7.088,48.403],[7.097,48.406],[7.092,48.41],[7.097,48.418],[7.096,48.427],[7.1,48.434],[7.11,48.44],[7.105,48.445],[7.107,48.448],[7.102,48.451],[7.11,48.462],[7.11,48.466],[7.119,48.474],[7.117,48.482],[7.119,48.483],[7.117,48.485],[7.094,48.489],[7.095,48.495],[7.091,48.498],[7.091,48.504],[7.095,48.506],[7.097,48.502],[7.1,48.503],[7.103,48.5],[7.122,48.501],[7.136,48.498],[7.13,48.5],[7.133,48.502],[7.121,48.505],[7.128,48.51],[7.123,48.514],[7.117,48.513],[7.118,48.516],[7.11,48.514],[7.102,48.519],[7.097,48.515],[7.083,48.516],[7.081,48.513],[7.071,48.522],[7.064,48.523],[7.079,48.536],[7.092,48.529],[7.114,48.537],[7.124,48.536],[7.128,48.531],[7.135,48.528],[7.148,48.527],[7.151,48.532],[7.168,48.528],[7.172,48.532],[7.187,48.537],[7.192,48.549],[7.201,48.553],[7.218,48.553],[7.248,48.582],[7.265,48.592],[7.256,48.596],[7.256,48.6],[7.271,48.613],[7.27,48.618],[7.276,48.62],[7.28,48.628],[7.262,48.632],[7.276,48.633],[7.281,48.637],[7.283,48.642],[7.294,48.647],[7.294,48.651],[7.304,48.66],[7.265,48.663],[7.261,48.672],[7.248,48.682],[7.248,48.688],[7.242,48.692],[7.247,48.695],[7.26,48.694],[7.265,48.701],[7.267,48.714],[7.273,48.716],[7.287,48.731],[7.293,48.753],[7.309,48.762],[7.313,48.767],[7.306,48.769],[7.297,48.783],[7.291,48.786],[7.291,48.794],[7.288,48.798],[7.279,48.798],[7.27,48.803],[7.262,48.798],[7.259,48.804],[7.245,48.81],[7.261,48.82],[7.257,48.821],[7.245,48.817],[7.222,48.83],[7.218,48.828],[7.223,48.822],[7.22,48.819],[7.217,48.82],[7.209,48.828],[7.197,48.828],[7.187,48.833],[7.187,48.836],[7.196,48.84],[7.186,48.85],[7.173,48.846],[7.176,48.842],[7.175,48.842],[7.149,48.845],[7.143,48.841],[7.145,48.839],[7.141,48.834],[7.148,48.822],[7.124,48.813],[7.122,48.806],[7.127,48.801],[7.086,48.792],[7.078,48.786],[7.068,48.793],[7.067,48.799],[7.089,48.807],[7.088,48.811],[7.071,48.815],[7.052,48.815],[7.047,48.82],[7.055,48.833],[7.051,48.847],[7.067,48.849],[7.078,48.845],[7.078,48.848],[7.092,48.849],[7.1,48.855],[7.096,48.858],[7.096,48.862],[7.081,48.864],[7.051,48.859],[7.053,48.862],[7.051,48.866],[7.046,48.868],[7.048,48.874],[7.033,48.875],[7.026,48.88],[6.989,48.891],[6.975,48.89],[6.955,48.894],[6.965,48.905],[6.958,48.918],[6.954,48.919],[6.956,48.922],[6.94,48.924],[6.944,48.934],[6.96,48.925],[6.971,48.928],[6.98,48.935],[6.977,48.939],[6.986,48.947],[6.989,48.96],[7.032,48.956],[7.027,48.969],[7.035,48.974],[7.036,48.977],[7.041,48.977],[7.036,48.978],[7.036,48.983],[7.031,48.987],[7.038,48.993],[7.037,48.996],[7.047,49],[7.047,49.005],[7.055,49.01],[7.047,49.015],[7.054,49.024],[7.052,49.028],[7.079,49.05],[7.069,49.06],[7.068,49.065],[7.074,49.073],[7.084,49.069],[7.091,49.071],[7.099,49.078],[7.103,49.076],[7.104,49.072],[7.113,49.072],[7.119,49.068],[7.113,49.065],[7.102,49.064],[7.102,49.059],[7.106,49.056],[7.108,49.043],[7.119,49.037],[7.113,49.033],[7.122,49.03],[7.124,49.026],[7.122,49.019],[7.128,49.013],[7.126,49.006],[7.161,49.006],[7.162,49.004],[7.174,49.006],[7.184,49.001],[7.184,48.995],[7.194,48.995],[7.209,48.98],[7.239,48.988],[7.275,48.976],[7.293,48.973],[7.29,48.957],[7.306,48.957],[7.306,48.954],[7.327,48.943],[7.333,48.948],[7.345,48.949],[7.359,48.958],[7.369,48.952],[7.386,48.952],[7.409,48.959],[7.43,48.961],[7.452,48.968],[7.455,48.963],[7.48,48.961],[7.485,48.951],[7.502,48.944],[7.52,48.94],[7.526,48.945],[7.536,48.932],[7.556,48.936],[7.553,48.937],[7.555,48.94],[7.552,48.942],[7.569,48.955],[7.578,48.957],[7.585,48.967],[7.58,48.969],[7.592,48.985],[7.588,48.99],[7.612,49.012],[7.606,49.016],[7.606,49.02],[7.62,49.032],[7.627,49.034],[7.638,49.046],[7.64,49.049],[7.635,49.054]]]}},{"type":"Feature","properties":{"code":"68","nom":"Haut-Rhin"},"geometry":{"type":"Polygon","coordinates":[[[7.198,48.31],[7.235,48.309],[7.242,48.302],[7.257,48.306],[7.265,48.304],[7.275,48.306],[7.282,48.297],[7.29,48.294],[7.291,48.29],[7.301,48.283],[7.291,48.274],[7.293,48.271],[7.304,48.268],[7.333,48.273],[7.32,48.261],[7.315,48.263],[7.314,48.257],[7.311,48.254],[7.326,48.244],[7.354,48.249],[7.362,48.243],[7.402,48.232],[7.404,48.227],[7.424,48.22],[7.444,48.218],[7.45,48.212],[7.477,48.204],[7.472,48.192],[7.475,48.186],[7.473,48.173],[7.468,48.169],[7.472,48.168],[7.47,48.16],[7.475,48.16],[7.477,48.157],[7.513,48.152],[7.511,48.149],[7.52,48.15],[7.515,48.14],[7.519,48.126],[7.577,48.12],[7.58,48.102],[7.569,48.081],[7.574,48.053],[7.569,48.034],[7.609,48],[7.619,47.986],[7.622,47.972],[7.609,47.953],[7.583,47.931],[7.581,47.924],[7.584,47.904],[7.582,47.896],[7.557,47.88],[7.556,47.868],[7.564,47.852],[7.563,47.844],[7.55,47.823],[7.53,47.779],[7.532,47.768],[7.548,47.74],[7.548,47.73],[7.54,47.718],[7.514,47.703],[7.512,47.697],[7.52,47.685],[7.521,47.664],[7.538,47.649],[7.563,47.636],[7.57,47.627],[7.574,47.617],[7.591,47.605],[7.593,47.599],[7.585,47.576],[7.567,47.578],[7.557,47.572],[7.559,47.569],[7.557,47.565],[7.525,47.552],[7.519,47.546],[7.506,47.544],[7.5,47.54],[7.498,47.536],[7.501,47.529],[7.511,47.529],[7.519,47.535],[7.527,47.533],[7.531,47.527],[7.523,47.514],[7.518,47.517],[7.503,47.515],[7.498,47.521],[7.499,47.517],[7.51,47.508],[7.511,47.497],[7.502,47.494],[7.502,47.491],[7.494,47.488],[7.487,47.482],[7.471,47.48],[7.462,47.489],[7.451,47.49],[7.435,47.498],[7.432,47.496],[7.421,47.48],[7.43,47.482],[7.436,47.481],[7.448,47.474],[7.456,47.473],[7.456,47.471],[7.445,47.462],[7.43,47.459],[7.428,47.453],[7.423,47.451],[7.421,47.446],[7.403,47.438],[7.403,47.436],[7.386,47.432],[7.353,47.434],[7.339,47.441],[7.331,47.442],[7.321,47.438],[7.303,47.439],[7.294,47.433],[7.283,47.435],[7.269,47.427],[7.246,47.42],[7.245,47.426],[7.239,47.428],[7.239,47.434],[7.233,47.439],[7.224,47.44],[7.2,47.435],[7.171,47.443],[7.178,47.459],[7.177,47.468],[7.191,47.489],[7.202,47.492],[7.201,47.494],[7.162,47.49],[7.152,47.496],[7.13,47.503],[7.136,47.507],[7.143,47.525],[7.14,47.526],[7.134,47.539],[7.119,47.548],[7.107,47.551],[7.108,47.565],[7.106,47.569],[7.094,47.574],[7.086,47.587],[7.086,47.593],[7.074,47.599],[7.07,47.596],[7.07,47.601],[7.054,47.599],[7.04,47.601],[7.034,47.594],[7.02,47.589],[7.016,47.592],[7.022,47.594],[7.019,47.596],[7.006,47.602],[7.011,47.605],[7.007,47.607],[7.009,47.609],[7.006,47.613],[7.005,47.619],[7.008,47.619],[7.008,47.623],[7.006,47.629],[7.011,47.63],[7.014,47.626],[7.017,47.627],[7.013,47.631],[7.016,47.636],[7.012,47.639],[7.019,47.641],[7.018,47.65],[7.039,47.651],[7.034,47.661],[7.046,47.672],[7.038,47.675],[7.039,47.679],[7.048,47.684],[7.04,47.686],[7.036,47.691],[7.038,47.695],[7.033,47.695],[7.034,47.7],[7.026,47.701],[7.037,47.722],[7.022,47.733],[7.016,47.743],[7.013,47.741],[6.981,47.752],[6.972,47.751],[6.952,47.764],[6.944,47.767],[6.94,47.772],[6.925,47.77],[6.914,47.777],[6.893,47.777],[6.863,47.785],[6.86,47.794],[6.854,47.796],[6.848,47.802],[6.85,47.807],[6.843,47.812],[6.841,47.819],[6.846,47.823],[6.857,47.823],[6.868,47.829],[6.896,47.833],[6.898,47.839],[6.903,47.843],[6.92,47.85],[6.918,47.857],[6.907,47.865],[6.908,47.872],[6.905,47.88],[6.91,47.882],[6.898,47.884],[6.897,47.891],[6.918,47.898],[6.917,47.902],[6.929,47.91],[6.926,47.917],[6.917,47.916],[6.913,47.919],[6.926,47.93],[6.919,47.944],[6.925,47.951],[6.924,47.954],[6.931,47.972],[6.939,47.975],[6.944,47.981],[6.942,47.984],[6.945,47.987],[6.944,48],[6.953,48.003],[6.961,48],[6.975,48.009],[6.983,48.01],[6.99,48.019],[7.001,48.022],[7.012,48.032],[7.009,48.033],[7.016,48.038],[7.01,48.043],[7.019,48.055],[7.023,48.056],[7.023,48.064],[7.03,48.066],[7.03,48.072],[7.037,48.078],[7.052,48.083],[7.071,48.108],[7.077,48.108],[7.084,48.122],[7.084,48.129],[7.07,48.129],[7.058,48.138],[7.061,48.145],[7.065,48.145],[7.071,48.157],[7.079,48.164],[7.078,48.171],[7.083,48.172],[7.082,48.175],[7.086,48.184],[7.091,48.184],[7.1,48.189],[7.108,48.198],[7.106,48.2],[7.118,48.208],[7.115,48.212],[7.123,48.217],[7.13,48.229],[7.131,48.237],[7.134,48.238],[7.133,48.248],[7.139,48.25],[7.142,48.258],[7.146,48.259],[7.148,48.264],[7.159,48.269],[7.159,48.275],[7.164,48.281],[7.177,48.289],[7.172,48.293],[7.172,48.297],[7.194,48.302],[7.198,48.31]]]}},{"type":"Feature","properties":{"code":"69","nom":"Rhône"},"geometry":{"type":"Polygon","coordinates":[[[4.388,46.22],[4.387,46.232],[4.392,46.235],[4.385,46.247],[4.392,46.252],[4.39,46.259],[4.397,46.267],[4.398,46.283],[4.408,46.292],[4.406,46.296],[4.422,46.295],[4.427,46.303],[4.438,46.298],[4.439,46.293],[4.459,46.297],[4.476,46.284],[4.488,46.288],[4.504,46.267],[4.521,46.271],[4.537,46.27],[4.546,46.274],[4.548,46.285],[4.553,46.286],[4.553,46.29],[4.56,46.295],[4.569,46.294],[4.573,46.287],[4.573,46.276],[4.584,46.269],[4.619,46.265],[4.622,46.271],[4.616,46.282],[4.636,46.29],[4.637,46.301],[4.653,46.304],[4.664,46.295],[4.678,46.301],[4.676,46.305],[4.679,46.306],[4.683,46.303],[4.693,46.301],[4.695,46.292],[4.698,46.291],[4.704,46.283],[4.708,46.283],[4.71,46.279],[4.708,46.27],[4.704,46.271],[4.701,46.267],[4.693,46.272],[4.688,46.265],[4.682,46.267],[4.679,46.26],[4.682,46.255],[4.689,46.254],[4.688,46.249],[4.693,46.248],[4.698,46.253],[4.705,46.251],[4.721,46.244],[4.722,46.241],[4.724,46.242],[4.737,46.232],[4.732,46.227],[4.72,46.228],[4.723,46.226],[4.72,46.222],[4.731,46.219],[4.729,46.214],[4.736,46.212],[4.734,46.206],[4.726,46.208],[4.721,46.201],[4.72,46.194],[4.725,46.189],[4.724,46.184],[4.73,46.183],[4.727,46.179],[4.748,46.175],[4.752,46.172],[4.758,46.172],[4.762,46.176],[4.78,46.177],[4.787,46.166],[4.8,46.159],[4.803,46.152],[4.797,46.141],[4.772,46.118],[4.771,46.11],[4.75,46.094],[4.747,46.088],[4.748,46.083],[4.755,46.08],[4.762,46.069],[4.76,46.062],[4.74,46.047],[4.747,46.032],[4.744,46.018],[4.749,46.01],[4.75,45.984],[4.755,45.972],[4.748,45.962],[4.731,45.951],[4.729,45.944],[4.737,45.938],[4.754,45.935],[4.777,45.938],[4.79,45.923],[4.809,45.92],[4.811,45.909],[4.803,45.901],[4.805,45.896],[4.848,45.913],[4.853,45.907],[4.872,45.903],[4.872,45.895],[4.881,45.897],[4.884,45.88],[4.909,45.874],[4.908,45.869],[4.902,45.862],[4.901,45.858],[4.91,45.853],[4.917,45.845],[4.919,45.834],[4.922,45.833],[4.92,45.822],[4.922,45.819],[4.919,45.817],[4.918,45.807],[4.924,45.804],[4.944,45.81],[4.963,45.811],[4.982,45.805],[5.003,45.81],[5.013,45.805],[5.029,45.81],[5.037,45.808],[5.045,45.812],[5.063,45.809],[5.101,45.813],[5.089,45.784],[5.059,45.792],[5.06,45.783],[5.066,45.768],[5.068,45.765],[5.084,45.765],[5.095,45.769],[5.091,45.762],[5.093,45.76],[5.089,45.75],[5.095,45.743],[5.095,45.739],[5.126,45.738],[5.139,45.731],[5.138,45.728],[5.144,45.72],[5.159,45.715],[5.159,45.708],[5.154,45.7],[5.15,45.706],[5.143,45.7],[5.131,45.708],[5.119,45.7],[5.113,45.703],[5.111,45.699],[5.105,45.7],[5.108,45.688],[5.094,45.683],[5.089,45.677],[5.082,45.678],[5.075,45.672],[5.061,45.666],[5.054,45.66],[5.058,45.653],[5.038,45.645],[5.04,45.644],[5.035,45.637],[5.039,45.632],[5.035,45.628],[5.044,45.621],[5.037,45.613],[5.005,45.623],[4.989,45.619],[5.002,45.614],[4.998,45.603],[4.971,45.613],[4.928,45.606],[4.901,45.606],[4.893,45.602],[4.882,45.602],[4.881,45.599],[4.86,45.591],[4.862,45.587],[4.858,45.577],[4.83,45.588],[4.813,45.588],[4.811,45.59],[4.777,45.587],[4.782,45.581],[4.811,45.571],[4.835,45.545],[4.864,45.537],[4.873,45.531],[4.868,45.523],[4.842,45.501],[4.825,45.495],[4.812,45.483],[4.781,45.471],[4.779,45.455],[4.765,45.457],[4.757,45.456],[4.747,45.464],[4.744,45.47],[4.739,45.473],[4.744,45.474],[4.742,45.477],[4.744,45.479],[4.74,45.487],[4.722,45.494],[4.711,45.489],[4.708,45.486],[4.709,45.482],[4.698,45.477],[4.676,45.482],[4.671,45.473],[4.666,45.478],[4.671,45.483],[4.655,45.486],[4.651,45.492],[4.651,45.497],[4.654,45.5],[4.649,45.521],[4.652,45.524],[4.651,45.531],[4.661,45.536],[4.667,45.545],[4.676,45.549],[4.676,45.552],[4.683,45.551],[4.688,45.558],[4.68,45.568],[4.672,45.57],[4.666,45.569],[4.665,45.564],[4.65,45.565],[4.646,45.555],[4.655,45.551],[4.659,45.543],[4.645,45.541],[4.637,45.546],[4.628,45.566],[4.615,45.575],[4.602,45.57],[4.588,45.571],[4.582,45.577],[4.567,45.584],[4.553,45.578],[4.546,45.581],[4.52,45.573],[4.514,45.577],[4.505,45.577],[4.505,45.586],[4.49,45.584],[4.481,45.588],[4.469,45.585],[4.469,45.59],[4.476,45.594],[4.473,45.597],[4.461,45.601],[4.458,45.605],[4.449,45.606],[4.449,45.617],[4.441,45.623],[4.41,45.633],[4.408,45.638],[4.394,45.65],[4.393,45.654],[4.399,45.657],[4.392,45.66],[4.393,45.662],[4.378,45.665],[4.366,45.671],[4.37,45.672],[4.364,45.684],[4.373,45.691],[4.366,45.699],[4.373,45.703],[4.374,45.712],[4.385,45.721],[4.392,45.739],[4.403,45.744],[4.398,45.751],[4.391,45.755],[4.371,45.749],[4.36,45.751],[4.361,45.757],[4.355,45.758],[4.357,45.759],[4.354,45.764],[4.349,45.764],[4.348,45.77],[4.352,45.774],[4.359,45.776],[4.356,45.782],[4.358,45.783],[4.36,45.778],[4.38,45.784],[4.378,45.793],[4.373,45.8],[4.375,45.802],[4.374,45.805],[4.382,45.807],[4.388,45.803],[4.389,45.806],[4.378,45.818],[4.385,45.819],[4.377,45.825],[4.384,45.827],[4.382,45.832],[4.391,45.837],[4.383,45.846],[4.392,45.85],[4.396,45.86],[4.392,45.865],[4.377,45.863],[4.369,45.868],[4.363,45.864],[4.342,45.877],[4.338,45.889],[4.327,45.897],[4.323,45.904],[4.337,45.909],[4.34,45.914],[4.345,45.915],[4.335,45.916],[4.339,45.92],[4.339,45.924],[4.346,45.93],[4.336,45.932],[4.319,45.944],[4.315,45.94],[4.305,45.947],[4.301,45.947],[4.295,45.953],[4.301,45.958],[4.298,45.966],[4.275,45.98],[4.258,45.981],[4.251,45.985],[4.248,45.987],[4.249,45.992],[4.244,45.996],[4.258,45.995],[4.263,46.002],[4.27,46],[4.265,45.997],[4.266,45.992],[4.271,45.988],[4.275,45.995],[4.285,45.994],[4.289,45.998],[4.293,45.991],[4.3,45.989],[4.306,46.001],[4.313,46.006],[4.307,46.012],[4.306,46.022],[4.288,46.017],[4.276,46.023],[4.269,46.035],[4.262,46.035],[4.257,46.044],[4.25,46.05],[4.258,46.054],[4.267,46.052],[4.286,46.054],[4.3,46.065],[4.301,46.07],[4.304,46.07],[4.301,46.078],[4.311,46.08],[4.309,46.09],[4.312,46.094],[4.305,46.099],[4.307,46.106],[4.32,46.117],[4.323,46.131],[4.333,46.136],[4.343,46.134],[4.362,46.138],[4.37,46.147],[4.377,46.15],[4.39,46.147],[4.408,46.137],[4.417,46.136],[4.417,46.139],[4.422,46.142],[4.422,46.151],[4.434,46.159],[4.439,46.168],[4.433,46.173],[4.404,46.183],[4.396,46.189],[4.396,46.196],[4.423,46.203],[4.421,46.204],[4.422,46.209],[4.407,46.221],[4.404,46.219],[4.388,46.22]]]}},{"type":"Feature","properties":{"code":"70","nom":"Haute-Saône"},"geometry":{"type":"Polygon","coordinates":[[[5.885,47.926],[5.897,47.931],[5.893,47.937],[5.9,47.945],[5.918,47.947],[5.92,47.957],[5.917,47.966],[5.932,47.977],[5.947,47.979],[5.95,47.973],[5.96,47.968],[5.946,47.955],[5.938,47.952],[5.928,47.938],[5.949,47.935],[5.969,47.947],[5.971,47.957],[6.005,47.958],[6.009,47.961],[6.006,47.964],[6.012,47.972],[6.019,47.97],[6.017,47.973],[6.026,47.981],[6.018,47.984],[6.019,47.987],[6.025,47.987],[6.025,47.992],[6.032,47.991],[6.033,47.999],[6.041,48.004],[6.073,48.016],[6.081,48.013],[6.098,48.015],[6.109,48.012],[6.117,48.02],[6.131,48.024],[6.156,48.007],[6.153,47.994],[6.16,47.992],[6.158,47.984],[6.164,47.978],[6.165,47.973],[6.151,47.971],[6.15,47.966],[6.156,47.965],[6.157,47.968],[6.161,47.964],[6.162,47.957],[6.168,47.952],[6.182,47.956],[6.197,47.952],[6.197,47.947],[6.208,47.947],[6.205,47.932],[6.214,47.93],[6.219,47.936],[6.238,47.933],[6.239,47.937],[6.243,47.94],[6.251,47.939],[6.277,47.954],[6.289,47.956],[6.307,47.95],[6.323,47.949],[6.335,47.956],[6.345,47.954],[6.354,47.959],[6.361,47.959],[6.362,47.961],[6.381,47.959],[6.389,47.961],[6.395,47.955],[6.405,47.953],[6.408,47.943],[6.435,47.943],[6.436,47.937],[6.448,47.926],[6.449,47.922],[6.463,47.917],[6.463,47.914],[6.456,47.907],[6.466,47.897],[6.478,47.893],[6.474,47.891],[6.478,47.885],[6.503,47.896],[6.544,47.903],[6.544,47.908],[6.552,47.912],[6.552,47.915],[6.563,47.931],[6.59,47.942],[6.604,47.945],[6.619,47.931],[6.627,47.93],[6.633,47.921],[6.642,47.918],[6.639,47.91],[6.646,47.903],[6.703,47.882],[6.738,47.862],[6.761,47.858],[6.764,47.857],[6.764,47.853],[6.77,47.852],[6.783,47.851],[6.792,47.842],[6.788,47.834],[6.793,47.829],[6.824,47.813],[6.825,47.809],[6.812,47.798],[6.811,47.794],[6.785,47.781],[6.778,47.771],[6.764,47.759],[6.764,47.754],[6.758,47.748],[6.761,47.73],[6.757,47.724],[6.767,47.719],[6.773,47.712],[6.771,47.702],[6.778,47.698],[6.782,47.688],[6.776,47.668],[6.782,47.663],[6.78,47.657],[6.797,47.645],[6.801,47.636],[6.789,47.626],[6.78,47.625],[6.778,47.616],[6.787,47.61],[6.793,47.6],[6.792,47.596],[6.802,47.591],[6.802,47.584],[6.818,47.578],[6.822,47.573],[6.81,47.569],[6.807,47.563],[6.801,47.562],[6.797,47.549],[6.785,47.543],[6.783,47.538],[6.773,47.535],[6.772,47.538],[6.755,47.542],[6.74,47.557],[6.728,47.561],[6.722,47.559],[6.72,47.553],[6.708,47.558],[6.689,47.561],[6.685,47.563],[6.689,47.571],[6.658,47.572],[6.664,47.577],[6.66,47.58],[6.652,47.572],[6.67,47.558],[6.649,47.537],[6.625,47.529],[6.609,47.531],[6.605,47.534],[6.607,47.536],[6.597,47.542],[6.581,47.544],[6.582,47.54],[6.572,47.536],[6.568,47.531],[6.573,47.527],[6.576,47.53],[6.581,47.529],[6.579,47.523],[6.584,47.51],[6.579,47.508],[6.578,47.5],[6.574,47.495],[6.558,47.497],[6.555,47.496],[6.556,47.49],[6.535,47.506],[6.53,47.501],[6.516,47.497],[6.515,47.5],[6.507,47.501],[6.506,47.508],[6.499,47.511],[6.496,47.506],[6.483,47.498],[6.476,47.497],[6.476,47.488],[6.471,47.487],[6.467,47.501],[6.464,47.502],[6.464,47.509],[6.462,47.51],[6.463,47.512],[6.452,47.517],[6.441,47.515],[6.411,47.522],[6.393,47.517],[6.393,47.508],[6.39,47.506],[6.389,47.508],[6.368,47.513],[6.348,47.505],[6.336,47.507],[6.332,47.503],[6.327,47.492],[6.321,47.49],[6.319,47.486],[6.303,47.492],[6.303,47.487],[6.299,47.483],[6.302,47.47],[6.286,47.461],[6.283,47.451],[6.287,47.446],[6.28,47.444],[6.264,47.447],[6.261,47.435],[6.262,47.431],[6.256,47.424],[6.247,47.426],[6.239,47.432],[6.233,47.43],[6.234,47.425],[6.241,47.419],[6.244,47.414],[6.242,47.411],[6.238,47.414],[6.233,47.414],[6.226,47.422],[6.218,47.423],[6.207,47.431],[6.204,47.43],[6.2,47.427],[6.2,47.418],[6.195,47.418],[6.193,47.413],[6.176,47.417],[6.171,47.409],[6.179,47.405],[6.189,47.406],[6.19,47.402],[6.178,47.402],[6.173,47.399],[6.169,47.389],[6.168,47.393],[6.162,47.392],[6.168,47.388],[6.156,47.39],[6.152,47.386],[6.136,47.387],[6.13,47.388],[6.126,47.394],[6.121,47.396],[6.114,47.387],[6.104,47.384],[6.105,47.378],[6.108,47.381],[6.111,47.38],[6.107,47.377],[6.12,47.368],[6.116,47.365],[6.113,47.368],[6.115,47.366],[6.113,47.361],[6.102,47.361],[6.104,47.367],[6.101,47.372],[6.086,47.373],[6.081,47.371],[6.081,47.355],[6.075,47.351],[6.054,47.349],[6.055,47.352],[6.052,47.352],[6.048,47.346],[6.039,47.346],[6.031,47.337],[6.018,47.331],[5.998,47.34],[5.993,47.336],[5.993,47.329],[5.989,47.328],[5.986,47.331],[5.98,47.326],[5.974,47.328],[5.978,47.331],[5.974,47.331],[5.974,47.329],[5.971,47.334],[5.961,47.338],[5.961,47.341],[5.957,47.339],[5.927,47.345],[5.925,47.337],[5.932,47.329],[5.921,47.328],[5.903,47.334],[5.896,47.328],[5.902,47.315],[5.898,47.31],[5.894,47.31],[5.894,47.314],[5.888,47.316],[5.887,47.321],[5.881,47.321],[5.874,47.314],[5.861,47.316],[5.861,47.313],[5.853,47.311],[5.853,47.306],[5.849,47.306],[5.844,47.3],[5.82,47.297],[5.814,47.293],[5.812,47.297],[5.798,47.289],[5.786,47.291],[5.781,47.289],[5.78,47.284],[5.771,47.277],[5.764,47.274],[5.759,47.276],[5.754,47.273],[5.751,47.274],[5.744,47.265],[5.738,47.267],[5.732,47.264],[5.73,47.265],[5.734,47.267],[5.722,47.267],[5.714,47.271],[5.699,47.265],[5.697,47.266],[5.699,47.268],[5.694,47.268],[5.692,47.272],[5.685,47.271],[5.683,47.274],[5.677,47.276],[5.67,47.275],[5.669,47.272],[5.672,47.271],[5.671,47.27],[5.66,47.264],[5.653,47.265],[5.652,47.262],[5.654,47.261],[5.649,47.261],[5.642,47.256],[5.627,47.256],[5.623,47.253],[5.616,47.259],[5.605,47.258],[5.602,47.262],[5.578,47.253],[5.573,47.256],[5.572,47.262],[5.569,47.263],[5.572,47.268],[5.567,47.271],[5.558,47.271],[5.556,47.269],[5.559,47.278],[5.544,47.28],[5.539,47.286],[5.531,47.285],[5.534,47.289],[5.531,47.29],[5.53,47.296],[5.527,47.3],[5.523,47.3],[5.522,47.306],[5.519,47.304],[5.513,47.308],[5.506,47.308],[5.505,47.313],[5.498,47.316],[5.481,47.317],[5.481,47.314],[5.475,47.313],[5.47,47.317],[5.473,47.321],[5.476,47.321],[5.477,47.331],[5.481,47.331],[5.487,47.327],[5.495,47.339],[5.488,47.362],[5.489,47.371],[5.495,47.376],[5.493,47.383],[5.497,47.39],[5.477,47.395],[5.452,47.383],[5.439,47.392],[5.434,47.393],[5.436,47.403],[5.445,47.404],[5.43,47.421],[5.433,47.432],[5.431,47.436],[5.441,47.445],[5.439,47.45],[5.418,47.449],[5.419,47.451],[5.413,47.456],[5.416,47.458],[5.407,47.462],[5.38,47.451],[5.386,47.459],[5.379,47.459],[5.367,47.464],[5.369,47.467],[5.377,47.465],[5.408,47.477],[5.388,47.482],[5.399,47.499],[5.427,47.496],[5.432,47.498],[5.434,47.496],[5.429,47.492],[5.439,47.492],[5.447,47.496],[5.453,47.507],[5.456,47.506],[5.472,47.527],[5.486,47.527],[5.497,47.544],[5.497,47.554],[5.491,47.563],[5.48,47.564],[5.487,47.569],[5.485,47.572],[5.488,47.577],[5.484,47.582],[5.478,47.609],[5.471,47.608],[5.447,47.623],[5.442,47.63],[5.426,47.632],[5.418,47.625],[5.414,47.614],[5.406,47.609],[5.399,47.597],[5.39,47.594],[5.386,47.601],[5.374,47.605],[5.373,47.618],[5.386,47.635],[5.406,47.647],[5.4,47.648],[5.399,47.653],[5.403,47.657],[5.406,47.673],[5.42,47.678],[5.434,47.671],[5.448,47.671],[5.47,47.675],[5.474,47.68],[5.483,47.685],[5.512,47.674],[5.53,47.673],[5.567,47.707],[5.585,47.7],[5.585,47.691],[5.593,47.682],[5.597,47.672],[5.601,47.675],[5.612,47.673],[5.63,47.677],[5.648,47.675],[5.663,47.685],[5.675,47.682],[5.681,47.686],[5.686,47.683],[5.688,47.686],[5.691,47.685],[5.695,47.692],[5.694,47.705],[5.684,47.712],[5.686,47.715],[5.683,47.717],[5.688,47.719],[5.687,47.722],[5.695,47.726],[5.689,47.73],[5.69,47.735],[5.71,47.745],[5.706,47.752],[5.709,47.764],[5.708,47.768],[5.702,47.77],[5.68,47.77],[5.682,47.776],[5.677,47.779],[5.682,47.809],[5.692,47.821],[5.699,47.824],[5.722,47.822],[5.73,47.818],[5.741,47.819],[5.745,47.827],[5.751,47.829],[5.746,47.83],[5.746,47.838],[5.748,47.838],[5.744,47.842],[5.744,47.849],[5.756,47.853],[5.761,47.859],[5.767,47.856],[5.775,47.858],[5.799,47.856],[5.796,47.847],[5.828,47.852],[5.83,47.856],[5.818,47.853],[5.825,47.856],[5.822,47.857],[5.828,47.858],[5.825,47.859],[5.822,47.871],[5.839,47.885],[5.837,47.891],[5.851,47.906],[5.87,47.901],[5.883,47.9],[5.887,47.904],[5.891,47.911],[5.886,47.916],[5.89,47.921],[5.883,47.921],[5.885,47.926]]]}},{"type":"Feature","properties":{"code":"71","nom":"Saône-et-Loire"},"geometry":{"type":"MultiPolygon","coordinates":[[[[4.116,47.123],[4.127,47.131],[4.134,47.125],[4.133,47.122],[4.147,47.114],[4.154,47.115],[4.161,47.122],[4.178,47.113],[4.18,47.115],[4.169,47.123],[4.18,47.125],[4.18,47.128],[4.188,47.134],[4.189,47.142],[4.187,47.144],[4.19,47.146],[4.182,47.151],[4.189,47.152],[4.194,47.148],[4.203,47.155],[4.21,47.155],[4.215,47.154],[4.216,47.148],[4.213,47.144],[4.226,47.147],[4.232,47.142],[4.242,47.148],[4.245,47.146],[4.237,47.143],[4.239,47.141],[4.244,47.141],[4.241,47.136],[4.243,47.133],[4.252,47.132],[4.257,47.126],[4.253,47.123],[4.256,47.122],[4.254,47.117],[4.275,47.107],[4.297,47.113],[4.307,47.103],[4.316,47.105],[4.347,47.101],[4.349,47.097],[4.344,47.072],[4.348,47.072],[4.352,47.065],[4.359,47.062],[4.365,47.066],[4.365,47.07],[4.37,47.075],[4.371,47.08],[4.383,47.083],[4.388,47.081],[4.4,47.083],[4.405,47.082],[4.406,47.079],[4.416,47.077],[4.405,47.07],[4.408,47.067],[4.404,47.067],[4.408,47.065],[4.402,47.059],[4.406,47.057],[4.401,47.053],[4.406,47.053],[4.406,47.05],[4.414,47.047],[4.422,47.047],[4.428,47.037],[4.433,47.041],[4.439,47.038],[4.455,47.042],[4.46,47.041],[4.457,47.038],[4.468,47.036],[4.472,47.03],[4.482,47.03],[4.49,47.033],[4.49,47.03],[4.499,47.026],[4.499,47.02],[4.512,47.012],[4.529,47.012],[4.555,47.02],[4.558,47.017],[4.558,47.008],[4.555,46.999],[4.547,46.998],[4.546,46.994],[4.548,46.992],[4.551,46.994],[4.555,46.99],[4.567,46.993],[4.57,46.985],[4.566,46.985],[4.574,46.973],[4.592,46.968],[4.593,46.965],[4.59,46.956],[4.601,46.95],[4.617,46.948],[4.616,46.941],[4.631,46.94],[4.65,46.941],[4.661,46.934],[4.679,46.93],[4.679,46.927],[4.665,46.914],[4.672,46.911],[4.672,46.907],[4.681,46.905],[4.687,46.9],[4.717,46.908],[4.715,46.912],[4.722,46.913],[4.719,46.92],[4.722,46.922],[4.728,46.919],[4.737,46.924],[4.74,46.921],[4.745,46.924],[4.755,46.917],[4.764,46.919],[4.775,46.917],[4.792,46.926],[4.788,46.932],[4.806,46.933],[4.809,46.931],[4.817,46.934],[4.817,46.936],[4.821,46.938],[4.834,46.939],[4.853,46.946],[4.862,46.945],[4.876,46.951],[4.894,46.951],[4.891,46.957],[4.895,46.966],[4.949,46.966],[4.955,46.963],[4.966,46.965],[4.966,46.962],[5.002,46.958],[4.995,46.961],[5.003,46.972],[5.01,46.973],[5.017,46.968],[5.019,46.973],[5.03,46.981],[5.049,46.982],[5.059,46.973],[5.067,46.971],[5.066,46.967],[5.073,46.967],[5.074,46.96],[5.091,46.96],[5.095,46.955],[5.103,46.958],[5.098,46.951],[5.098,46.945],[5.106,46.95],[5.107,46.959],[5.12,46.961],[5.12,46.963],[5.14,46.962],[5.154,46.967],[5.166,46.964],[5.17,46.967],[5.167,46.969],[5.178,46.97],[5.182,46.975],[5.196,46.97],[5.197,46.975],[5.194,46.977],[5.205,46.985],[5.212,46.98],[5.222,46.989],[5.241,46.984],[5.24,46.982],[5.255,46.98],[5.254,46.971],[5.263,46.965],[5.265,46.959],[5.261,46.947],[5.254,46.948],[5.252,46.944],[5.264,46.937],[5.262,46.927],[5.27,46.928],[5.275,46.935],[5.283,46.94],[5.292,46.941],[5.299,46.936],[5.308,46.938],[5.306,46.934],[5.31,46.927],[5.307,46.924],[5.31,46.921],[5.313,46.91],[5.329,46.896],[5.329,46.888],[5.336,46.885],[5.338,46.889],[5.352,46.893],[5.362,46.883],[5.391,46.894],[5.395,46.891],[5.399,46.893],[5.404,46.89],[5.4,46.881],[5.405,46.879],[5.402,46.868],[5.407,46.868],[5.409,46.864],[5.419,46.861],[5.431,46.86],[5.433,46.855],[5.444,46.855],[5.442,46.853],[5.445,46.852],[5.45,46.856],[5.441,46.858],[5.44,46.856],[5.436,46.862],[5.459,46.855],[5.461,46.854],[5.457,46.845],[5.465,46.841],[5.457,46.831],[5.463,46.827],[5.458,46.83],[5.45,46.829],[5.448,46.825],[5.444,46.829],[5.429,46.826],[5.412,46.828],[5.408,46.833],[5.403,46.832],[5.402,46.83],[5.391,46.83],[5.389,46.827],[5.381,46.828],[5.368,46.825],[5.352,46.814],[5.345,46.816],[5.347,46.819],[5.339,46.826],[5.343,46.822],[5.342,46.82],[5.338,46.823],[5.339,46.821],[5.327,46.815],[5.334,46.805],[5.333,46.796],[5.337,46.796],[5.34,46.791],[5.348,46.79],[5.349,46.794],[5.354,46.793],[5.365,46.783],[5.37,46.783],[5.369,46.786],[5.373,46.783],[5.369,46.779],[5.372,46.777],[5.385,46.775],[5.39,46.771],[5.389,46.765],[5.374,46.755],[5.373,46.751],[5.367,46.752],[5.361,46.731],[5.387,46.731],[5.387,46.729],[5.394,46.729],[5.39,46.723],[5.395,46.722],[5.397,46.717],[5.394,46.708],[5.406,46.704],[5.408,46.698],[5.395,46.685],[5.403,46.679],[5.422,46.673],[5.419,46.668],[5.427,46.664],[5.425,46.661],[5.427,46.66],[5.413,46.654],[5.441,46.638],[5.437,46.629],[5.417,46.615],[5.4,46.614],[5.396,46.611],[5.398,46.609],[5.404,46.61],[5.404,46.608],[5.409,46.606],[5.408,46.602],[5.414,46.6],[5.405,46.588],[5.406,46.582],[5.368,46.58],[5.362,46.577],[5.368,46.567],[5.356,46.562],[5.363,46.552],[5.359,46.536],[5.362,46.532],[5.358,46.52],[5.369,46.516],[5.385,46.516],[5.392,46.512],[5.393,46.507],[5.402,46.506],[5.41,46.5],[5.42,46.502],[5.422,46.499],[5.418,46.489],[5.421,46.486],[5.418,46.476],[5.41,46.47],[5.398,46.467],[5.384,46.471],[5.373,46.46],[5.36,46.462],[5.359,46.464],[5.347,46.461],[5.323,46.463],[5.323,46.456],[5.318,46.453],[5.312,46.452],[5.313,46.448],[5.311,46.447],[5.307,46.445],[5.291,46.45],[5.284,46.446],[5.266,46.451],[5.258,46.45],[5.254,46.456],[5.241,46.461],[5.235,46.458],[5.226,46.468],[5.215,46.468],[5.216,46.474],[5.21,46.479],[5.214,46.482],[5.214,46.485],[5.206,46.486],[5.21,46.492],[5.204,46.494],[5.2,46.504],[5.204,46.505],[5.202,46.508],[5.177,46.511],[5.167,46.519],[5.166,46.503],[5.157,46.507],[5.135,46.509],[5.134,46.501],[5.118,46.497],[5.115,46.493],[5.109,46.491],[5.097,46.5],[5.092,46.495],[5.089,46.496],[5.086,46.49],[5.076,46.489],[5.077,46.486],[5.056,46.484],[5.041,46.491],[5.029,46.492],[5.026,46.496],[5.013,46.501],[5.009,46.507],[5.011,46.511],[5.006,46.51],[4.984,46.515],[4.963,46.512],[4.972,46.507],[4.968,46.505],[4.96,46.508],[4.95,46.501],[4.944,46.505],[4.944,46.511],[4.955,46.513],[4.945,46.514],[4.941,46.52],[4.942,46.513],[4.934,46.512],[4.925,46.496],[4.916,46.489],[4.916,46.467],[4.914,46.461],[4.894,46.444],[4.888,46.403],[4.851,46.356],[4.853,46.33],[4.833,46.3],[4.825,46.273],[4.811,46.26],[4.812,46.25],[4.808,46.237],[4.795,46.219],[4.793,46.202],[4.78,46.189],[4.78,46.177],[4.762,46.176],[4.758,46.172],[4.752,46.172],[4.748,46.175],[4.727,46.179],[4.73,46.183],[4.724,46.184],[4.725,46.189],[4.72,46.194],[4.721,46.201],[4.726,46.208],[4.734,46.206],[4.736,46.212],[4.729,46.214],[4.731,46.219],[4.72,46.222],[4.723,46.226],[4.72,46.228],[4.732,46.227],[4.737,46.232],[4.724,46.242],[4.722,46.241],[4.721,46.244],[4.705,46.251],[4.698,46.253],[4.693,46.248],[4.688,46.249],[4.689,46.254],[4.682,46.255],[4.679,46.26],[4.682,46.267],[4.688,46.265],[4.693,46.272],[4.701,46.267],[4.704,46.271],[4.708,46.27],[4.71,46.279],[4.708,46.283],[4.704,46.283],[4.698,46.291],[4.695,46.292],[4.693,46.301],[4.683,46.303],[4.679,46.306],[4.676,46.305],[4.678,46.301],[4.664,46.295],[4.653,46.304],[4.637,46.301],[4.636,46.29],[4.616,46.282],[4.622,46.271],[4.619,46.265],[4.584,46.269],[4.573,46.276],[4.573,46.287],[4.569,46.294],[4.56,46.295],[4.553,46.29],[4.553,46.286],[4.548,46.285],[4.546,46.274],[4.537,46.27],[4.521,46.271],[4.504,46.267],[4.488,46.288],[4.476,46.284],[4.459,46.297],[4.439,46.293],[4.438,46.298],[4.427,46.303],[4.422,46.295],[4.406,46.296],[4.408,46.292],[4.398,46.283],[4.397,46.267],[4.39,46.259],[4.392,46.252],[4.385,46.247],[4.392,46.235],[4.387,46.232],[4.388,46.22],[4.389,46.213],[4.375,46.211],[4.374,46.205],[4.363,46.2],[4.362,46.196],[4.37,46.193],[4.374,46.187],[4.371,46.184],[4.366,46.186],[4.363,46.182],[4.359,46.182],[4.346,46.188],[4.337,46.181],[4.327,46.185],[4.315,46.171],[4.307,46.175],[4.292,46.172],[4.289,46.17],[4.287,46.16],[4.281,46.156],[4.25,46.158],[4.249,46.167],[4.253,46.167],[4.257,46.173],[4.264,46.175],[4.255,46.188],[4.242,46.189],[4.237,46.182],[4.225,46.178],[4.208,46.195],[4.185,46.189],[4.183,46.186],[4.187,46.175],[4.164,46.173],[4.133,46.177],[4.133,46.181],[4.104,46.198],[4.095,46.193],[4.075,46.19],[4.068,46.186],[4.059,46.188],[4.052,46.181],[4.033,46.174],[4.031,46.17],[3.993,46.173],[3.99,46.169],[3.986,46.171],[3.984,46.177],[3.98,46.178],[3.978,46.186],[3.971,46.189],[3.973,46.191],[3.973,46.203],[3.934,46.206],[3.918,46.203],[3.914,46.207],[3.89,46.214],[3.898,46.225],[3.898,46.24],[3.905,46.238],[3.91,46.248],[3.905,46.252],[3.909,46.258],[3.906,46.263],[3.907,46.267],[3.905,46.274],[3.9,46.276],[3.891,46.285],[3.899,46.289],[3.897,46.292],[3.914,46.297],[3.931,46.296],[3.945,46.3],[3.949,46.314],[3.946,46.321],[3.959,46.319],[3.971,46.322],[3.99,46.315],[3.989,46.323],[3.997,46.323],[4.005,46.327],[3.989,46.327],[3.985,46.33],[3.989,46.344],[3.987,46.351],[3.992,46.37],[3.983,46.381],[3.977,46.399],[3.989,46.409],[3.984,46.42],[3.996,46.427],[3.99,46.431],[3.989,46.438],[4.006,46.442],[3.997,46.45],[4.001,46.462],[3.979,46.474],[3.977,46.479],[3.952,46.478],[3.958,46.491],[3.956,46.492],[3.938,46.491],[3.919,46.496],[3.91,46.495],[3.901,46.491],[3.895,46.481],[3.865,46.49],[3.86,46.496],[3.864,46.513],[3.857,46.516],[3.849,46.513],[3.842,46.514],[3.84,46.518],[3.846,46.524],[3.839,46.531],[3.805,46.519],[3.793,46.528],[3.781,46.528],[3.778,46.536],[3.773,46.539],[3.755,46.536],[3.742,46.54],[3.732,46.55],[3.741,46.559],[3.743,46.566],[3.734,46.595],[3.737,46.602],[3.732,46.605],[3.72,46.605],[3.714,46.608],[3.714,46.614],[3.723,46.622],[3.724,46.626],[3.709,46.635],[3.697,46.661],[3.669,46.674],[3.673,46.682],[3.658,46.685],[3.651,46.705],[3.638,46.707],[3.638,46.725],[3.623,46.74],[3.629,46.749],[3.632,46.75],[3.631,46.745],[3.64,46.739],[3.649,46.743],[3.66,46.738],[3.678,46.739],[3.701,46.747],[3.739,46.752],[3.768,46.739],[3.784,46.736],[3.782,46.73],[3.777,46.73],[3.789,46.721],[3.795,46.702],[3.797,46.702],[3.808,46.706],[3.829,46.704],[3.833,46.71],[3.839,46.71],[3.841,46.718],[3.845,46.717],[3.845,46.723],[3.874,46.727],[3.874,46.729],[3.878,46.73],[3.875,46.731],[3.876,46.732],[3.879,46.729],[3.885,46.73],[3.887,46.727],[3.899,46.735],[3.913,46.734],[3.913,46.742],[3.924,46.738],[3.933,46.742],[3.928,46.751],[3.935,46.753],[3.943,46.751],[3.953,46.754],[3.963,46.762],[3.963,46.766],[3.967,46.765],[3.968,46.769],[3.973,46.767],[3.994,46.779],[4.008,46.777],[4.014,46.779],[4.019,46.776],[4.033,46.788],[4.039,46.787],[4.041,46.783],[4.055,46.776],[4.063,46.789],[4.059,46.8],[4.058,46.821],[4.042,46.834],[4.056,46.843],[4.101,46.859],[4.099,46.867],[4.087,46.881],[4.077,46.886],[4.078,46.89],[4.07,46.896],[4.057,46.901],[4.045,46.9],[4.042,46.91],[4.039,46.909],[4.037,46.928],[4.042,46.933],[4.048,46.932],[4.04,46.941],[4.04,46.948],[4.056,46.957],[4.047,46.971],[4.041,46.974],[4.039,46.985],[4.032,46.985],[4.019,46.978],[4.017,46.973],[4.01,46.971],[3.997,46.974],[3.994,46.979],[3.996,46.987],[4.002,46.986],[4.018,46.995],[4.032,46.999],[4.044,47.009],[4.055,47.013],[4.062,47.023],[4.056,47.037],[4.07,47.054],[4.073,47.055],[4.054,47.069],[4.049,47.076],[4.042,47.077],[4.038,47.08],[4.039,47.086],[4.054,47.095],[4.051,47.096],[4.053,47.104],[4.048,47.11],[4.058,47.116],[4.06,47.121],[4.09,47.116],[4.093,47.118],[4.095,47.123],[4.093,47.125],[4.095,47.128],[4.106,47.123],[4.11,47.118],[4.114,47.119],[4.116,47.123]],[[5.456,46.851],[5.452,46.854],[5.458,46.854],[5.456,46.851]],[[5.444,46.845],[5.441,46.846],[5.44,46.851],[5.446,46.849],[5.448,46.847],[5.444,46.845]]]]}},{"type":"Feature","properties":{"code":"72","nom":"Sarthe"},"geometry":{"type":"Polygon","coordinates":[[[-0.055,48.382],[-0.055,48.378],[-0.051,48.375],[-0.051,48.38],[-0.037,48.381],[-0.035,48.386],[-0.021,48.387],[-0.022,48.392],[-0.019,48.395],[-0.012,48.394],[-0.001,48.397],[0.003,48.396],[0.004,48.389],[0.011,48.39],[0.015,48.382],[0.061,48.38],[0.063,48.383],[0.054,48.392],[0.071,48.409],[0.1,48.41],[0.11,48.423],[0.106,48.426],[0.117,48.436],[0.151,48.437],[0.158,48.441],[0.158,48.444],[0.145,48.453],[0.146,48.457],[0.152,48.457],[0.163,48.451],[0.171,48.449],[0.174,48.451],[0.17,48.454],[0.17,48.462],[0.173,48.465],[0.19,48.462],[0.213,48.474],[0.232,48.472],[0.241,48.476],[0.249,48.474],[0.259,48.477],[0.265,48.485],[0.275,48.479],[0.301,48.48],[0.309,48.473],[0.327,48.472],[0.329,48.468],[0.339,48.465],[0.336,48.463],[0.339,48.462],[0.357,48.458],[0.366,48.449],[0.364,48.446],[0.368,48.441],[0.368,48.438],[0.382,48.425],[0.381,48.416],[0.372,48.41],[0.377,48.392],[0.374,48.387],[0.38,48.38],[0.38,48.367],[0.384,48.353],[0.388,48.35],[0.385,48.343],[0.38,48.342],[0.384,48.333],[0.404,48.315],[0.413,48.317],[0.412,48.32],[0.42,48.321],[0.426,48.318],[0.431,48.307],[0.466,48.306],[0.481,48.299],[0.49,48.309],[0.507,48.295],[0.495,48.287],[0.495,48.282],[0.503,48.278],[0.502,48.276],[0.508,48.273],[0.513,48.267],[0.516,48.269],[0.533,48.264],[0.538,48.257],[0.536,48.25],[0.549,48.25],[0.567,48.245],[0.608,48.244],[0.613,48.242],[0.624,48.245],[0.63,48.241],[0.628,48.237],[0.632,48.235],[0.638,48.236],[0.631,48.253],[0.634,48.258],[0.64,48.261],[0.652,48.264],[0.665,48.261],[0.671,48.255],[0.683,48.255],[0.682,48.249],[0.688,48.246],[0.686,48.241],[0.7,48.232],[0.707,48.223],[0.704,48.219],[0.716,48.215],[0.724,48.198],[0.73,48.201],[0.738,48.189],[0.758,48.18],[0.798,48.194],[0.796,48.188],[0.811,48.186],[0.813,48.181],[0.827,48.176],[0.837,48.167],[0.844,48.165],[0.86,48.168],[0.869,48.163],[0.888,48.162],[0.912,48.149],[0.909,48.144],[0.917,48.139],[0.914,48.135],[0.883,48.134],[0.879,48.136],[0.87,48.132],[0.865,48.134],[0.85,48.133],[0.855,48.123],[0.841,48.103],[0.833,48.098],[0.814,48.099],[0.814,48.096],[0.824,48.091],[0.833,48.092],[0.838,48.089],[0.841,48.09],[0.839,48.094],[0.848,48.095],[0.849,48.089],[0.845,48.088],[0.846,48.085],[0.843,48.073],[0.832,48.07],[0.803,48.072],[0.794,48.07],[0.798,48.066],[0.798,48.056],[0.794,48.049],[0.798,48.043],[0.798,48.037],[0.806,48.038],[0.808,48.032],[0.827,48.03],[0.835,48.034],[0.842,48.03],[0.839,48.024],[0.842,48.019],[0.837,48.016],[0.837,48.009],[0.833,48.009],[0.832,48.006],[0.832,47.997],[0.819,47.989],[0.828,47.972],[0.838,47.969],[0.837,47.965],[0.845,47.953],[0.845,47.948],[0.85,47.947],[0.849,47.943],[0.814,47.932],[0.812,47.92],[0.808,47.917],[0.816,47.913],[0.808,47.908],[0.815,47.904],[0.813,47.9],[0.817,47.897],[0.815,47.895],[0.818,47.893],[0.812,47.889],[0.795,47.9],[0.795,47.906],[0.79,47.912],[0.776,47.909],[0.771,47.903],[0.76,47.899],[0.757,47.886],[0.765,47.867],[0.759,47.859],[0.774,47.85],[0.772,47.846],[0.775,47.844],[0.775,47.839],[0.768,47.831],[0.759,47.834],[0.746,47.828],[0.746,47.825],[0.738,47.816],[0.74,47.812],[0.732,47.808],[0.719,47.793],[0.715,47.794],[0.712,47.787],[0.701,47.79],[0.691,47.783],[0.689,47.78],[0.7,47.774],[0.703,47.77],[0.703,47.767],[0.691,47.764],[0.677,47.77],[0.645,47.753],[0.624,47.75],[0.619,47.746],[0.621,47.739],[0.611,47.732],[0.612,47.73],[0.609,47.725],[0.594,47.723],[0.58,47.712],[0.593,47.704],[0.594,47.7],[0.592,47.698],[0.596,47.688],[0.604,47.686],[0.614,47.694],[0.619,47.693],[0.619,47.691],[0.615,47.683],[0.608,47.682],[0.597,47.673],[0.586,47.669],[0.559,47.671],[0.56,47.666],[0.552,47.659],[0.523,47.653],[0.516,47.657],[0.498,47.645],[0.497,47.647],[0.48,47.643],[0.475,47.647],[0.464,47.646],[0.453,47.634],[0.457,47.628],[0.45,47.619],[0.424,47.618],[0.418,47.624],[0.409,47.626],[0.408,47.633],[0.396,47.641],[0.383,47.643],[0.364,47.625],[0.364,47.621],[0.374,47.613],[0.383,47.61],[0.39,47.599],[0.397,47.594],[0.396,47.587],[0.402,47.578],[0.391,47.577],[0.378,47.569],[0.363,47.575],[0.34,47.579],[0.338,47.585],[0.322,47.595],[0.276,47.598],[0.268,47.603],[0.27,47.605],[0.268,47.609],[0.262,47.609],[0.259,47.612],[0.236,47.612],[0.23,47.608],[0.224,47.612],[0.211,47.612],[0.211,47.608],[0.206,47.603],[0.202,47.61],[0.202,47.614],[0.192,47.617],[0.186,47.617],[0.183,47.597],[0.173,47.593],[0.162,47.594],[0.154,47.588],[0.152,47.582],[0.146,47.581],[0.144,47.584],[0.14,47.584],[0.14,47.591],[0.132,47.597],[0.123,47.594],[0.119,47.597],[0.121,47.598],[0.116,47.606],[0.096,47.603],[0.07,47.608],[0.06,47.604],[0.044,47.61],[0.036,47.619],[0.014,47.622],[0.009,47.626],[0.013,47.629],[0.006,47.631],[0.009,47.636],[-0.005,47.648],[-0.02,47.637],[-0.025,47.647],[-0.055,47.648],[-0.065,47.655],[-0.07,47.655],[-0.072,47.66],[-0.078,47.654],[-0.086,47.655],[-0.09,47.65],[-0.092,47.651],[-0.095,47.662],[-0.102,47.662],[-0.108,47.655],[-0.106,47.653],[-0.114,47.648],[-0.115,47.641],[-0.111,47.635],[-0.118,47.633],[-0.125,47.637],[-0.134,47.632],[-0.148,47.636],[-0.159,47.647],[-0.181,47.645],[-0.197,47.649],[-0.195,47.661],[-0.208,47.671],[-0.206,47.675],[-0.215,47.681],[-0.22,47.688],[-0.215,47.696],[-0.205,47.693],[-0.182,47.706],[-0.184,47.712],[-0.173,47.713],[-0.175,47.716],[-0.185,47.715],[-0.194,47.724],[-0.202,47.725],[-0.23,47.709],[-0.235,47.703],[-0.258,47.707],[-0.268,47.715],[-0.277,47.714],[-0.286,47.72],[-0.306,47.717],[-0.333,47.722],[-0.336,47.719],[-0.347,47.718],[-0.348,47.715],[-0.363,47.715],[-0.366,47.716],[-0.357,47.73],[-0.364,47.737],[-0.375,47.739],[-0.373,47.744],[-0.381,47.75],[-0.375,47.76],[-0.382,47.761],[-0.375,47.767],[-0.381,47.793],[-0.388,47.805],[-0.417,47.803],[-0.429,47.806],[-0.434,47.809],[-0.433,47.814],[-0.438,47.818],[-0.442,47.829],[-0.448,47.832],[-0.43,47.842],[-0.431,47.847],[-0.427,47.848],[-0.428,47.85],[-0.411,47.847],[-0.412,47.858],[-0.407,47.859],[-0.397,47.857],[-0.39,47.86],[-0.378,47.855],[-0.371,47.859],[-0.38,47.868],[-0.369,47.87],[-0.372,47.872],[-0.37,47.878],[-0.373,47.885],[-0.379,47.889],[-0.39,47.889],[-0.394,47.894],[-0.41,47.895],[-0.404,47.902],[-0.408,47.906],[-0.406,47.909],[-0.413,47.916],[-0.405,47.921],[-0.402,47.92],[-0.406,47.918],[-0.405,47.915],[-0.397,47.916],[-0.397,47.926],[-0.377,47.933],[-0.361,47.93],[-0.355,47.934],[-0.339,47.931],[-0.333,47.934],[-0.334,47.937],[-0.331,47.938],[-0.32,47.935],[-0.311,47.94],[-0.295,47.944],[-0.291,47.951],[-0.277,47.957],[-0.302,47.965],[-0.302,47.969],[-0.297,47.972],[-0.301,47.975],[-0.299,47.98],[-0.304,47.979],[-0.302,47.983],[-0.306,47.988],[-0.305,47.99],[-0.313,47.994],[-0.314,47.999],[-0.309,48.006],[-0.341,48.012],[-0.334,48.028],[-0.342,48.043],[-0.33,48.05],[-0.317,48.045],[-0.304,48.051],[-0.28,48.055],[-0.284,48.06],[-0.271,48.065],[-0.231,48.059],[-0.227,48.073],[-0.222,48.078],[-0.223,48.08],[-0.237,48.083],[-0.239,48.085],[-0.234,48.091],[-0.237,48.098],[-0.219,48.105],[-0.215,48.108],[-0.216,48.114],[-0.224,48.117],[-0.223,48.123],[-0.247,48.128],[-0.244,48.133],[-0.239,48.136],[-0.242,48.138],[-0.251,48.134],[-0.254,48.137],[-0.248,48.14],[-0.249,48.145],[-0.237,48.147],[-0.238,48.153],[-0.246,48.152],[-0.248,48.152],[-0.248,48.156],[-0.253,48.158],[-0.23,48.169],[-0.19,48.181],[-0.164,48.2],[-0.147,48.205],[-0.153,48.215],[-0.145,48.224],[-0.151,48.23],[-0.155,48.231],[-0.158,48.239],[-0.161,48.239],[-0.162,48.249],[-0.166,48.253],[-0.163,48.254],[-0.163,48.258],[-0.167,48.264],[-0.161,48.262],[-0.156,48.265],[-0.148,48.28],[-0.15,48.285],[-0.143,48.293],[-0.138,48.293],[-0.142,48.309],[-0.148,48.314],[-0.155,48.314],[-0.158,48.322],[-0.158,48.335],[-0.154,48.335],[-0.157,48.341],[-0.148,48.344],[-0.122,48.338],[-0.122,48.34],[-0.132,48.343],[-0.138,48.357],[-0.137,48.364],[-0.119,48.367],[-0.112,48.374],[-0.091,48.375],[-0.084,48.37],[-0.078,48.369],[-0.071,48.379],[-0.063,48.376],[-0.059,48.381],[-0.055,48.382]]]}},{"type":"Feature","properties":{"code":"73","nom":"Savoie"},"geometry":{"type":"Polygon","coordinates":[[[6.803,45.778],[6.802,45.775],[6.806,45.77],[6.806,45.748],[6.817,45.74],[6.808,45.725],[6.819,45.719],[6.829,45.703],[6.841,45.7],[6.846,45.69],[6.865,45.685],[6.871,45.68],[6.879,45.679],[6.883,45.681],[6.893,45.676],[6.903,45.681],[6.907,45.676],[6.906,45.668],[6.902,45.664],[6.915,45.661],[6.917,45.66],[6.915,45.652],[6.931,45.646],[6.961,45.655],[6.97,45.654],[6.975,45.647],[6.989,45.644],[6.993,45.64],[7.001,45.64],[7.001,45.635],[6.985,45.621],[6.984,45.617],[6.986,45.613],[6.978,45.587],[6.994,45.576],[6.994,45.572],[6.997,45.569],[6.99,45.564],[6.99,45.557],[6.996,45.545],[6.991,45.53],[7.005,45.517],[7,45.504],[7.021,45.497],[7.045,45.497],[7.055,45.495],[7.056,45.487],[7.05,45.485],[7.046,45.478],[7.048,45.473],[7.06,45.471],[7.065,45.474],[7.077,45.474],[7.103,45.468],[7.099,45.459],[7.115,45.442],[7.114,45.433],[7.152,45.423],[7.157,45.417],[7.184,45.407],[7.186,45.403],[7.179,45.397],[7.179,45.39],[7.163,45.381],[7.158,45.369],[7.165,45.361],[7.158,45.359],[7.153,45.353],[7.138,45.351],[7.134,45.347],[7.132,45.341],[7.135,45.331],[7.132,45.329],[7.126,45.327],[7.115,45.329],[7.111,45.327],[7.11,45.319],[7.118,45.312],[7.122,45.296],[7.136,45.281],[7.134,45.275],[7.128,45.272],[7.133,45.267],[7.132,45.263],[7.138,45.256],[7.125,45.244],[7.111,45.246],[7.106,45.237],[7.098,45.234],[7.089,45.226],[7.081,45.224],[7.083,45.219],[7.079,45.216],[7.08,45.213],[7.066,45.21],[7.057,45.221],[7.047,45.226],[7.026,45.215],[7.023,45.219],[7.02,45.215],[7.007,45.217],[7.004,45.22],[6.995,45.215],[6.993,45.21],[6.986,45.211],[6.966,45.208],[6.961,45.203],[6.967,45.196],[6.952,45.19],[6.954,45.18],[6.943,45.176],[6.947,45.171],[6.927,45.171],[6.923,45.168],[6.924,45.166],[6.914,45.169],[6.911,45.165],[6.903,45.168],[6.892,45.167],[6.891,45.162],[6.884,45.157],[6.89,45.147],[6.898,45.143],[6.892,45.137],[6.874,45.136],[6.867,45.132],[6.848,45.127],[6.845,45.131],[6.847,45.136],[6.836,45.135],[6.821,45.145],[6.768,45.16],[6.755,45.15],[6.752,45.144],[6.74,45.137],[6.727,45.138],[6.712,45.145],[6.692,45.139],[6.68,45.14],[6.672,45.124],[6.662,45.121],[6.658,45.122],[6.648,45.115],[6.636,45.116],[6.63,45.109],[6.616,45.121],[6.607,45.12],[6.602,45.122],[6.593,45.119],[6.577,45.123],[6.561,45.111],[6.561,45.105],[6.539,45.099],[6.53,45.099],[6.51,45.109],[6.505,45.104],[6.48,45.094],[6.487,45.082],[6.483,45.077],[6.489,45.073],[6.49,45.068],[6.486,45.063],[6.487,45.057],[6.452,45.052],[6.443,45.055],[6.44,45.062],[6.434,45.064],[6.423,45.06],[6.404,45.065],[6.396,45.061],[6.365,45.07],[6.375,45.083],[6.366,45.101],[6.348,45.114],[6.34,45.116],[6.334,45.123],[6.332,45.119],[6.317,45.112],[6.294,45.109],[6.275,45.116],[6.267,45.125],[6.261,45.127],[6.265,45.14],[6.25,45.151],[6.224,45.141],[6.212,45.155],[6.19,45.164],[6.181,45.165],[6.174,45.162],[6.169,45.154],[6.161,45.151],[6.144,45.155],[6.148,45.16],[6.145,45.165],[6.154,45.169],[6.162,45.188],[6.159,45.202],[6.138,45.213],[6.142,45.222],[6.127,45.232],[6.126,45.244],[6.13,45.247],[6.141,45.261],[6.139,45.267],[6.133,45.271],[6.131,45.285],[6.143,45.296],[6.141,45.299],[6.154,45.304],[6.154,45.311],[6.187,45.32],[6.184,45.328],[6.192,45.338],[6.19,45.342],[6.195,45.352],[6.171,45.357],[6.17,45.36],[6.18,45.36],[6.192,45.369],[6.186,45.373],[6.177,45.393],[6.145,45.414],[6.14,45.423],[6.136,45.425],[6.134,45.433],[6.123,45.439],[6.095,45.432],[6.093,45.436],[6.096,45.442],[6.093,45.444],[6.063,45.444],[6.049,45.438],[6.009,45.454],[6.011,45.458],[6.007,45.459],[6.011,45.473],[5.991,45.475],[5.984,45.481],[5.982,45.487],[5.975,45.492],[5.966,45.492],[5.953,45.485],[5.915,45.476],[5.919,45.469],[5.926,45.466],[5.92,45.448],[5.921,45.444],[5.914,45.435],[5.904,45.433],[5.902,45.414],[5.904,45.408],[5.908,45.408],[5.922,45.416],[5.928,45.417],[5.915,45.401],[5.91,45.39],[5.9,45.392],[5.895,45.389],[5.892,45.391],[5.89,45.401],[5.881,45.407],[5.861,45.409],[5.854,45.417],[5.82,45.421],[5.808,45.426],[5.797,45.435],[5.798,45.438],[5.787,45.439],[5.783,45.442],[5.766,45.44],[5.758,45.435],[5.74,45.437],[5.739,45.445],[5.736,45.446],[5.732,45.453],[5.736,45.458],[5.734,45.467],[5.736,45.472],[5.719,45.484],[5.719,45.487],[5.715,45.491],[5.716,45.495],[5.713,45.496],[5.715,45.498],[5.71,45.502],[5.713,45.507],[5.701,45.508],[5.704,45.513],[5.7,45.518],[5.691,45.522],[5.692,45.528],[5.676,45.531],[5.67,45.538],[5.673,45.543],[5.681,45.542],[5.68,45.547],[5.672,45.547],[5.675,45.552],[5.67,45.556],[5.674,45.559],[5.647,45.577],[5.646,45.584],[5.641,45.586],[5.623,45.604],[5.624,45.613],[5.629,45.611],[5.634,45.613],[5.637,45.622],[5.648,45.626],[5.649,45.634],[5.654,45.637],[5.678,45.638],[5.687,45.643],[5.689,45.649],[5.684,45.662],[5.685,45.666],[5.706,45.68],[5.71,45.686],[5.701,45.702],[5.701,45.71],[5.718,45.708],[5.738,45.71],[5.749,45.705],[5.755,45.707],[5.765,45.72],[5.776,45.726],[5.77,45.741],[5.784,45.744],[5.784,45.753],[5.779,45.76],[5.783,45.768],[5.78,45.777],[5.787,45.803],[5.784,45.817],[5.79,45.827],[5.797,45.831],[5.804,45.856],[5.809,45.863],[5.829,45.909],[5.828,45.92],[5.822,45.929],[5.831,45.938],[5.838,45.932],[5.845,45.935],[5.862,45.932],[5.868,45.891],[5.879,45.86],[5.875,45.854],[5.877,45.846],[5.874,45.843],[5.873,45.834],[5.877,45.835],[5.882,45.831],[5.882,45.827],[5.905,45.826],[5.905,45.811],[5.91,45.81],[5.913,45.804],[5.921,45.804],[5.931,45.807],[5.934,45.814],[5.943,45.81],[5.963,45.813],[5.958,45.795],[5.981,45.796],[5.982,45.781],[5.975,45.777],[5.973,45.77],[5.988,45.767],[5.997,45.761],[5.996,45.755],[5.991,45.752],[5.994,45.748],[6.009,45.751],[6.017,45.746],[6.043,45.739],[6.048,45.748],[6.055,45.751],[6.076,45.741],[6.083,45.74],[6.088,45.744],[6.096,45.743],[6.097,45.734],[6.101,45.732],[6.104,45.746],[6.101,45.754],[6.104,45.762],[6.126,45.75],[6.138,45.757],[6.138,45.761],[6.166,45.756],[6.166,45.749],[6.178,45.747],[6.177,45.738],[6.182,45.733],[6.196,45.732],[6.191,45.711],[6.191,45.696],[6.196,45.693],[6.202,45.7],[6.212,45.701],[6.214,45.709],[6.232,45.703],[6.228,45.697],[6.231,45.688],[6.228,45.682],[6.235,45.682],[6.238,45.685],[6.258,45.684],[6.261,45.688],[6.28,45.684],[6.302,45.69],[6.305,45.693],[6.329,45.693],[6.353,45.733],[6.348,45.737],[6.372,45.754],[6.375,45.766],[6.365,45.766],[6.363,45.769],[6.386,45.779],[6.396,45.788],[6.425,45.804],[6.431,45.82],[6.45,45.837],[6.445,45.845],[6.454,45.855],[6.451,45.861],[6.462,45.868],[6.471,45.885],[6.495,45.89],[6.511,45.909],[6.516,45.903],[6.527,45.901],[6.532,45.897],[6.559,45.893],[6.559,45.886],[6.57,45.882],[6.573,45.878],[6.566,45.871],[6.568,45.862],[6.554,45.86],[6.55,45.862],[6.535,45.862],[6.546,45.847],[6.547,45.838],[6.554,45.831],[6.552,45.827],[6.559,45.82],[6.566,45.816],[6.577,45.817],[6.584,45.807],[6.584,45.801],[6.599,45.792],[6.602,45.795],[6.626,45.796],[6.639,45.801],[6.659,45.8],[6.661,45.795],[6.676,45.78],[6.691,45.771],[6.686,45.755],[6.699,45.745],[6.698,45.737],[6.689,45.728],[6.704,45.727],[6.712,45.723],[6.74,45.745],[6.742,45.753],[6.756,45.763],[6.756,45.766],[6.766,45.77],[6.78,45.769],[6.799,45.78],[6.803,45.778]]]}},{"type":"Feature","properties":{"code":"74","nom":"Haute-Savoie"},"geometry":{"type":"Polygon","coordinates":[[[6.803,45.778],[6.799,45.78],[6.78,45.769],[6.766,45.77],[6.756,45.766],[6.756,45.763],[6.742,45.753],[6.74,45.745],[6.712,45.723],[6.704,45.727],[6.689,45.728],[6.698,45.737],[6.699,45.745],[6.686,45.755],[6.691,45.771],[6.676,45.78],[6.661,45.795],[6.659,45.8],[6.639,45.801],[6.626,45.796],[6.602,45.795],[6.599,45.792],[6.584,45.801],[6.584,45.807],[6.577,45.817],[6.566,45.816],[6.559,45.82],[6.552,45.827],[6.554,45.831],[6.547,45.838],[6.546,45.847],[6.535,45.862],[6.55,45.862],[6.554,45.86],[6.568,45.862],[6.566,45.871],[6.573,45.878],[6.57,45.882],[6.559,45.886],[6.559,45.893],[6.532,45.897],[6.527,45.901],[6.516,45.903],[6.511,45.909],[6.495,45.89],[6.471,45.885],[6.462,45.868],[6.451,45.861],[6.454,45.855],[6.445,45.845],[6.45,45.837],[6.431,45.82],[6.425,45.804],[6.396,45.788],[6.386,45.779],[6.363,45.769],[6.365,45.766],[6.375,45.766],[6.372,45.754],[6.348,45.737],[6.353,45.733],[6.329,45.693],[6.305,45.693],[6.302,45.69],[6.28,45.684],[6.261,45.688],[6.258,45.684],[6.238,45.685],[6.235,45.682],[6.228,45.682],[6.231,45.688],[6.228,45.697],[6.232,45.703],[6.214,45.709],[6.212,45.701],[6.202,45.7],[6.196,45.693],[6.191,45.696],[6.191,45.711],[6.196,45.732],[6.182,45.733],[6.177,45.738],[6.178,45.747],[6.166,45.749],[6.166,45.756],[6.138,45.761],[6.138,45.757],[6.126,45.75],[6.104,45.762],[6.101,45.754],[6.104,45.746],[6.101,45.732],[6.097,45.734],[6.096,45.743],[6.088,45.744],[6.083,45.74],[6.076,45.741],[6.055,45.751],[6.048,45.748],[6.043,45.739],[6.017,45.746],[6.009,45.751],[5.994,45.748],[5.991,45.752],[5.996,45.755],[5.997,45.761],[5.988,45.767],[5.973,45.77],[5.975,45.777],[5.982,45.781],[5.981,45.796],[5.958,45.795],[5.963,45.813],[5.943,45.81],[5.934,45.814],[5.931,45.807],[5.921,45.804],[5.913,45.804],[5.91,45.81],[5.905,45.811],[5.905,45.826],[5.882,45.827],[5.882,45.831],[5.877,45.835],[5.873,45.834],[5.874,45.843],[5.877,45.846],[5.875,45.854],[5.879,45.86],[5.868,45.891],[5.862,45.932],[5.845,45.935],[5.838,45.932],[5.831,45.938],[5.825,45.939],[5.831,45.943],[5.835,45.951],[5.833,45.959],[5.834,45.972],[5.811,45.988],[5.811,46.01],[5.806,46.014],[5.812,46.024],[5.807,46.044],[5.814,46.057],[5.809,46.06],[5.808,46.064],[5.811,46.078],[5.816,46.081],[5.823,46.092],[5.824,46.098],[5.82,46.103],[5.832,46.106],[5.859,46.085],[5.887,46.086],[5.891,46.088],[5.894,46.096],[5.885,46.108],[5.894,46.119],[5.904,46.12],[5.92,46.131],[5.925,46.13],[5.926,46.128],[5.946,46.128],[5.956,46.132],[5.957,46.128],[5.974,46.132],[5.982,46.137],[5.982,46.142],[5.993,46.144],[6.018,46.143],[6.037,46.136],[6.043,46.141],[6.049,46.141],[6.049,46.147],[6.052,46.151],[6.075,46.149],[6.092,46.152],[6.099,46.144],[6.136,46.142],[6.141,46.146],[6.145,46.145],[6.152,46.152],[6.177,46.159],[6.189,46.166],[6.187,46.18],[6.198,46.183],[6.207,46.192],[6.214,46.194],[6.222,46.201],[6.234,46.206],[6.248,46.205],[6.266,46.214],[6.277,46.216],[6.294,46.225],[6.31,46.244],[6.309,46.25],[6.306,46.251],[6.31,46.256],[6.295,46.256],[6.295,46.265],[6.283,46.256],[6.285,46.255],[6.267,46.247],[6.249,46.263],[6.238,46.278],[6.243,46.285],[6.253,46.291],[6.248,46.294],[6.249,46.302],[6.244,46.304],[6.253,46.312],[6.258,46.32],[6.258,46.326],[6.271,46.337],[6.277,46.345],[6.277,46.35],[6.305,46.367],[6.327,46.372],[6.345,46.37],[6.351,46.367],[6.35,46.362],[6.36,46.349],[6.389,46.34],[6.413,46.36],[6.431,46.36],[6.475,46.375],[6.483,46.383],[6.484,46.393],[6.513,46.405],[6.544,46.395],[6.588,46.402],[6.635,46.406],[6.666,46.405],[6.679,46.407],[6.724,46.408],[6.758,46.403],[6.79,46.393],[6.805,46.394],[6.802,46.386],[6.806,46.38],[6.792,46.367],[6.781,46.367],[6.771,46.361],[6.772,46.35],[6.779,46.345],[6.784,46.333],[6.796,46.333],[6.8,46.32],[6.807,46.321],[6.825,46.312],[6.83,46.306],[6.828,46.302],[6.83,46.3],[6.834,46.3],[6.848,46.29],[6.855,46.292],[6.859,46.291],[6.864,46.28],[6.859,46.273],[6.86,46.266],[6.855,46.259],[6.856,46.255],[6.84,46.248],[6.837,46.241],[6.83,46.234],[6.821,46.232],[6.822,46.223],[6.804,46.204],[6.813,46.182],[6.792,46.162],[6.79,46.155],[6.797,46.139],[6.802,46.135],[6.807,46.137],[6.815,46.13],[6.838,46.133],[6.852,46.126],[6.876,46.126],[6.882,46.123],[6.892,46.125],[6.9,46.124],[6.893,46.112],[6.896,46.109],[6.883,46.095],[6.892,46.085],[6.888,46.079],[6.891,46.074],[6.88,46.069],[6.873,46.055],[6.876,46.048],[6.891,46.042],[6.895,46.048],[6.909,46.05],[6.925,46.065],[6.934,46.066],[6.938,46.063],[6.936,46.055],[6.943,46.051],[6.95,46.052],[6.963,46.031],[6.967,46.031],[6.981,46.02],[6.985,46.005],[7.001,45.999],[7.005,46.002],[7.01,45.997],[7.012,45.987],[7.02,45.984],[7.023,45.978],[7.01,45.973],[7.009,45.969],[7.018,45.96],[7.038,45.954],[7.039,45.945],[7.036,45.938],[7.045,45.922],[7.029,45.92],[7.018,45.914],[7.014,45.906],[7.008,45.904],[7.003,45.898],[7.007,45.887],[7.001,45.881],[6.999,45.874],[6.991,45.868],[6.976,45.868],[6.961,45.862],[6.951,45.861],[6.941,45.851],[6.941,45.847],[6.934,45.845],[6.922,45.848],[6.913,45.841],[6.908,45.844],[6.895,45.843],[6.879,45.849],[6.87,45.839],[6.873,45.836],[6.87,45.832],[6.872,45.83],[6.867,45.824],[6.86,45.833],[6.844,45.84],[6.819,45.836],[6.805,45.816],[6.813,45.807],[6.811,45.802],[6.813,45.795],[6.806,45.793],[6.801,45.781],[6.803,45.778]]]}},{"type":"Feature","properties":{"code":"75","nom":"Paris"},"geometry":{"type":"Polygon","coordinates":[[[2.332,48.817],[2.279,48.832],[2.273,48.828],[2.268,48.828],[2.267,48.832],[2.27,48.833],[2.255,48.835],[2.252,48.839],[2.252,48.845],[2.224,48.854],[2.232,48.869],[2.246,48.876],[2.255,48.874],[2.258,48.88],[2.28,48.879],[2.286,48.887],[2.32,48.9],[2.39,48.901],[2.398,48.895],[2.4,48.884],[2.409,48.88],[2.412,48.876],[2.416,48.849],[2.414,48.834],[2.422,48.836],[2.42,48.841],[2.422,48.844],[2.425,48.842],[2.437,48.841],[2.438,48.845],[2.447,48.846],[2.465,48.841],[2.47,48.837],[2.465,48.83],[2.466,48.827],[2.463,48.819],[2.457,48.817],[2.437,48.818],[2.429,48.824],[2.411,48.825],[2.402,48.83],[2.363,48.816],[2.352,48.819],[2.347,48.816],[2.332,48.817]]]}},{"type":"Feature","properties":{"code":"76","nom":"Seine-Maritime"},"geometry":{"type":"Polygon","coordinates":[[[1.382,50.066],[1.387,50.061],[1.392,50.061],[1.392,50.064],[1.396,50.064],[1.397,50.058],[1.409,50.057],[1.424,50.071],[1.449,50.069],[1.459,50.063],[1.455,50.056],[1.456,50.044],[1.449,50.047],[1.455,50.038],[1.471,50.035],[1.478,50.028],[1.491,50.021],[1.491,50.018],[1.5,50.019],[1.516,50.012],[1.517,50.006],[1.523,50.004],[1.527,49.995],[1.547,49.987],[1.558,49.979],[1.573,49.975],[1.578,49.964],[1.586,49.961],[1.587,49.956],[1.603,49.943],[1.678,49.918],[1.692,49.897],[1.706,49.892],[1.713,49.886],[1.714,49.876],[1.712,49.874],[1.721,49.86],[1.721,49.85],[1.717,49.849],[1.726,49.845],[1.725,49.833],[1.736,49.81],[1.747,49.803],[1.745,49.799],[1.755,49.79],[1.758,49.781],[1.772,49.778],[1.78,49.77],[1.779,49.768],[1.785,49.764],[1.784,49.758],[1.763,49.757],[1.75,49.764],[1.739,49.749],[1.743,49.747],[1.745,49.739],[1.723,49.73],[1.713,49.734],[1.715,49.709],[1.712,49.705],[1.706,49.707],[1.697,49.697],[1.69,49.695],[1.705,49.681],[1.715,49.682],[1.724,49.694],[1.74,49.701],[1.744,49.702],[1.744,49.699],[1.751,49.694],[1.749,49.692],[1.752,49.681],[1.723,49.673],[1.722,49.659],[1.713,49.655],[1.709,49.646],[1.699,49.644],[1.717,49.633],[1.722,49.622],[1.717,49.615],[1.711,49.612],[1.7,49.602],[1.694,49.601],[1.708,49.595],[1.705,49.591],[1.709,49.587],[1.722,49.589],[1.72,49.582],[1.71,49.58],[1.697,49.582],[1.691,49.58],[1.7,49.58],[1.7,49.578],[1.695,49.575],[1.698,49.572],[1.703,49.578],[1.714,49.578],[1.73,49.561],[1.727,49.558],[1.73,49.556],[1.723,49.544],[1.733,49.541],[1.739,49.543],[1.748,49.538],[1.742,49.533],[1.744,49.529],[1.736,49.525],[1.741,49.519],[1.738,49.52],[1.726,49.514],[1.716,49.504],[1.725,49.503],[1.725,49.5],[1.74,49.5],[1.744,49.495],[1.745,49.489],[1.753,49.497],[1.751,49.504],[1.757,49.506],[1.759,49.511],[1.767,49.509],[1.772,49.513],[1.79,49.503],[1.788,49.499],[1.791,49.498],[1.789,49.49],[1.781,49.491],[1.772,49.485],[1.776,49.483],[1.773,49.478],[1.776,49.471],[1.748,49.459],[1.751,49.453],[1.739,49.449],[1.734,49.441],[1.725,49.441],[1.729,49.436],[1.723,49.435],[1.724,49.427],[1.721,49.424],[1.724,49.422],[1.717,49.417],[1.714,49.409],[1.707,49.406],[1.708,49.409],[1.705,49.411],[1.694,49.401],[1.699,49.399],[1.694,49.395],[1.681,49.406],[1.668,49.407],[1.659,49.399],[1.656,49.399],[1.631,49.409],[1.63,49.412],[1.628,49.411],[1.628,49.415],[1.622,49.416],[1.614,49.41],[1.604,49.412],[1.605,49.415],[1.594,49.418],[1.599,49.421],[1.575,49.437],[1.576,49.44],[1.547,49.441],[1.547,49.436],[1.539,49.434],[1.537,49.43],[1.53,49.442],[1.504,49.438],[1.496,49.446],[1.477,49.451],[1.449,49.45],[1.436,49.455],[1.403,49.455],[1.4,49.457],[1.393,49.449],[1.384,49.449],[1.381,49.45],[1.382,49.453],[1.391,49.461],[1.387,49.463],[1.383,49.458],[1.374,49.454],[1.376,49.453],[1.361,49.448],[1.345,49.448],[1.341,49.443],[1.351,49.438],[1.347,49.435],[1.337,49.439],[1.335,49.431],[1.339,49.43],[1.337,49.428],[1.327,49.432],[1.31,49.429],[1.314,49.415],[1.31,49.411],[1.312,49.407],[1.308,49.402],[1.308,49.395],[1.293,49.395],[1.292,49.388],[1.285,49.388],[1.288,49.385],[1.285,49.382],[1.29,49.376],[1.286,49.373],[1.287,49.367],[1.285,49.363],[1.282,49.363],[1.282,49.357],[1.272,49.357],[1.272,49.346],[1.219,49.349],[1.209,49.35],[1.21,49.352],[1.199,49.351],[1.199,49.343],[1.203,49.337],[1.201,49.339],[1.185,49.338],[1.184,49.341],[1.188,49.341],[1.183,49.344],[1.172,49.342],[1.169,49.336],[1.166,49.337],[1.167,49.341],[1.16,49.342],[1.154,49.335],[1.145,49.336],[1.145,49.33],[1.139,49.329],[1.135,49.325],[1.134,49.31],[1.081,49.309],[1.048,49.298],[1.052,49.294],[1.051,49.292],[1.055,49.291],[1.065,49.284],[1.069,49.276],[1.052,49.273],[1.056,49.266],[1.065,49.263],[1.063,49.259],[1.049,49.263],[1.041,49.259],[1.037,49.261],[1.028,49.26],[1.006,49.251],[0.993,49.253],[0.994,49.257],[0.992,49.258],[1.008,49.263],[1.007,49.265],[0.997,49.262],[0.989,49.264],[0.985,49.261],[0.987,49.268],[0.976,49.272],[0.973,49.28],[0.956,49.271],[0.956,49.275],[0.949,49.279],[0.956,49.28],[0.958,49.282],[0.956,49.285],[0.959,49.287],[0.966,49.286],[0.958,49.289],[0.963,49.295],[0.953,49.294],[0.95,49.297],[0.95,49.305],[0.944,49.309],[0.94,49.323],[0.929,49.314],[0.907,49.308],[0.91,49.299],[0.902,49.298],[0.893,49.303],[0.896,49.303],[0.893,49.305],[0.893,49.311],[0.898,49.317],[0.892,49.314],[0.888,49.319],[0.864,49.323],[0.862,49.326],[0.845,49.324],[0.842,49.329],[0.853,49.331],[0.848,49.336],[0.859,49.34],[0.856,49.343],[0.86,49.346],[0.871,49.342],[0.882,49.348],[0.921,49.338],[0.931,49.343],[0.932,49.345],[0.921,49.352],[0.924,49.353],[0.921,49.356],[0.924,49.359],[0.918,49.37],[0.918,49.385],[0.896,49.38],[0.892,49.375],[0.893,49.372],[0.879,49.374],[0.88,49.377],[0.884,49.377],[0.885,49.384],[0.882,49.386],[0.886,49.388],[0.874,49.391],[0.878,49.396],[0.862,49.392],[0.861,49.395],[0.845,49.392],[0.821,49.397],[0.811,49.405],[0.803,49.427],[0.799,49.427],[0.805,49.412],[0.798,49.418],[0.783,49.411],[0.776,49.418],[0.765,49.42],[0.76,49.415],[0.742,49.413],[0.743,49.41],[0.738,49.408],[0.708,49.411],[0.71,49.408],[0.705,49.402],[0.69,49.407],[0.664,49.402],[0.649,49.409],[0.66,49.416],[0.652,49.422],[0.644,49.415],[0.64,49.419],[0.645,49.422],[0.641,49.424],[0.645,49.426],[0.641,49.428],[0.63,49.422],[0.634,49.434],[0.643,49.44],[0.646,49.44],[0.643,49.444],[0.612,49.429],[0.588,49.431],[0.571,49.44],[0.525,49.478],[0.503,49.485],[0.49,49.484],[0.414,49.454],[0.369,49.444],[0.339,49.441],[0.339,49.45],[0.273,49.453],[0.272,49.442],[0.271,49.447],[0.263,49.449],[0.258,49.446],[0.249,49.45],[0.218,49.453],[0.173,49.453],[0.174,49.457],[0.121,49.463],[0.117,49.469],[0.091,49.482],[0.094,49.493],[0.09,49.499],[0.07,49.506],[0.067,49.51],[0.066,49.518],[0.075,49.536],[0.152,49.643],[0.155,49.649],[0.15,49.654],[0.153,49.662],[0.157,49.662],[0.16,49.668],[0.164,49.686],[0.193,49.707],[0.2,49.708],[0.206,49.714],[0.254,49.724],[0.286,49.738],[0.304,49.742],[0.312,49.74],[0.337,49.747],[0.355,49.755],[0.37,49.769],[0.382,49.77],[0.424,49.784],[0.486,49.809],[0.502,49.818],[0.514,49.82],[0.534,49.834],[0.584,49.853],[0.601,49.853],[0.642,49.864],[0.692,49.871],[0.71,49.873],[0.718,49.869],[0.782,49.874],[0.833,49.89],[0.875,49.895],[0.924,49.905],[0.959,49.92],[1.023,49.916],[1.073,49.928],[1.09,49.937],[1.094,49.935],[1.107,49.937],[1.202,49.971],[1.206,49.974],[1.204,49.98],[1.206,49.981],[1.228,49.986],[1.332,50.047],[1.36,50.058],[1.37,50.065],[1.373,50.063],[1.382,50.066]]]}},{"type":"Feature","properties":{"code":"77","nom":"Seine-et-Marne"},"geometry":{"type":"Polygon","coordinates":[[[2.572,48.692],[2.571,48.695],[2.582,48.697],[2.57,48.703],[2.568,48.709],[2.572,48.713],[2.575,48.713],[2.579,48.723],[2.595,48.732],[2.595,48.737],[2.585,48.742],[2.602,48.754],[2.598,48.761],[2.603,48.759],[2.616,48.762],[2.607,48.774],[2.593,48.771],[2.587,48.774],[2.586,48.779],[2.588,48.778],[2.588,48.783],[2.595,48.785],[2.594,48.788],[2.6,48.795],[2.593,48.798],[2.596,48.806],[2.592,48.807],[2.596,48.811],[2.595,48.821],[2.592,48.828],[2.587,48.826],[2.587,48.834],[2.574,48.853],[2.583,48.855],[2.582,48.858],[2.588,48.864],[2.572,48.868],[2.568,48.866],[2.571,48.869],[2.568,48.874],[2.571,48.88],[2.559,48.886],[2.572,48.893],[2.587,48.894],[2.589,48.899],[2.584,48.903],[2.592,48.908],[2.589,48.909],[2.591,48.912],[2.589,48.921],[2.603,48.929],[2.603,48.938],[2.596,48.939],[2.59,48.953],[2.562,48.979],[2.579,48.979],[2.577,48.984],[2.581,48.986],[2.576,49],[2.57,49.006],[2.565,49.006],[2.564,49.007],[2.571,49.008],[2.569,49.011],[2.553,49.01],[2.549,49.015],[2.545,49.015],[2.545,49.012],[2.539,49.013],[2.537,49.018],[2.535,49.019],[2.535,49.024],[2.545,49.022],[2.566,49.029],[2.57,49.035],[2.568,49.039],[2.577,49.046],[2.594,49.047],[2.585,49.053],[2.586,49.058],[2.574,49.054],[2.571,49.061],[2.584,49.07],[2.591,49.08],[2.603,49.086],[2.61,49.095],[2.623,49.096],[2.624,49.1],[2.631,49.102],[2.633,49.108],[2.637,49.107],[2.636,49.102],[2.641,49.099],[2.65,49.101],[2.677,49.088],[2.695,49.075],[2.69,49.068],[2.698,49.064],[2.705,49.065],[2.72,49.075],[2.721,49.079],[2.724,49.08],[2.725,49.075],[2.729,49.075],[2.732,49.07],[2.735,49.06],[2.754,49.061],[2.778,49.07],[2.787,49.076],[2.768,49.083],[2.789,49.083],[2.784,49.089],[2.809,49.098],[2.82,49.087],[2.83,49.084],[2.845,49.085],[2.855,49.073],[2.855,49.07],[2.87,49.07],[2.888,49.079],[2.895,49.077],[2.902,49.085],[2.923,49.078],[2.933,49.081],[2.941,49.077],[2.946,49.088],[2.957,49.085],[2.969,49.091],[2.975,49.074],[2.987,49.071],[2.991,49.084],[3.001,49.09],[3.006,49.086],[3.009,49.092],[3.032,49.086],[3.033,49.089],[3.051,49.085],[3.059,49.089],[3.065,49.085],[3.063,49.091],[3.056,49.096],[3.056,49.1],[3.072,49.118],[3.081,49.112],[3.095,49.112],[3.108,49.107],[3.121,49.109],[3.126,49.106],[3.138,49.107],[3.144,49.102],[3.165,49.1],[3.154,49.083],[3.167,49.078],[3.177,49.07],[3.182,49.063],[3.182,49.052],[3.19,49.053],[3.191,49.048],[3.18,49.044],[3.183,49.042],[3.179,49.038],[3.18,49.034],[3.176,49.033],[3.177,49.031],[3.161,49.024],[3.168,49.017],[3.167,49.012],[3.181,49.013],[3.198,49.008],[3.196,49.005],[3.199,49.006],[3.203,49.001],[3.207,49.001],[3.209,48.994],[3.225,48.991],[3.225,48.987],[3.229,48.988],[3.227,48.982],[3.23,48.981],[3.231,48.977],[3.249,48.974],[3.259,48.953],[3.257,48.952],[3.263,48.949],[3.26,48.945],[3.265,48.939],[3.272,48.938],[3.285,48.941],[3.305,48.949],[3.313,48.934],[3.313,48.921],[3.33,48.909],[3.336,48.909],[3.346,48.917],[3.349,48.916],[3.35,48.918],[3.354,48.915],[3.361,48.918],[3.367,48.923],[3.368,48.928],[3.372,48.924],[3.371,48.919],[3.377,48.91],[3.371,48.905],[3.369,48.894],[3.384,48.889],[3.381,48.887],[3.383,48.885],[3.381,48.884],[3.381,48.872],[3.392,48.871],[3.393,48.875],[3.406,48.876],[3.406,48.871],[3.4,48.868],[3.404,48.864],[3.424,48.867],[3.43,48.861],[3.446,48.86],[3.452,48.856],[3.448,48.853],[3.451,48.849],[3.447,48.848],[3.445,48.843],[3.461,48.839],[3.466,48.843],[3.47,48.851],[3.485,48.852],[3.491,48.835],[3.485,48.825],[3.487,48.815],[3.481,48.812],[3.47,48.821],[3.459,48.818],[3.461,48.815],[3.448,48.811],[3.432,48.812],[3.417,48.818],[3.404,48.809],[3.411,48.804],[3.42,48.803],[3.423,48.801],[3.442,48.804],[3.44,48.798],[3.444,48.791],[3.442,48.782],[3.438,48.785],[3.429,48.779],[3.424,48.784],[3.409,48.784],[3.396,48.759],[3.399,48.755],[3.409,48.752],[3.426,48.755],[3.429,48.758],[3.437,48.753],[3.436,48.744],[3.444,48.737],[3.47,48.738],[3.467,48.729],[3.468,48.717],[3.465,48.712],[3.467,48.709],[3.464,48.707],[3.478,48.698],[3.473,48.698],[3.472,48.686],[3.463,48.685],[3.448,48.677],[3.449,48.676],[3.443,48.673],[3.446,48.667],[3.441,48.664],[3.46,48.653],[3.451,48.635],[3.477,48.637],[3.493,48.648],[3.518,48.643],[3.533,48.647],[3.517,48.637],[3.519,48.633],[3.538,48.632],[3.556,48.62],[3.558,48.618],[3.557,48.616],[3.541,48.616],[3.54,48.613],[3.535,48.61],[3.503,48.605],[3.516,48.59],[3.493,48.59],[3.485,48.58],[3.473,48.577],[3.466,48.57],[3.474,48.564],[3.476,48.552],[3.486,48.547],[3.486,48.545],[3.479,48.546],[3.482,48.541],[3.476,48.541],[3.457,48.53],[3.44,48.528],[3.423,48.534],[3.414,48.533],[3.405,48.528],[3.424,48.515],[3.435,48.496],[3.435,48.49],[3.42,48.492],[3.41,48.486],[3.405,48.489],[3.404,48.486],[3.398,48.486],[3.399,48.484],[3.393,48.484],[3.392,48.482],[3.383,48.479],[3.389,48.477],[3.391,48.47],[3.4,48.468],[3.394,48.463],[3.406,48.452],[3.405,48.439],[3.402,48.436],[3.395,48.437],[3.397,48.433],[3.392,48.423],[3.397,48.425],[3.412,48.421],[3.411,48.417],[3.408,48.416],[3.402,48.418],[3.403,48.415],[3.422,48.416],[3.415,48.39],[3.402,48.39],[3.388,48.398],[3.378,48.399],[3.373,48.394],[3.367,48.394],[3.363,48.383],[3.365,48.372],[3.356,48.371],[3.357,48.378],[3.351,48.379],[3.348,48.373],[3.336,48.373],[3.335,48.37],[3.312,48.377],[3.309,48.377],[3.311,48.373],[3.305,48.373],[3.299,48.375],[3.3,48.378],[3.29,48.376],[3.291,48.38],[3.283,48.382],[3.282,48.378],[3.268,48.378],[3.267,48.374],[3.261,48.373],[3.262,48.368],[3.254,48.365],[3.224,48.37],[3.2,48.364],[3.19,48.371],[3.185,48.368],[3.18,48.376],[3.172,48.378],[3.167,48.371],[3.152,48.371],[3.148,48.37],[3.147,48.366],[3.14,48.373],[3.128,48.37],[3.129,48.367],[3.117,48.367],[3.103,48.35],[3.1,48.352],[3.101,48.356],[3.099,48.358],[3.089,48.357],[3.078,48.361],[3.061,48.357],[3.05,48.36],[3.037,48.343],[3.04,48.342],[3.037,48.34],[3.037,48.335],[3.044,48.33],[3.028,48.322],[3.027,48.317],[3.015,48.306],[3.027,48.303],[3.019,48.295],[3.03,48.286],[3.025,48.276],[3.045,48.271],[3.043,48.262],[3.048,48.25],[3.036,48.251],[3.031,48.249],[3.028,48.241],[3.019,48.235],[3.021,48.234],[3.019,48.232],[3.023,48.23],[3.011,48.221],[3.005,48.207],[2.997,48.207],[2.993,48.204],[2.989,48.209],[2.973,48.206],[2.971,48.201],[2.974,48.197],[2.971,48.195],[2.955,48.193],[2.937,48.183],[2.935,48.176],[2.936,48.163],[2.868,48.156],[2.85,48.141],[2.836,48.134],[2.824,48.134],[2.821,48.13],[2.801,48.131],[2.797,48.142],[2.801,48.15],[2.798,48.151],[2.809,48.159],[2.811,48.164],[2.81,48.166],[2.802,48.164],[2.8,48.168],[2.795,48.169],[2.792,48.165],[2.779,48.168],[2.772,48.162],[2.767,48.165],[2.759,48.163],[2.76,48.162],[2.755,48.16],[2.736,48.166],[2.741,48.16],[2.754,48.153],[2.755,48.146],[2.72,48.137],[2.705,48.123],[2.677,48.126],[2.665,48.121],[2.64,48.139],[2.603,48.131],[2.575,48.131],[2.571,48.141],[2.558,48.142],[2.538,48.14],[2.52,48.127],[2.522,48.125],[2.476,48.13],[2.468,48.127],[2.465,48.129],[2.454,48.122],[2.449,48.125],[2.444,48.124],[2.444,48.131],[2.46,48.137],[2.468,48.148],[2.475,48.149],[2.474,48.154],[2.479,48.155],[2.483,48.165],[2.506,48.156],[2.517,48.166],[2.512,48.171],[2.515,48.175],[2.507,48.18],[2.518,48.19],[2.513,48.193],[2.523,48.195],[2.523,48.201],[2.519,48.201],[2.521,48.207],[2.517,48.21],[2.517,48.214],[2.514,48.214],[2.513,48.224],[2.518,48.228],[2.507,48.226],[2.506,48.239],[2.484,48.239],[2.476,48.244],[2.479,48.25],[2.469,48.255],[2.45,48.25],[2.446,48.255],[2.44,48.253],[2.424,48.26],[2.418,48.272],[2.42,48.275],[2.418,48.279],[2.423,48.288],[2.423,48.295],[2.409,48.309],[2.403,48.321],[2.394,48.327],[2.393,48.336],[2.402,48.333],[2.427,48.338],[2.434,48.335],[2.43,48.348],[2.435,48.354],[2.441,48.352],[2.444,48.357],[2.43,48.362],[2.443,48.369],[2.447,48.366],[2.451,48.367],[2.448,48.373],[2.451,48.375],[2.469,48.376],[2.485,48.383],[2.474,48.39],[2.484,48.397],[2.499,48.397],[2.503,48.393],[2.521,48.402],[2.522,48.405],[2.547,48.402],[2.527,48.416],[2.517,48.427],[2.505,48.43],[2.507,48.438],[2.5,48.441],[2.507,48.446],[2.504,48.449],[2.507,48.451],[2.498,48.457],[2.506,48.461],[2.502,48.467],[2.507,48.47],[2.502,48.472],[2.505,48.474],[2.501,48.478],[2.504,48.48],[2.502,48.485],[2.51,48.488],[2.513,48.498],[2.511,48.499],[2.515,48.506],[2.514,48.51],[2.509,48.508],[2.509,48.517],[2.498,48.517],[2.5,48.525],[2.497,48.525],[2.511,48.543],[2.499,48.543],[2.499,48.545],[2.503,48.546],[2.52,48.563],[2.519,48.57],[2.531,48.571],[2.532,48.574],[2.522,48.573],[2.518,48.584],[2.541,48.594],[2.544,48.604],[2.541,48.611],[2.526,48.613],[2.527,48.621],[2.516,48.629],[2.525,48.633],[2.536,48.631],[2.542,48.633],[2.541,48.641],[2.544,48.646],[2.542,48.646],[2.548,48.65],[2.547,48.652],[2.541,48.652],[2.534,48.657],[2.538,48.66],[2.535,48.662],[2.545,48.671],[2.549,48.669],[2.553,48.674],[2.557,48.676],[2.563,48.669],[2.568,48.667],[2.572,48.669],[2.571,48.675],[2.586,48.679],[2.58,48.686],[2.582,48.69],[2.572,48.692]]]}},{"type":"Feature","properties":{"code":"78","nom":"Yvelines"},"geometry":{"type":"Polygon","coordinates":[[[1.609,49.078],[1.614,49.071],[1.643,49.081],[1.673,49.079],[1.697,49.067],[1.695,49.056],[1.723,49.045],[1.732,49.05],[1.751,49.048],[1.75,49.054],[1.757,49.058],[1.753,49.06],[1.76,49.063],[1.767,49.058],[1.774,49.057],[1.794,49.058],[1.792,49.061],[1.8,49.065],[1.797,49.072],[1.811,49.073],[1.816,49.077],[1.829,49.076],[1.841,49.069],[1.845,49.062],[1.852,49.063],[1.865,49.057],[1.855,49.035],[1.851,49.033],[1.859,49.032],[1.86,49.024],[1.865,49.022],[1.86,49.017],[1.862,49.014],[1.87,49.019],[1.875,49.017],[1.882,49.02],[1.883,49.034],[1.894,49.037],[1.891,49.039],[1.902,49.042],[1.909,49.048],[1.914,49.046],[1.912,49.042],[1.938,49.022],[1.948,49.027],[1.957,49.022],[1.964,49.026],[1.974,49.019],[1.992,49.021],[2.013,49.002],[2.024,48.998],[2.028,49.001],[2.043,49.001],[2.064,49.008],[2.072,49.002],[2.075,49.002],[2.075,49.006],[2.082,49.009],[2.085,49.015],[2.11,49.009],[2.121,49.018],[2.127,49.01],[2.121,48.993],[2.124,48.994],[2.127,48.989],[2.166,48.982],[2.179,48.966],[2.173,48.953],[2.206,48.95],[2.206,48.94],[2.199,48.935],[2.205,48.922],[2.199,48.919],[2.204,48.914],[2.198,48.912],[2.201,48.909],[2.168,48.895],[2.163,48.888],[2.163,48.883],[2.149,48.87],[2.157,48.87],[2.15,48.858],[2.16,48.848],[2.151,48.848],[2.146,48.842],[2.146,48.836],[2.152,48.817],[2.163,48.812],[2.167,48.812],[2.169,48.816],[2.175,48.815],[2.183,48.805],[2.18,48.805],[2.182,48.801],[2.187,48.801],[2.183,48.797],[2.203,48.798],[2.212,48.791],[2.209,48.788],[2.223,48.786],[2.227,48.782],[2.224,48.781],[2.224,48.778],[2.227,48.776],[2.229,48.77],[2.212,48.772],[2.21,48.769],[2.201,48.772],[2.201,48.776],[2.191,48.775],[2.186,48.773],[2.19,48.771],[2.193,48.765],[2.191,48.755],[2.186,48.754],[2.181,48.759],[2.173,48.758],[2.168,48.757],[2.161,48.75],[2.151,48.755],[2.142,48.746],[2.137,48.745],[2.14,48.742],[2.135,48.737],[2.126,48.738],[2.119,48.742],[2.103,48.738],[2.099,48.734],[2.104,48.733],[2.103,48.73],[2.112,48.723],[2.106,48.719],[2.11,48.714],[2.101,48.703],[2.097,48.703],[2.098,48.694],[2.089,48.698],[2.082,48.685],[2.068,48.69],[2.065,48.686],[2.046,48.688],[2.042,48.68],[2.034,48.679],[2.028,48.657],[2.011,48.66],[2.01,48.648],[2.019,48.645],[2.016,48.641],[2.038,48.641],[2.035,48.632],[2.041,48.631],[2.046,48.621],[2.054,48.621],[2.054,48.618],[2.061,48.616],[2.054,48.611],[2.055,48.608],[2.034,48.605],[2.032,48.594],[2.034,48.593],[2.036,48.589],[2.023,48.58],[2.023,48.576],[2.016,48.569],[2.018,48.558],[1.999,48.555],[1.985,48.558],[1.979,48.554],[1.967,48.56],[1.951,48.559],[1.938,48.563],[1.934,48.547],[1.943,48.542],[1.949,48.544],[1.952,48.539],[1.969,48.532],[1.967,48.536],[1.973,48.537],[1.977,48.536],[1.979,48.526],[1.963,48.528],[1.946,48.518],[1.948,48.514],[1.944,48.513],[1.947,48.51],[1.941,48.507],[1.934,48.496],[1.933,48.48],[1.925,48.481],[1.915,48.474],[1.915,48.469],[1.918,48.469],[1.916,48.463],[1.923,48.46],[1.922,48.458],[1.921,48.448],[1.907,48.445],[1.904,48.439],[1.872,48.44],[1.858,48.447],[1.845,48.446],[1.844,48.452],[1.84,48.452],[1.837,48.467],[1.801,48.466],[1.803,48.473],[1.792,48.481],[1.796,48.484],[1.786,48.49],[1.791,48.497],[1.789,48.5],[1.783,48.5],[1.78,48.51],[1.777,48.509],[1.778,48.518],[1.776,48.528],[1.787,48.554],[1.778,48.553],[1.768,48.559],[1.763,48.565],[1.765,48.569],[1.757,48.575],[1.746,48.576],[1.744,48.572],[1.737,48.572],[1.732,48.576],[1.727,48.573],[1.709,48.578],[1.71,48.581],[1.702,48.585],[1.719,48.606],[1.715,48.615],[1.703,48.612],[1.693,48.615],[1.687,48.611],[1.682,48.616],[1.691,48.617],[1.685,48.62],[1.674,48.615],[1.668,48.617],[1.666,48.614],[1.655,48.623],[1.658,48.628],[1.65,48.632],[1.65,48.637],[1.638,48.645],[1.644,48.648],[1.643,48.651],[1.631,48.648],[1.621,48.65],[1.603,48.662],[1.601,48.668],[1.608,48.672],[1.605,48.675],[1.612,48.689],[1.605,48.689],[1.594,48.695],[1.591,48.693],[1.582,48.696],[1.585,48.699],[1.577,48.703],[1.592,48.708],[1.588,48.711],[1.597,48.721],[1.601,48.721],[1.616,48.736],[1.62,48.736],[1.627,48.748],[1.608,48.761],[1.585,48.762],[1.581,48.766],[1.588,48.774],[1.577,48.783],[1.575,48.791],[1.581,48.794],[1.578,48.796],[1.58,48.8],[1.577,48.805],[1.582,48.805],[1.583,48.807],[1.579,48.809],[1.581,48.811],[1.591,48.815],[1.584,48.827],[1.579,48.829],[1.594,48.834],[1.598,48.839],[1.577,48.844],[1.584,48.861],[1.56,48.868],[1.559,48.864],[1.555,48.865],[1.547,48.871],[1.548,48.876],[1.551,48.875],[1.556,48.882],[1.56,48.882],[1.564,48.891],[1.553,48.893],[1.55,48.899],[1.539,48.905],[1.538,48.908],[1.545,48.913],[1.538,48.923],[1.519,48.925],[1.514,48.922],[1.507,48.928],[1.512,48.934],[1.502,48.941],[1.511,48.954],[1.501,48.953],[1.495,48.957],[1.499,48.957],[1.499,48.96],[1.492,48.964],[1.497,48.969],[1.518,48.978],[1.512,48.979],[1.508,48.984],[1.498,48.979],[1.481,48.978],[1.479,48.981],[1.475,48.98],[1.477,48.977],[1.471,48.975],[1.466,48.984],[1.461,48.986],[1.462,48.989],[1.472,48.99],[1.469,48.994],[1.479,48.999],[1.48,49.008],[1.474,49.01],[1.478,49.014],[1.475,49.018],[1.458,49.026],[1.458,49.035],[1.446,49.046],[1.453,49.051],[1.447,49.054],[1.457,49.058],[1.462,49.064],[1.48,49.052],[1.487,49.052],[1.494,49.057],[1.503,49.059],[1.51,49.067],[1.514,49.079],[1.508,49.085],[1.516,49.081],[1.521,49.068],[1.541,49.074],[1.558,49.069],[1.569,49.073],[1.573,49.078],[1.605,49.085],[1.607,49.084],[1.603,49.083],[1.609,49.078]]]}},{"type":"Feature","properties":{"code":"79","nom":"Deux-Sèvres"},"geometry":{"type":"Polygon","coordinates":[[[-0.892,46.976],[-0.885,46.977],[-0.87,46.972],[-0.863,46.972],[-0.858,46.969],[-0.849,46.974],[-0.857,46.979],[-0.848,46.982],[-0.844,46.989],[-0.836,46.986],[-0.828,46.992],[-0.811,46.994],[-0.813,46.99],[-0.808,46.988],[-0.805,46.99],[-0.811,46.991],[-0.809,46.993],[-0.796,46.996],[-0.788,47.005],[-0.782,47.002],[-0.778,47.004],[-0.769,47.003],[-0.769,46.996],[-0.762,46.992],[-0.743,46.992],[-0.743,47.001],[-0.728,46.995],[-0.716,46.984],[-0.698,46.995],[-0.689,46.993],[-0.687,46.988],[-0.68,46.988],[-0.678,46.99],[-0.68,46.993],[-0.675,46.999],[-0.676,47.002],[-0.671,47.003],[-0.662,46.998],[-0.648,46.997],[-0.65,46.995],[-0.645,46.992],[-0.633,46.997],[-0.619,46.992],[-0.595,46.998],[-0.597,47.001],[-0.588,47.005],[-0.584,47.012],[-0.575,47.018],[-0.565,47.019],[-0.562,47.031],[-0.546,47.029],[-0.543,47.032],[-0.544,47.037],[-0.556,47.043],[-0.558,47.056],[-0.554,47.058],[-0.56,47.062],[-0.557,47.064],[-0.494,47.083],[-0.488,47.081],[-0.468,47.084],[-0.46,47.082],[-0.464,47.074],[-0.477,47.072],[-0.486,47.065],[-0.48,47.054],[-0.472,47.058],[-0.464,47.068],[-0.458,47.069],[-0.441,47.068],[-0.426,47.073],[-0.423,47.07],[-0.418,47.072],[-0.407,47.067],[-0.401,47.071],[-0.396,47.092],[-0.387,47.092],[-0.386,47.087],[-0.353,47.095],[-0.35,47.092],[-0.341,47.092],[-0.341,47.087],[-0.314,47.091],[-0.305,47.098],[-0.283,47.103],[-0.281,47.099],[-0.269,47.101],[-0.263,47.105],[-0.263,47.099],[-0.241,47.106],[-0.228,47.099],[-0.216,47.099],[-0.206,47.093],[-0.187,47.101],[-0.185,47.108],[-0.152,47.101],[-0.141,47.104],[-0.141,47.097],[-0.146,47.091],[-0.163,47.084],[-0.179,47.07],[-0.173,47.067],[-0.166,47.065],[-0.158,47.07],[-0.147,47.07],[-0.137,47.064],[-0.137,47.057],[-0.129,47.054],[-0.102,47.065],[-0.093,47.045],[-0.088,47.023],[-0.077,47.009],[-0.079,47.007],[-0.085,47.012],[-0.094,47.013],[-0.085,46.989],[-0.086,46.985],[-0.071,46.993],[-0.058,46.995],[-0.051,46.991],[-0.039,46.99],[-0.034,46.983],[-0.034,46.977],[-0.046,46.967],[-0.045,46.959],[-0.033,46.951],[-0.03,46.941],[-0.022,46.938],[-0.009,46.907],[-0.017,46.899],[-0.023,46.896],[-0.023,46.888],[-0.027,46.884],[-0.026,46.881],[-0.036,46.875],[-0.03,46.871],[-0.026,46.875],[-0.005,46.87],[-0.003,46.865],[0.01,46.858],[0.026,46.853],[0.034,46.854],[0.017,46.835],[0.006,46.844],[-0.012,46.848],[-0.017,46.842],[-0.023,46.843],[-0.03,46.839],[-0.034,46.832],[-0.046,46.832],[-0.044,46.824],[-0.05,46.821],[-0.044,46.822],[-0.04,46.819],[-0.031,46.82],[-0.02,46.813],[-0.007,46.822],[0.001,46.815],[0.008,46.814],[0.006,46.809],[-0.006,46.803],[-0.019,46.79],[-0.026,46.789],[-0.017,46.781],[-0.017,46.778],[-0.022,46.776],[-0.018,46.772],[-0.023,46.769],[-0.018,46.762],[-0.018,46.758],[-0.013,46.754],[-0.001,46.762],[0.027,46.738],[0.033,46.738],[0.038,46.732],[0.037,46.729],[0.026,46.729],[-0.002,46.716],[0.003,46.711],[0,46.708],[0.004,46.706],[0.003,46.7],[-0.021,46.693],[-0.007,46.683],[-0.04,46.664],[-0.032,46.661],[-0.036,46.659],[-0.032,46.652],[-0.054,46.643],[-0.068,46.63],[-0.066,46.623],[-0.047,46.624],[-0.025,46.629],[-0.019,46.639],[-0.005,46.645],[0.001,46.643],[0,46.633],[-0.007,46.626],[-0.007,46.622],[-0.013,46.615],[-0.003,46.615],[0.004,46.611],[0.023,46.615],[0.021,46.61],[0.026,46.604],[0.023,46.595],[0.043,46.591],[0.033,46.586],[0.02,46.585],[-0.007,46.569],[-0.011,46.553],[0.008,46.548],[0.006,46.542],[-0.002,46.533],[-0.007,46.523],[-0.018,46.527],[-0.017,46.525],[-0.023,46.525],[-0.024,46.522],[-0.026,46.525],[-0.031,46.525],[-0.03,46.518],[-0.034,46.516],[-0.03,46.51],[-0.035,46.501],[-0.039,46.501],[-0.037,46.498],[-0.041,46.493],[-0.031,46.49],[-0.03,46.486],[-0.036,46.487],[-0.047,46.483],[-0.038,46.481],[-0.043,46.481],[-0.042,46.47],[-0.016,46.475],[-0.01,46.468],[-0.019,46.453],[-0.01,46.45],[-0.015,46.436],[-0.011,46.423],[-0.014,46.424],[-0.02,46.42],[-0.017,46.413],[-0.023,46.401],[-0.008,46.404],[-0.012,46.399],[-0.012,46.395],[-0.005,46.396],[-0.008,46.389],[0.002,46.392],[0.015,46.392],[0.021,46.388],[0.019,46.387],[0.023,46.382],[0.023,46.377],[0.034,46.374],[0.014,46.357],[0.014,46.353],[0.037,46.346],[0.025,46.345],[0.021,46.342],[0.021,46.335],[0.015,46.326],[0.031,46.33],[0.038,46.324],[0.05,46.322],[0.055,46.316],[0.078,46.305],[0.085,46.309],[0.085,46.314],[0.098,46.321],[0.094,46.324],[0.098,46.331],[0.121,46.343],[0.124,46.348],[0.138,46.349],[0.154,46.345],[0.177,46.33],[0.174,46.325],[0.165,46.318],[0.169,46.307],[0.163,46.305],[0.158,46.308],[0.152,46.303],[0.157,46.302],[0.155,46.297],[0.171,46.284],[0.168,46.281],[0.172,46.279],[0.168,46.27],[0.16,46.267],[0.129,46.267],[0.144,46.229],[0.137,46.225],[0.13,46.227],[0.126,46.221],[0.119,46.217],[0.118,46.212],[0.113,46.212],[0.111,46.204],[0.113,46.195],[0.108,46.186],[0.139,46.181],[0.142,46.178],[0.142,46.173],[0.149,46.172],[0.148,46.166],[0.154,46.165],[0.155,46.157],[0.172,46.156],[0.173,46.151],[0.18,46.149],[0.19,46.15],[0.195,46.16],[0.22,46.158],[0.22,46.155],[0.217,46.155],[0.216,46.139],[0.206,46.135],[0.204,46.13],[0.197,46.129],[0.197,46.127],[0.205,46.125],[0.203,46.12],[0.188,46.111],[0.193,46.099],[0.197,46.096],[0.191,46.095],[0.192,46.092],[0.188,46.092],[0.178,46.083],[0.17,46.081],[0.163,46.089],[0.149,46.097],[0.146,46.096],[0.136,46.104],[0.116,46.096],[0.107,46.097],[0.097,46.106],[0.093,46.103],[0.1,46.092],[0.097,46.089],[0.079,46.094],[0.066,46.091],[0.051,46.079],[0.063,46.073],[0.042,46.068],[0.038,46.07],[0.037,46.067],[0.033,46.067],[0.028,46.058],[0.019,46.053],[0.005,46.059],[-0.001,46.056],[-0.024,46.057],[-0.039,46.053],[-0.038,46.044],[-0.021,46.029],[-0.026,46.029],[-0.031,46.022],[-0.045,46.02],[-0.046,46.013],[-0.05,46.009],[-0.048,46.004],[-0.057,45.999],[-0.041,45.999],[-0.038,45.992],[-0.044,45.995],[-0.043,45.99],[-0.058,45.987],[-0.062,45.98],[-0.063,45.982],[-0.072,45.978],[-0.075,45.98],[-0.103,45.97],[-0.116,45.977],[-0.137,45.979],[-0.132,45.984],[-0.135,45.985],[-0.133,45.988],[-0.137,45.987],[-0.139,45.999],[-0.145,46.005],[-0.159,46.005],[-0.157,46.008],[-0.165,46.011],[-0.163,46.022],[-0.172,46.023],[-0.16,46.037],[-0.166,46.037],[-0.189,46.026],[-0.191,46.044],[-0.196,46.045],[-0.193,46.049],[-0.193,46.054],[-0.2,46.048],[-0.213,46.044],[-0.273,46.057],[-0.274,46.068],[-0.279,46.072],[-0.28,46.079],[-0.292,46.087],[-0.304,46.078],[-0.331,46.083],[-0.363,46.076],[-0.365,46.079],[-0.359,46.083],[-0.365,46.085],[-0.372,46.093],[-0.381,46.093],[-0.383,46.098],[-0.391,46.095],[-0.401,46.084],[-0.423,46.094],[-0.422,46.113],[-0.44,46.105],[-0.437,46.098],[-0.44,46.095],[-0.452,46.103],[-0.468,46.102],[-0.491,46.108],[-0.506,46.107],[-0.516,46.112],[-0.51,46.118],[-0.519,46.124],[-0.511,46.128],[-0.512,46.13],[-0.517,46.127],[-0.529,46.13],[-0.526,46.132],[-0.527,46.136],[-0.531,46.135],[-0.533,46.14],[-0.547,46.144],[-0.564,46.142],[-0.579,46.148],[-0.583,46.14],[-0.6,46.144],[-0.613,46.142],[-0.616,46.137],[-0.619,46.137],[-0.628,46.143],[-0.627,46.147],[-0.634,46.148],[-0.632,46.151],[-0.624,46.154],[-0.607,46.153],[-0.601,46.156],[-0.61,46.161],[-0.628,46.161],[-0.629,46.165],[-0.645,46.165],[-0.655,46.169],[-0.662,46.181],[-0.67,46.185],[-0.681,46.183],[-0.688,46.178],[-0.691,46.18],[-0.69,46.182],[-0.696,46.186],[-0.688,46.191],[-0.698,46.192],[-0.694,46.197],[-0.687,46.195],[-0.68,46.197],[-0.686,46.203],[-0.687,46.208],[-0.685,46.208],[-0.688,46.217],[-0.751,46.245],[-0.755,46.253],[-0.735,46.268],[-0.748,46.283],[-0.755,46.302],[-0.75,46.304],[-0.734,46.305],[-0.722,46.302],[-0.716,46.306],[-0.723,46.31],[-0.72,46.315],[-0.708,46.318],[-0.697,46.325],[-0.672,46.316],[-0.648,46.317],[-0.636,46.325],[-0.636,46.328],[-0.639,46.329],[-0.637,46.338],[-0.622,46.338],[-0.605,46.347],[-0.603,46.354],[-0.607,46.355],[-0.603,46.361],[-0.577,46.355],[-0.562,46.36],[-0.538,46.386],[-0.551,46.393],[-0.566,46.393],[-0.572,46.396],[-0.572,46.401],[-0.582,46.402],[-0.602,46.413],[-0.61,46.414],[-0.621,46.39],[-0.641,46.397],[-0.629,46.404],[-0.639,46.41],[-0.641,46.416],[-0.635,46.429],[-0.637,46.432],[-0.619,46.439],[-0.617,46.445],[-0.619,46.455],[-0.614,46.449],[-0.608,46.455],[-0.616,46.462],[-0.619,46.476],[-0.631,46.479],[-0.625,46.485],[-0.625,46.497],[-0.646,46.511],[-0.64,46.513],[-0.637,46.519],[-0.638,46.522],[-0.644,46.522],[-0.642,46.525],[-0.622,46.53],[-0.616,46.526],[-0.612,46.53],[-0.609,46.526],[-0.602,46.533],[-0.605,46.546],[-0.602,46.548],[-0.608,46.551],[-0.606,46.557],[-0.607,46.564],[-0.611,46.564],[-0.615,46.561],[-0.62,46.565],[-0.618,46.572],[-0.624,46.575],[-0.625,46.578],[-0.615,46.582],[-0.612,46.588],[-0.621,46.593],[-0.614,46.595],[-0.614,46.599],[-0.618,46.598],[-0.626,46.605],[-0.614,46.622],[-0.625,46.63],[-0.623,46.633],[-0.634,46.637],[-0.659,46.636],[-0.659,46.64],[-0.649,46.645],[-0.649,46.656],[-0.637,46.663],[-0.642,46.664],[-0.651,46.673],[-0.681,46.687],[-0.656,46.701],[-0.664,46.706],[-0.663,46.71],[-0.678,46.726],[-0.685,46.73],[-0.688,46.726],[-0.687,46.73],[-0.692,46.733],[-0.696,46.73],[-0.696,46.735],[-0.694,46.735],[-0.696,46.737],[-0.703,46.735],[-0.694,46.744],[-0.698,46.752],[-0.704,46.749],[-0.716,46.752],[-0.72,46.756],[-0.72,46.764],[-0.727,46.766],[-0.724,46.777],[-0.727,46.782],[-0.717,46.792],[-0.718,46.801],[-0.699,46.811],[-0.708,46.816],[-0.707,46.819],[-0.71,46.822],[-0.733,46.822],[-0.738,46.829],[-0.767,46.834],[-0.773,46.84],[-0.783,46.844],[-0.783,46.848],[-0.787,46.853],[-0.808,46.869],[-0.816,46.881],[-0.829,46.883],[-0.83,46.888],[-0.817,46.904],[-0.821,46.911],[-0.807,46.92],[-0.821,46.918],[-0.827,46.925],[-0.829,46.933],[-0.841,46.929],[-0.846,46.932],[-0.841,46.933],[-0.841,46.936],[-0.848,46.941],[-0.858,46.934],[-0.86,46.937],[-0.854,46.938],[-0.848,46.944],[-0.849,46.946],[-0.879,46.945],[-0.884,46.951],[-0.875,46.954],[-0.867,46.951],[-0.867,46.948],[-0.861,46.949],[-0.866,46.952],[-0.863,46.957],[-0.869,46.957],[-0.864,46.962],[-0.867,46.963],[-0.872,46.958],[-0.879,46.956],[-0.883,46.962],[-0.877,46.969],[-0.89,46.971],[-0.893,46.969],[-0.889,46.967],[-0.892,46.966],[-0.894,46.969],[-0.903,46.968],[-0.901,46.969],[-0.902,46.971],[-0.898,46.971],[-0.896,46.975],[-0.892,46.976]]]}},{"type":"Feature","properties":{"code":"80","nom":"Somme"},"geometry":{"type":"Polygon","coordinates":[[[1.382,50.066],[1.393,50.076],[1.432,50.094],[1.453,50.108],[1.483,50.172],[1.504,50.195],[1.527,50.208],[1.548,50.215],[1.565,50.217],[1.567,50.215],[1.56,50.211],[1.574,50.196],[1.596,50.186],[1.613,50.191],[1.627,50.19],[1.644,50.185],[1.646,50.178],[1.647,50.183],[1.673,50.175],[1.684,50.183],[1.671,50.194],[1.674,50.196],[1.668,50.202],[1.671,50.204],[1.663,50.214],[1.638,50.218],[1.623,50.214],[1.594,50.244],[1.592,50.25],[1.595,50.252],[1.592,50.256],[1.562,50.256],[1.551,50.259],[1.547,50.269],[1.538,50.279],[1.551,50.35],[1.556,50.361],[1.567,50.364],[1.571,50.363],[1.571,50.358],[1.613,50.36],[1.624,50.366],[1.626,50.366],[1.627,50.36],[1.642,50.352],[1.646,50.348],[1.643,50.346],[1.647,50.344],[1.645,50.339],[1.651,50.34],[1.655,50.336],[1.663,50.338],[1.665,50.334],[1.662,50.332],[1.665,50.33],[1.691,50.339],[1.69,50.344],[1.695,50.339],[1.705,50.344],[1.728,50.346],[1.74,50.351],[1.735,50.353],[1.759,50.358],[1.762,50.362],[1.805,50.36],[1.832,50.345],[1.841,50.347],[1.852,50.343],[1.858,50.336],[1.871,50.335],[1.875,50.327],[1.872,50.325],[1.881,50.318],[1.898,50.318],[1.898,50.314],[1.908,50.312],[1.919,50.312],[1.924,50.317],[1.923,50.32],[1.934,50.324],[1.938,50.33],[1.947,50.331],[1.964,50.322],[1.96,50.315],[1.962,50.312],[1.958,50.313],[1.931,50.299],[1.941,50.295],[1.946,50.288],[1.952,50.285],[1.954,50.289],[1.961,50.29],[1.969,50.282],[1.977,50.282],[2.011,50.267],[2.026,50.27],[2.031,50.265],[2.037,50.267],[2.048,50.257],[2.065,50.255],[2.07,50.251],[2.076,50.252],[2.074,50.244],[2.065,50.241],[2.064,50.234],[2.068,50.234],[2.068,50.227],[2.075,50.227],[2.075,50.22],[2.08,50.221],[2.085,50.217],[2.083,50.204],[2.086,50.201],[2.094,50.202],[2.095,50.208],[2.103,50.205],[2.103,50.208],[2.115,50.203],[2.116,50.208],[2.119,50.208],[2.121,50.211],[2.129,50.21],[2.146,50.199],[2.146,50.194],[2.15,50.19],[2.152,50.194],[2.16,50.195],[2.174,50.209],[2.192,50.209],[2.202,50.214],[2.2,50.215],[2.208,50.214],[2.213,50.218],[2.226,50.214],[2.226,50.211],[2.222,50.209],[2.243,50.214],[2.246,50.211],[2.27,50.229],[2.287,50.222],[2.299,50.212],[2.32,50.22],[2.324,50.219],[2.323,50.217],[2.328,50.213],[2.333,50.218],[2.332,50.222],[2.321,50.233],[2.316,50.231],[2.315,50.235],[2.333,50.238],[2.353,50.217],[2.36,50.215],[2.355,50.208],[2.359,50.206],[2.371,50.209],[2.373,50.218],[2.379,50.218],[2.378,50.222],[2.382,50.226],[2.392,50.225],[2.392,50.228],[2.397,50.228],[2.403,50.234],[2.41,50.235],[2.417,50.228],[2.437,50.227],[2.451,50.231],[2.461,50.217],[2.474,50.208],[2.485,50.208],[2.495,50.2],[2.496,50.195],[2.468,50.187],[2.451,50.179],[2.437,50.181],[2.42,50.176],[2.415,50.173],[2.417,50.167],[2.413,50.162],[2.403,50.165],[2.399,50.156],[2.389,50.155],[2.391,50.153],[2.39,50.149],[2.393,50.147],[2.389,50.14],[2.382,50.139],[2.387,50.135],[2.38,50.124],[2.375,50.109],[2.387,50.109],[2.39,50.106],[2.392,50.112],[2.397,50.107],[2.403,50.106],[2.4,50.102],[2.415,50.101],[2.419,50.088],[2.43,50.088],[2.455,50.131],[2.459,50.129],[2.482,50.138],[2.515,50.141],[2.519,50.129],[2.533,50.114],[2.548,50.124],[2.545,50.127],[2.547,50.129],[2.546,50.135],[2.552,50.143],[2.557,50.143],[2.568,50.136],[2.578,50.14],[2.587,50.137],[2.582,50.135],[2.584,50.133],[2.578,50.129],[2.579,50.127],[2.569,50.121],[2.576,50.113],[2.591,50.112],[2.59,50.111],[2.593,50.107],[2.601,50.109],[2.602,50.107],[2.613,50.111],[2.628,50.109],[2.639,50.097],[2.644,50.098],[2.648,50.094],[2.655,50.1],[2.669,50.098],[2.672,50.094],[2.682,50.095],[2.691,50.093],[2.705,50.081],[2.707,50.084],[2.714,50.083],[2.719,50.088],[2.696,50.102],[2.698,50.106],[2.714,50.11],[2.709,50.116],[2.712,50.119],[2.708,50.123],[2.709,50.128],[2.73,50.126],[2.75,50.112],[2.759,50.113],[2.763,50.11],[2.777,50.116],[2.781,50.108],[2.778,50.107],[2.78,50.105],[2.778,50.094],[2.782,50.091],[2.774,50.086],[2.773,50.083],[2.776,50.082],[2.759,50.068],[2.764,50.061],[2.743,50.048],[2.753,50.039],[2.763,50.038],[2.775,50.042],[2.779,50.045],[2.777,50.047],[2.786,50.051],[2.789,50.045],[2.808,50.062],[2.812,50.058],[2.815,50.063],[2.821,50.062],[2.822,50.068],[2.834,50.064],[2.836,50.066],[2.834,50.072],[2.848,50.078],[2.856,50.078],[2.858,50.077],[2.855,50.062],[2.864,50.061],[2.868,50.056],[2.867,50.052],[2.874,50.049],[2.878,50.042],[2.87,50.035],[2.864,50.032],[2.858,50.035],[2.85,50.029],[2.858,50.027],[2.855,50.026],[2.864,50.02],[2.869,50.023],[2.878,50.021],[2.879,50.025],[2.875,50.027],[2.896,50.037],[2.913,50.038],[2.916,50.035],[2.917,50.04],[2.921,50.043],[2.917,50.044],[2.921,50.049],[2.925,50.047],[2.925,50.045],[2.933,50.043],[2.945,50.054],[2.969,50.048],[2.968,50.043],[2.972,50.042],[3.014,50.059],[3.025,50.054],[3.026,50.057],[3.034,50.058],[3.033,50.055],[3.046,50.055],[3.074,50.045],[3.086,50.048],[3.09,50.054],[3.093,50.052],[3.09,50.047],[3.116,50.038],[3.114,50.034],[3.119,50.026],[3.133,50.024],[3.15,50.027],[3.147,50.018],[3.151,50.02],[3.158,50.018],[3.167,50.021],[3.173,50.011],[3.171,50.012],[3.17,50.007],[3.165,50.005],[3.166,49.999],[3.156,49.992],[3.165,49.991],[3.168,49.995],[3.17,49.991],[3.165,49.989],[3.173,49.99],[3.174,49.986],[3.193,49.989],[3.197,49.987],[3.196,49.985],[3.203,49.984],[3.191,49.976],[3.183,49.976],[3.181,49.973],[3.163,49.965],[3.163,49.962],[3.168,49.961],[3.159,49.952],[3.166,49.95],[3.165,49.947],[3.149,49.942],[3.145,49.937],[3.136,49.936],[3.138,49.932],[3.128,49.925],[3.123,49.924],[3.125,49.919],[3.118,49.914],[3.121,49.909],[3.116,49.908],[3.121,49.905],[3.118,49.902],[3.124,49.901],[3.117,49.896],[3.12,49.884],[3.113,49.878],[3.087,49.868],[3.088,49.866],[3.083,49.866],[3.083,49.871],[3.086,49.872],[3.085,49.879],[3.076,49.879],[3.07,49.873],[3.08,49.866],[3.086,49.844],[3.066,49.836],[3.064,49.833],[3.055,49.832],[3.061,49.82],[3.078,49.822],[3.085,49.818],[3.078,49.813],[3.088,49.803],[3.083,49.797],[3.086,49.792],[3.073,49.788],[3.073,49.784],[3.067,49.785],[3.061,49.781],[3.065,49.78],[3.068,49.775],[3.065,49.77],[3.071,49.769],[3.071,49.767],[3.1,49.766],[3.094,49.756],[3.096,49.755],[3.094,49.749],[3.097,49.748],[3.101,49.733],[3.114,49.727],[3.112,49.725],[3.116,49.72],[3.114,49.719],[3.119,49.718],[3.118,49.714],[3.12,49.714],[3.121,49.706],[3.118,49.706],[3.096,49.705],[3.092,49.697],[3.085,49.695],[3.084,49.691],[3.078,49.693],[3.085,49.706],[3.083,49.712],[3.077,49.711],[3.065,49.714],[3.058,49.712],[3.052,49.714],[3.059,49.702],[3.055,49.694],[3.041,49.697],[3.041,49.693],[3.034,49.687],[3.033,49.683],[3.026,49.68],[3.016,49.685],[3.018,49.691],[3.015,49.693],[3.006,49.693],[3.005,49.703],[2.991,49.708],[2.991,49.704],[2.977,49.705],[2.973,49.697],[2.962,49.693],[2.948,49.694],[2.95,49.684],[2.948,49.683],[2.956,49.678],[2.953,49.676],[2.955,49.665],[2.949,49.676],[2.943,49.675],[2.94,49.68],[2.933,49.676],[2.931,49.677],[2.938,49.681],[2.929,49.68],[2.925,49.683],[2.93,49.688],[2.914,49.704],[2.913,49.71],[2.909,49.707],[2.912,49.704],[2.905,49.699],[2.894,49.699],[2.888,49.703],[2.885,49.708],[2.887,49.71],[2.882,49.714],[2.885,49.71],[2.866,49.702],[2.877,49.696],[2.879,49.69],[2.888,49.687],[2.892,49.673],[2.889,49.671],[2.88,49.675],[2.874,49.686],[2.873,49.684],[2.861,49.685],[2.857,49.683],[2.862,49.679],[2.846,49.671],[2.85,49.663],[2.846,49.659],[2.838,49.662],[2.833,49.659],[2.829,49.662],[2.822,49.659],[2.797,49.661],[2.8,49.659],[2.794,49.656],[2.795,49.65],[2.791,49.648],[2.793,49.645],[2.789,49.64],[2.799,49.621],[2.787,49.612],[2.765,49.616],[2.739,49.627],[2.738,49.624],[2.727,49.626],[2.72,49.621],[2.708,49.626],[2.702,49.623],[2.698,49.626],[2.688,49.625],[2.69,49.622],[2.686,49.617],[2.688,49.614],[2.681,49.61],[2.682,49.608],[2.675,49.605],[2.674,49.6],[2.669,49.6],[2.673,49.595],[2.67,49.592],[2.67,49.581],[2.65,49.572],[2.629,49.582],[2.626,49.587],[2.63,49.589],[2.626,49.591],[2.629,49.597],[2.632,49.597],[2.633,49.599],[2.623,49.606],[2.626,49.611],[2.616,49.612],[2.605,49.608],[2.597,49.612],[2.595,49.609],[2.584,49.608],[2.587,49.604],[2.581,49.602],[2.583,49.601],[2.578,49.596],[2.576,49.599],[2.571,49.597],[2.567,49.6],[2.568,49.603],[2.559,49.607],[2.562,49.612],[2.565,49.611],[2.566,49.619],[2.541,49.616],[2.544,49.618],[2.537,49.621],[2.541,49.625],[2.53,49.625],[2.527,49.629],[2.521,49.628],[2.506,49.635],[2.505,49.639],[2.489,49.631],[2.485,49.627],[2.487,49.626],[2.478,49.621],[2.464,49.628],[2.471,49.63],[2.474,49.632],[2.472,49.634],[2.466,49.638],[2.458,49.634],[2.454,49.636],[2.455,49.641],[2.446,49.653],[2.423,49.659],[2.421,49.657],[2.413,49.663],[2.389,49.656],[2.371,49.656],[2.362,49.667],[2.351,49.663],[2.334,49.671],[2.335,49.679],[2.317,49.688],[2.302,49.681],[2.28,49.691],[2.25,49.697],[2.247,49.702],[2.22,49.702],[2.204,49.698],[2.19,49.704],[2.182,49.704],[2.173,49.701],[2.151,49.702],[2.14,49.691],[2.124,49.688],[2.114,49.694],[2.103,49.695],[2.088,49.69],[2.081,49.693],[2.075,49.687],[2.065,49.683],[2.063,49.686],[2.056,49.684],[2.05,49.687],[2.049,49.688],[2.064,49.688],[2.058,49.691],[2.059,49.698],[2.047,49.697],[2.044,49.7],[2.046,49.703],[2.034,49.705],[2.035,49.711],[2.008,49.708],[2.006,49.713],[2.001,49.713],[1.99,49.709],[1.989,49.712],[1.978,49.71],[1.972,49.715],[1.971,49.72],[1.965,49.717],[1.96,49.708],[1.949,49.701],[1.939,49.711],[1.935,49.72],[1.933,49.72],[1.917,49.715],[1.894,49.699],[1.875,49.699],[1.867,49.704],[1.849,49.702],[1.837,49.71],[1.838,49.713],[1.842,49.713],[1.838,49.718],[1.83,49.72],[1.823,49.718],[1.821,49.723],[1.84,49.731],[1.839,49.739],[1.82,49.739],[1.809,49.754],[1.794,49.75],[1.791,49.757],[1.784,49.758],[1.785,49.764],[1.779,49.768],[1.78,49.77],[1.772,49.778],[1.758,49.781],[1.755,49.79],[1.745,49.799],[1.747,49.803],[1.736,49.81],[1.725,49.833],[1.726,49.845],[1.717,49.849],[1.721,49.85],[1.721,49.86],[1.712,49.874],[1.714,49.876],[1.713,49.886],[1.706,49.892],[1.692,49.897],[1.678,49.918],[1.603,49.943],[1.587,49.956],[1.586,49.961],[1.578,49.964],[1.573,49.975],[1.558,49.979],[1.547,49.987],[1.527,49.995],[1.523,50.004],[1.517,50.006],[1.516,50.012],[1.5,50.019],[1.491,50.018],[1.491,50.021],[1.478,50.028],[1.471,50.035],[1.455,50.038],[1.449,50.047],[1.456,50.044],[1.455,50.056],[1.459,50.063],[1.449,50.069],[1.424,50.071],[1.409,50.057],[1.397,50.058],[1.396,50.064],[1.392,50.064],[1.392,50.061],[1.387,50.061],[1.382,50.066]]]}},{"type":"Feature","properties":{"code":"81","nom":"Tarn"},"geometry":{"type":"Polygon","coordinates":[[[1.99,44.149],[2.03,44.157],[2.031,44.162],[2.027,44.165],[2.03,44.169],[2.059,44.172],[2.059,44.178],[2.052,44.183],[2.052,44.189],[2.069,44.19],[2.069,44.184],[2.081,44.18],[2.094,44.189],[2.096,44.188],[2.094,44.184],[2.098,44.181],[2.094,44.176],[2.097,44.175],[2.107,44.181],[2.103,44.192],[2.106,44.194],[2.128,44.196],[2.134,44.201],[2.142,44.201],[2.149,44.201],[2.153,44.197],[2.151,44.191],[2.162,44.187],[2.155,44.184],[2.155,44.18],[2.181,44.179],[2.183,44.178],[2.18,44.171],[2.192,44.162],[2.202,44.166],[2.206,44.171],[2.225,44.168],[2.23,44.162],[2.236,44.164],[2.238,44.159],[2.232,44.155],[2.214,44.152],[2.213,44.146],[2.198,44.143],[2.199,44.146],[2.193,44.149],[2.189,44.144],[2.181,44.142],[2.182,44.139],[2.224,44.139],[2.238,44.134],[2.272,44.148],[2.277,44.145],[2.285,44.145],[2.298,44.138],[2.297,44.133],[2.29,44.122],[2.296,44.124],[2.308,44.118],[2.318,44.123],[2.332,44.123],[2.341,44.112],[2.341,44.11],[2.346,44.11],[2.366,44.098],[2.376,44.098],[2.386,44.093],[2.389,44.095],[2.389,44.091],[2.402,44.082],[2.402,44.076],[2.405,44.076],[2.412,44.07],[2.412,44.057],[2.41,44.056],[2.46,44.051],[2.464,44.033],[2.478,44.029],[2.492,44.019],[2.49,44.015],[2.496,44.008],[2.492,44.004],[2.502,43.986],[2.521,43.982],[2.525,43.977],[2.519,43.958],[2.503,43.954],[2.499,43.945],[2.508,43.948],[2.509,43.942],[2.514,43.944],[2.533,43.937],[2.538,43.933],[2.535,43.928],[2.538,43.925],[2.546,43.929],[2.544,43.925],[2.554,43.925],[2.55,43.923],[2.556,43.918],[2.55,43.892],[2.58,43.879],[2.578,43.873],[2.564,43.866],[2.565,43.853],[2.562,43.844],[2.577,43.836],[2.588,43.819],[2.6,43.817],[2.601,43.811],[2.608,43.809],[2.612,43.803],[2.61,43.799],[2.624,43.79],[2.629,43.78],[2.653,43.766],[2.66,43.757],[2.67,43.75],[2.677,43.748],[2.682,43.744],[2.712,43.743],[2.729,43.736],[2.738,43.729],[2.743,43.729],[2.747,43.732],[2.763,43.732],[2.781,43.737],[2.788,43.752],[2.808,43.76],[2.824,43.762],[2.832,43.752],[2.862,43.748],[2.87,43.739],[2.903,43.742],[2.92,43.736],[2.922,43.735],[2.918,43.731],[2.924,43.725],[2.925,43.706],[2.936,43.698],[2.935,43.695],[2.919,43.688],[2.922,43.679],[2.917,43.669],[2.92,43.662],[2.907,43.654],[2.879,43.657],[2.874,43.645],[2.857,43.643],[2.847,43.646],[2.828,43.637],[2.814,43.641],[2.813,43.636],[2.808,43.636],[2.795,43.624],[2.783,43.626],[2.772,43.622],[2.767,43.617],[2.755,43.614],[2.744,43.62],[2.738,43.632],[2.735,43.631],[2.731,43.636],[2.725,43.637],[2.72,43.645],[2.711,43.644],[2.71,43.647],[2.686,43.651],[2.685,43.654],[2.67,43.649],[2.652,43.649],[2.652,43.658],[2.646,43.66],[2.635,43.625],[2.631,43.62],[2.626,43.618],[2.629,43.61],[2.615,43.6],[2.616,43.595],[2.622,43.596],[2.622,43.592],[2.627,43.593],[2.627,43.588],[2.632,43.584],[2.616,43.567],[2.627,43.557],[2.627,43.552],[2.631,43.548],[2.65,43.535],[2.655,43.527],[2.667,43.523],[2.676,43.513],[2.659,43.517],[2.661,43.503],[2.655,43.497],[2.659,43.484],[2.657,43.482],[2.668,43.47],[2.666,43.462],[2.648,43.469],[2.643,43.469],[2.638,43.465],[2.646,43.459],[2.628,43.448],[2.618,43.438],[2.606,43.441],[2.606,43.431],[2.597,43.433],[2.596,43.429],[2.587,43.428],[2.581,43.423],[2.566,43.423],[2.561,43.42],[2.552,43.425],[2.519,43.424],[2.512,43.43],[2.502,43.429],[2.497,43.432],[2.497,43.437],[2.49,43.438],[2.464,43.436],[2.452,43.432],[2.429,43.436],[2.418,43.428],[2.403,43.425],[2.407,43.419],[2.397,43.417],[2.393,43.42],[2.384,43.419],[2.379,43.423],[2.363,43.425],[2.335,43.437],[2.311,43.442],[2.306,43.448],[2.282,43.441],[2.258,43.46],[2.256,43.453],[2.245,43.448],[2.241,43.441],[2.231,43.433],[2.223,43.432],[2.221,43.427],[2.224,43.425],[2.223,43.416],[2.229,43.411],[2.23,43.406],[2.224,43.402],[2.227,43.396],[2.214,43.383],[2.186,43.395],[2.17,43.417],[2.157,43.416],[2.15,43.41],[2.142,43.408],[2.141,43.404],[2.132,43.403],[2.128,43.399],[2.114,43.399],[2.109,43.395],[2.095,43.396],[2.092,43.394],[2.087,43.399],[2.075,43.395],[2.066,43.405],[2.072,43.406],[2.061,43.415],[2.053,43.43],[2.029,43.437],[2.022,43.447],[2.015,43.446],[2.014,43.45],[2.02,43.457],[2.018,43.458],[2.021,43.463],[2.018,43.47],[2.022,43.475],[2.039,43.477],[2.048,43.486],[2.043,43.492],[2.048,43.496],[2.047,43.503],[2.041,43.513],[2.038,43.506],[2.041,43.5],[2.038,43.499],[2.032,43.499],[2.03,43.506],[2.016,43.509],[2.013,43.494],[2.016,43.488],[2.009,43.48],[1.995,43.483],[1.99,43.477],[1.968,43.491],[1.956,43.494],[1.953,43.49],[1.941,43.494],[1.933,43.502],[1.926,43.501],[1.921,43.505],[1.917,43.502],[1.892,43.513],[1.892,43.516],[1.886,43.519],[1.883,43.518],[1.88,43.53],[1.871,43.534],[1.88,43.54],[1.851,43.549],[1.853,43.554],[1.849,43.561],[1.849,43.568],[1.841,43.573],[1.84,43.578],[1.813,43.583],[1.81,43.578],[1.797,43.583],[1.798,43.584],[1.791,43.583],[1.779,43.587],[1.772,43.593],[1.773,43.599],[1.767,43.603],[1.759,43.602],[1.754,43.605],[1.745,43.603],[1.727,43.61],[1.721,43.618],[1.708,43.623],[1.704,43.618],[1.691,43.625],[1.688,43.628],[1.692,43.642],[1.7,43.649],[1.706,43.653],[1.731,43.657],[1.729,43.669],[1.72,43.675],[1.719,43.684],[1.721,43.688],[1.697,43.693],[1.664,43.694],[1.666,43.702],[1.661,43.706],[1.682,43.701],[1.685,43.708],[1.694,43.71],[1.693,43.712],[1.702,43.709],[1.707,43.712],[1.705,43.714],[1.706,43.716],[1.699,43.726],[1.693,43.73],[1.69,43.728],[1.681,43.737],[1.673,43.736],[1.668,43.74],[1.661,43.742],[1.657,43.749],[1.65,43.752],[1.656,43.768],[1.652,43.776],[1.641,43.779],[1.642,43.787],[1.65,43.795],[1.645,43.8],[1.634,43.802],[1.63,43.799],[1.614,43.808],[1.608,43.806],[1.603,43.811],[1.59,43.815],[1.588,43.821],[1.593,43.826],[1.587,43.833],[1.592,43.836],[1.593,43.843],[1.573,43.849],[1.555,43.868],[1.564,43.872],[1.556,43.875],[1.556,43.878],[1.562,43.879],[1.55,43.89],[1.547,43.903],[1.551,43.911],[1.555,43.914],[1.556,43.918],[1.574,43.919],[1.575,43.925],[1.571,43.929],[1.574,43.937],[1.578,43.939],[1.566,43.944],[1.541,43.945],[1.538,43.95],[1.541,43.953],[1.535,43.96],[1.55,43.955],[1.55,43.962],[1.567,43.965],[1.591,43.96],[1.623,43.961],[1.619,43.974],[1.621,43.98],[1.628,43.984],[1.631,43.99],[1.634,43.99],[1.637,43.995],[1.647,43.992],[1.658,43.996],[1.65,44.012],[1.656,44.013],[1.671,44.011],[1.672,44.015],[1.668,44.017],[1.67,44.018],[1.674,44.016],[1.677,44.021],[1.692,44.022],[1.696,44.036],[1.704,44.044],[1.692,44.063],[1.685,44.063],[1.675,44.067],[1.673,44.059],[1.664,44.067],[1.665,44.07],[1.661,44.071],[1.667,44.076],[1.665,44.079],[1.67,44.088],[1.653,44.096],[1.655,44.101],[1.653,44.108],[1.659,44.117],[1.661,44.114],[1.669,44.116],[1.682,44.115],[1.687,44.111],[1.706,44.117],[1.723,44.115],[1.722,44.118],[1.733,44.113],[1.746,44.117],[1.751,44.109],[1.764,44.108],[1.77,44.098],[1.778,44.097],[1.794,44.1],[1.794,44.102],[1.788,44.104],[1.787,44.109],[1.789,44.112],[1.801,44.116],[1.802,44.123],[1.804,44.122],[1.807,44.126],[1.811,44.12],[1.823,44.113],[1.826,44.108],[1.837,44.105],[1.841,44.114],[1.829,44.133],[1.837,44.144],[1.841,44.145],[1.848,44.135],[1.857,44.138],[1.861,44.144],[1.885,44.137],[1.893,44.143],[1.899,44.132],[1.907,44.13],[1.919,44.141],[1.912,44.143],[1.906,44.151],[1.894,44.153],[1.894,44.156],[1.909,44.163],[1.92,44.163],[1.937,44.153],[1.938,44.149],[1.944,44.146],[1.953,44.151],[1.971,44.143],[1.98,44.148],[1.983,44.157],[1.986,44.156],[1.985,44.149],[1.99,44.149]]]}},{"type":"Feature","properties":{"code":"82","nom":"Tarn-et-Garonne"},"geometry":{"type":"Polygon","coordinates":[[[1.064,44.379],[1.085,44.382],[1.104,44.392],[1.137,44.392],[1.132,44.389],[1.135,44.379],[1.133,44.371],[1.127,44.373],[1.107,44.37],[1.108,44.365],[1.105,44.364],[1.101,44.368],[1.089,44.371],[1.094,44.367],[1.092,44.36],[1.081,44.354],[1.087,44.349],[1.093,44.348],[1.095,44.35],[1.115,44.338],[1.108,44.327],[1.122,44.316],[1.136,44.317],[1.151,44.307],[1.159,44.311],[1.163,44.31],[1.168,44.303],[1.179,44.311],[1.181,44.309],[1.181,44.303],[1.177,44.299],[1.178,44.292],[1.197,44.28],[1.205,44.282],[1.214,44.268],[1.217,44.271],[1.217,44.278],[1.221,44.28],[1.239,44.276],[1.241,44.271],[1.245,44.269],[1.242,44.267],[1.247,44.266],[1.251,44.268],[1.25,44.274],[1.255,44.284],[1.271,44.281],[1.283,44.291],[1.303,44.294],[1.302,44.28],[1.293,44.273],[1.294,44.27],[1.304,44.269],[1.303,44.264],[1.305,44.262],[1.284,44.253],[1.286,44.241],[1.282,44.236],[1.307,44.227],[1.314,44.227],[1.314,44.231],[1.318,44.233],[1.323,44.231],[1.321,44.228],[1.326,44.225],[1.33,44.226],[1.329,44.231],[1.336,44.229],[1.344,44.224],[1.342,44.218],[1.358,44.203],[1.359,44.208],[1.381,44.226],[1.394,44.229],[1.417,44.241],[1.429,44.242],[1.439,44.247],[1.441,44.253],[1.445,44.251],[1.454,44.254],[1.451,44.258],[1.455,44.261],[1.451,44.263],[1.453,44.267],[1.461,44.267],[1.462,44.269],[1.465,44.269],[1.472,44.287],[1.487,44.278],[1.483,44.274],[1.485,44.273],[1.497,44.271],[1.509,44.274],[1.515,44.266],[1.526,44.26],[1.517,44.254],[1.519,44.253],[1.518,44.25],[1.523,44.247],[1.522,44.242],[1.527,44.237],[1.541,44.227],[1.555,44.234],[1.57,44.236],[1.575,44.234],[1.577,44.235],[1.575,44.242],[1.587,44.249],[1.577,44.27],[1.571,44.274],[1.563,44.275],[1.561,44.279],[1.578,44.284],[1.57,44.296],[1.571,44.302],[1.587,44.299],[1.588,44.301],[1.595,44.303],[1.601,44.296],[1.617,44.298],[1.618,44.291],[1.614,44.286],[1.614,44.28],[1.634,44.269],[1.643,44.271],[1.652,44.285],[1.632,44.294],[1.634,44.299],[1.647,44.295],[1.652,44.296],[1.657,44.289],[1.655,44.285],[1.659,44.283],[1.663,44.293],[1.669,44.29],[1.671,44.298],[1.676,44.298],[1.7,44.314],[1.71,44.312],[1.728,44.318],[1.737,44.318],[1.737,44.327],[1.751,44.324],[1.755,44.326],[1.774,44.312],[1.776,44.318],[1.78,44.314],[1.784,44.316],[1.789,44.323],[1.783,44.328],[1.79,44.326],[1.794,44.335],[1.799,44.333],[1.806,44.337],[1.811,44.329],[1.826,44.324],[1.831,44.327],[1.831,44.333],[1.833,44.336],[1.847,44.338],[1.853,44.332],[1.882,44.34],[1.886,44.335],[1.878,44.336],[1.865,44.328],[1.859,44.32],[1.882,44.304],[1.869,44.292],[1.9,44.279],[1.941,44.282],[1.943,44.279],[1.958,44.28],[1.97,44.276],[1.971,44.273],[1.964,44.266],[1.965,44.255],[1.961,44.249],[1.962,44.242],[1.949,44.243],[1.943,44.248],[1.941,44.245],[1.933,44.246],[1.933,44.241],[1.919,44.225],[1.918,44.22],[1.914,44.22],[1.912,44.214],[1.904,44.21],[1.891,44.213],[1.89,44.208],[1.907,44.201],[1.903,44.193],[1.912,44.19],[1.911,44.185],[1.924,44.188],[1.921,44.191],[1.925,44.191],[1.933,44.188],[1.935,44.181],[1.931,44.178],[1.941,44.17],[1.945,44.183],[1.962,44.184],[1.978,44.18],[1.98,44.176],[1.973,44.172],[1.977,44.162],[2.001,44.159],[1.992,44.154],[1.99,44.149],[1.985,44.149],[1.986,44.156],[1.983,44.157],[1.98,44.148],[1.971,44.143],[1.953,44.151],[1.944,44.146],[1.938,44.149],[1.937,44.153],[1.92,44.163],[1.909,44.163],[1.894,44.156],[1.894,44.153],[1.906,44.151],[1.912,44.143],[1.919,44.141],[1.907,44.13],[1.899,44.132],[1.893,44.143],[1.885,44.137],[1.861,44.144],[1.857,44.138],[1.848,44.135],[1.841,44.145],[1.837,44.144],[1.829,44.133],[1.841,44.114],[1.837,44.105],[1.826,44.108],[1.823,44.113],[1.811,44.12],[1.807,44.126],[1.804,44.122],[1.802,44.123],[1.801,44.116],[1.789,44.112],[1.787,44.109],[1.788,44.104],[1.794,44.102],[1.794,44.1],[1.778,44.097],[1.77,44.098],[1.764,44.108],[1.751,44.109],[1.746,44.117],[1.733,44.113],[1.722,44.118],[1.723,44.115],[1.706,44.117],[1.687,44.111],[1.682,44.115],[1.669,44.116],[1.661,44.114],[1.659,44.117],[1.653,44.108],[1.655,44.101],[1.653,44.096],[1.67,44.088],[1.665,44.079],[1.667,44.076],[1.661,44.071],[1.665,44.07],[1.664,44.067],[1.673,44.059],[1.675,44.067],[1.685,44.063],[1.692,44.063],[1.704,44.044],[1.696,44.036],[1.692,44.022],[1.677,44.021],[1.674,44.016],[1.67,44.018],[1.668,44.017],[1.672,44.015],[1.671,44.011],[1.656,44.013],[1.65,44.012],[1.658,43.996],[1.647,43.992],[1.637,43.995],[1.634,43.99],[1.631,43.99],[1.628,43.984],[1.621,43.98],[1.619,43.974],[1.623,43.961],[1.591,43.96],[1.567,43.965],[1.55,43.962],[1.55,43.955],[1.535,43.96],[1.541,43.953],[1.538,43.95],[1.541,43.945],[1.566,43.944],[1.578,43.939],[1.574,43.937],[1.571,43.929],[1.575,43.925],[1.574,43.919],[1.556,43.918],[1.548,43.917],[1.533,43.921],[1.533,43.913],[1.523,43.904],[1.515,43.906],[1.517,43.901],[1.507,43.897],[1.504,43.893],[1.499,43.893],[1.499,43.889],[1.492,43.887],[1.488,43.892],[1.49,43.897],[1.488,43.902],[1.476,43.907],[1.475,43.902],[1.457,43.887],[1.458,43.882],[1.449,43.87],[1.447,43.874],[1.436,43.873],[1.432,43.869],[1.426,43.872],[1.418,43.871],[1.414,43.874],[1.415,43.878],[1.402,43.886],[1.393,43.881],[1.375,43.884],[1.365,43.89],[1.356,43.884],[1.357,43.876],[1.348,43.869],[1.365,43.856],[1.36,43.851],[1.355,43.854],[1.33,43.851],[1.33,43.855],[1.319,43.858],[1.295,43.849],[1.297,43.846],[1.294,43.846],[1.301,43.845],[1.31,43.84],[1.314,43.832],[1.328,43.838],[1.354,43.836],[1.362,43.82],[1.36,43.817],[1.35,43.817],[1.343,43.811],[1.337,43.811],[1.333,43.807],[1.327,43.809],[1.311,43.801],[1.283,43.796],[1.278,43.803],[1.267,43.798],[1.269,43.792],[1.28,43.791],[1.278,43.788],[1.213,43.768],[1.205,43.775],[1.209,43.78],[1.218,43.782],[1.219,43.787],[1.217,43.792],[1.181,43.795],[1.175,43.804],[1.161,43.808],[1.158,43.818],[1.15,43.822],[1.145,43.822],[1.142,43.815],[1.127,43.811],[1.115,43.798],[1.11,43.796],[1.105,43.801],[1.111,43.806],[1.097,43.807],[1.093,43.812],[1.083,43.816],[1.081,43.812],[1.057,43.798],[1.047,43.799],[1.036,43.804],[1.026,43.798],[1.017,43.802],[0.992,43.797],[0.983,43.793],[0.979,43.786],[0.974,43.788],[0.971,43.785],[0.962,43.79],[0.954,43.787],[0.949,43.792],[0.938,43.793],[0.931,43.788],[0.924,43.793],[0.917,43.785],[0.912,43.784],[0.909,43.788],[0.904,43.783],[0.898,43.786],[0.896,43.791],[0.903,43.798],[0.9,43.801],[0.901,43.804],[0.904,43.803],[0.904,43.81],[0.912,43.815],[0.914,43.82],[0.925,43.83],[0.895,43.84],[0.895,43.85],[0.912,43.85],[0.906,43.86],[0.883,43.875],[0.884,43.891],[0.904,43.899],[0.891,43.903],[0.887,43.906],[0.888,43.91],[0.874,43.913],[0.87,43.92],[0.864,43.924],[0.858,43.92],[0.852,43.923],[0.849,43.917],[0.843,43.915],[0.809,43.932],[0.806,43.93],[0.798,43.931],[0.796,43.927],[0.786,43.924],[0.777,43.925],[0.771,43.922],[0.762,43.932],[0.761,43.947],[0.772,43.953],[0.784,43.955],[0.793,43.965],[0.791,43.97],[0.796,43.976],[0.805,43.977],[0.809,43.982],[0.816,43.984],[0.819,43.987],[0.815,43.989],[0.817,43.991],[0.828,43.997],[0.824,44.007],[0.819,44.01],[0.825,44.015],[0.818,44.017],[0.813,44.024],[0.825,44.03],[0.84,44.024],[0.844,44.028],[0.843,44.031],[0.851,44.036],[0.858,44.035],[0.86,44.038],[0.865,44.039],[0.855,44.043],[0.852,44.041],[0.851,44.046],[0.836,44.047],[0.829,44.055],[0.82,44.056],[0.811,44.049],[0.797,44.046],[0.794,44.042],[0.764,44.03],[0.757,44.04],[0.76,44.051],[0.753,44.056],[0.752,44.066],[0.742,44.065],[0.738,44.07],[0.738,44.075],[0.748,44.087],[0.747,44.096],[0.754,44.099],[0.753,44.105],[0.776,44.116],[0.779,44.113],[0.786,44.112],[0.789,44.114],[0.799,44.111],[0.793,44.119],[0.798,44.13],[0.789,44.144],[0.819,44.144],[0.832,44.137],[0.857,44.13],[0.858,44.128],[0.867,44.126],[0.881,44.13],[0.88,44.132],[0.883,44.133],[0.878,44.137],[0.883,44.142],[0.894,44.138],[0.894,44.144],[0.889,44.147],[0.89,44.153],[0.885,44.161],[0.89,44.167],[0.889,44.172],[0.883,44.175],[0.871,44.168],[0.865,44.171],[0.865,44.174],[0.854,44.175],[0.853,44.184],[0.862,44.193],[0.906,44.19],[0.907,44.195],[0.905,44.197],[0.929,44.23],[0.929,44.235],[0.919,44.238],[0.925,44.247],[0.933,44.248],[0.934,44.257],[0.927,44.262],[0.928,44.267],[0.94,44.263],[0.947,44.268],[0.951,44.275],[0.942,44.275],[0.945,44.278],[0.94,44.282],[0.926,44.286],[0.916,44.302],[0.894,44.297],[0.885,44.308],[0.869,44.31],[0.875,44.32],[0.873,44.324],[0.883,44.328],[0.882,44.332],[0.889,44.332],[0.888,44.339],[0.892,44.339],[0.896,44.346],[0.891,44.352],[0.894,44.353],[0.894,44.358],[0.887,44.365],[0.895,44.374],[0.896,44.382],[0.905,44.381],[0.92,44.384],[0.927,44.375],[0.937,44.369],[0.942,44.345],[0.946,44.348],[0.942,44.353],[0.951,44.358],[0.952,44.362],[0.959,44.359],[0.975,44.362],[0.977,44.356],[0.997,44.369],[1.019,44.363],[1.049,44.362],[1.061,44.366],[1.06,44.377],[1.064,44.379]]]}},{"type":"Feature","properties":{"code":"83","nom":"Var"},"geometry":{"type":"MultiPolygon","coordinates":[[[[6.435,43.016],[6.434,43.019],[6.441,43.025],[6.458,43.028],[6.462,43.038],[6.473,43.047],[6.505,43.054],[6.508,43.052],[6.508,43.048],[6.511,43.047],[6.503,43.042],[6.488,43.043],[6.48,43.03],[6.473,43.025],[6.471,43.017],[6.459,43.014],[6.45,43.017],[6.445,43.009],[6.438,43.004],[6.434,43.007],[6.435,43.016]]],[[[6.145,43.02],[6.147,43.019],[6.145,43.016],[6.139,43.02],[6.145,43.02]]],[[[6.397,42.993],[6.388,42.998],[6.374,42.996],[6.37,43.001],[6.377,43.007],[6.383,43.006],[6.38,43.01],[6.383,43.014],[6.391,43.011],[6.409,43.019],[6.414,43.016],[6.412,43.011],[6.413,43.009],[6.42,43.014],[6.418,43.007],[6.41,43.002],[6.407,42.996],[6.397,42.993]]],[[[6.364,43.004],[6.359,43.009],[6.36,43.015],[6.368,43.018],[6.365,43.013],[6.364,43.004]]],[[[5.767,43.079],[5.766,43.08],[5.768,43.082],[5.77,43.081],[5.767,43.079]]],[[[6.244,43.02],[6.249,43.017],[6.249,43.008],[6.252,43.004],[6.249,43.003],[6.251,43],[6.232,42.996],[6.221,42.99],[6.217,42.991],[6.206,42.982],[6.196,42.983],[6.197,42.988],[6.192,42.991],[6.17,42.997],[6.169,42.999],[6.161,42.999],[6.162,43.002],[6.169,43.001],[6.17,43.006],[6.18,43.009],[6.185,43.008],[6.188,43.004],[6.193,43.005],[6.198,43.001],[6.212,43.003],[6.217,43.008],[6.218,43.014],[6.231,43.01],[6.236,43.014],[6.239,43.024],[6.242,43.025],[6.244,43.02]]],[[[5.781,43.07],[5.778,43.074],[5.779,43.081],[5.784,43.082],[5.781,43.079],[5.786,43.077],[5.79,43.08],[5.792,43.077],[5.781,43.07]]],[[[5.913,43.116],[5.914,43.119],[5.921,43.119],[5.913,43.116]]],[[[5.791,43.069],[5.787,43.072],[5.79,43.073],[5.791,43.069]]],[[[5.754,43.725],[5.757,43.729],[5.781,43.756],[5.831,43.747],[5.836,43.74],[5.843,43.737],[5.849,43.718],[5.856,43.724],[5.885,43.724],[5.901,43.733],[5.905,43.737],[5.903,43.753],[5.925,43.757],[5.927,43.75],[5.936,43.751],[5.939,43.749],[5.943,43.736],[5.939,43.733],[5.94,43.727],[5.957,43.719],[5.965,43.725],[5.974,43.715],[5.985,43.714],[5.988,43.695],[6.006,43.688],[6.012,43.674],[6.022,43.668],[6.039,43.679],[6.035,43.694],[6.077,43.707],[6.078,43.711],[6.088,43.718],[6.092,43.725],[6.09,43.729],[6.095,43.73],[6.103,43.736],[6.107,43.744],[6.115,43.746],[6.117,43.742],[6.13,43.736],[6.141,43.738],[6.154,43.744],[6.183,43.762],[6.191,43.78],[6.209,43.797],[6.217,43.8],[6.233,43.799],[6.242,43.802],[6.254,43.8],[6.26,43.793],[6.263,43.782],[6.269,43.777],[6.282,43.774],[6.295,43.764],[6.307,43.763],[6.317,43.758],[6.317,43.754],[6.323,43.753],[6.326,43.747],[6.345,43.742],[6.351,43.736],[6.359,43.736],[6.365,43.741],[6.375,43.743],[6.38,43.735],[6.384,43.734],[6.396,43.748],[6.403,43.753],[6.407,43.752],[6.407,43.757],[6.413,43.76],[6.413,43.767],[6.41,43.772],[6.414,43.792],[6.424,43.79],[6.437,43.792],[6.439,43.798],[6.457,43.793],[6.467,43.798],[6.475,43.798],[6.482,43.791],[6.487,43.792],[6.509,43.801],[6.517,43.809],[6.525,43.806],[6.542,43.792],[6.547,43.783],[6.542,43.776],[6.546,43.775],[6.553,43.783],[6.585,43.801],[6.587,43.805],[6.602,43.803],[6.624,43.805],[6.623,43.798],[6.628,43.792],[6.636,43.789],[6.636,43.782],[6.644,43.779],[6.646,43.775],[6.64,43.769],[6.652,43.765],[6.657,43.749],[6.671,43.752],[6.683,43.758],[6.701,43.754],[6.714,43.746],[6.713,43.74],[6.715,43.739],[6.746,43.737],[6.752,43.741],[6.757,43.734],[6.756,43.727],[6.767,43.722],[6.767,43.711],[6.774,43.704],[6.772,43.698],[6.774,43.693],[6.764,43.688],[6.765,43.685],[6.761,43.681],[6.761,43.666],[6.766,43.66],[6.776,43.66],[6.783,43.654],[6.784,43.649],[6.794,43.639],[6.792,43.634],[6.799,43.628],[6.817,43.63],[6.825,43.623],[6.839,43.617],[6.841,43.615],[6.839,43.614],[6.845,43.613],[6.852,43.604],[6.854,43.605],[6.853,43.609],[6.857,43.611],[6.867,43.603],[6.872,43.607],[6.885,43.607],[6.894,43.612],[6.903,43.603],[6.912,43.598],[6.898,43.582],[6.908,43.573],[6.908,43.564],[6.901,43.564],[6.898,43.557],[6.888,43.553],[6.879,43.529],[6.896,43.527],[6.895,43.519],[6.884,43.503],[6.893,43.501],[6.9,43.496],[6.913,43.494],[6.914,43.483],[6.934,43.48],[6.932,43.48],[6.933,43.478],[6.93,43.477],[6.931,43.475],[6.925,43.473],[6.924,43.456],[6.921,43.453],[6.924,43.451],[6.901,43.443],[6.896,43.437],[6.893,43.437],[6.897,43.434],[6.892,43.428],[6.87,43.425],[6.871,43.428],[6.868,43.433],[6.86,43.433],[6.857,43.43],[6.86,43.428],[6.857,43.426],[6.861,43.417],[6.856,43.412],[6.829,43.419],[6.81,43.413],[6.798,43.414],[6.789,43.408],[6.766,43.421],[6.766,43.424],[6.748,43.42],[6.733,43.405],[6.728,43.393],[6.733,43.39],[6.714,43.372],[6.714,43.364],[6.719,43.357],[6.713,43.353],[6.717,43.348],[6.696,43.341],[6.68,43.34],[6.672,43.336],[6.665,43.325],[6.666,43.318],[6.673,43.314],[6.671,43.313],[6.659,43.314],[6.645,43.306],[6.635,43.308],[6.627,43.303],[6.624,43.296],[6.585,43.28],[6.587,43.268],[6.582,43.267],[6.593,43.262],[6.621,43.264],[6.64,43.274],[6.665,43.265],[6.67,43.268],[6.669,43.276],[6.676,43.278],[6.698,43.266],[6.69,43.255],[6.691,43.252],[6.685,43.251],[6.677,43.245],[6.669,43.246],[6.664,43.241],[6.662,43.223],[6.664,43.212],[6.681,43.2],[6.675,43.195],[6.66,43.196],[6.643,43.187],[6.64,43.174],[6.647,43.168],[6.634,43.172],[6.618,43.159],[6.614,43.166],[6.61,43.166],[6.609,43.172],[6.603,43.174],[6.604,43.176],[6.602,43.182],[6.562,43.189],[6.548,43.186],[6.537,43.179],[6.534,43.173],[6.54,43.169],[6.535,43.167],[6.535,43.163],[6.521,43.165],[6.51,43.159],[6.508,43.155],[6.501,43.156],[6.497,43.151],[6.491,43.153],[6.487,43.151],[6.478,43.156],[6.468,43.155],[6.464,43.158],[6.449,43.153],[6.447,43.152],[6.449,43.149],[6.439,43.142],[6.439,43.147],[6.429,43.151],[6.423,43.15],[6.421,43.147],[6.404,43.149],[6.398,43.144],[6.384,43.144],[6.379,43.138],[6.369,43.137],[6.364,43.127],[6.363,43.123],[6.367,43.121],[6.36,43.12],[6.359,43.116],[6.364,43.111],[6.359,43.107],[6.367,43.103],[6.364,43.093],[6.371,43.091],[6.365,43.09],[6.364,43.086],[6.345,43.091],[6.333,43.09],[6.329,43.093],[6.322,43.091],[6.325,43.095],[6.325,43.099],[6.317,43.106],[6.309,43.108],[6.299,43.106],[6.297,43.11],[6.289,43.107],[6.286,43.111],[6.288,43.114],[6.278,43.117],[6.275,43.121],[6.262,43.121],[6.239,43.113],[6.201,43.116],[6.17,43.1],[6.155,43.08],[6.149,43.057],[6.152,43.037],[6.173,43.033],[6.149,43.026],[6.137,43.03],[6.135,43.036],[6.127,43.036],[6.124,43.032],[6.113,43.035],[6.107,43.03],[6.103,43.031],[6.103,43.028],[6.097,43.027],[6.095,43.029],[6.098,43.033],[6.091,43.035],[6.094,43.04],[6.105,43.042],[6.118,43.039],[6.125,43.041],[6.132,43.048],[6.132,43.06],[6.125,43.078],[6.114,43.084],[6.1,43.083],[6.079,43.088],[6.051,43.079],[6.022,43.078],[6.017,43.084],[6.024,43.09],[6.023,43.095],[6.005,43.104],[5.992,43.103],[5.975,43.108],[5.968,43.104],[5.956,43.108],[5.941,43.108],[5.926,43.102],[5.93,43.114],[5.934,43.113],[5.932,43.118],[5.934,43.119],[5.929,43.121],[5.926,43.116],[5.923,43.115],[5.922,43.118],[5.927,43.122],[5.921,43.124],[5.918,43.122],[5.92,43.12],[5.914,43.119],[5.913,43.123],[5.907,43.119],[5.911,43.115],[5.899,43.113],[5.896,43.117],[5.895,43.115],[5.886,43.116],[5.885,43.111],[5.892,43.108],[5.881,43.109],[5.887,43.107],[5.881,43.105],[5.883,43.103],[5.901,43.104],[5.91,43.1],[5.908,43.098],[5.91,43.093],[5.901,43.092],[5.895,43.082],[5.897,43.08],[5.91,43.079],[5.917,43.086],[5.927,43.077],[5.926,43.08],[5.929,43.083],[5.938,43.085],[5.951,43.077],[5.951,43.072],[5.947,43.068],[5.944,43.066],[5.937,43.072],[5.931,43.072],[5.912,43.066],[5.907,43.073],[5.899,43.074],[5.898,43.078],[5.89,43.078],[5.883,43.072],[5.872,43.069],[5.872,43.066],[5.863,43.058],[5.863,43.052],[5.859,43.048],[5.829,43.049],[5.822,43.054],[5.816,43.064],[5.792,43.069],[5.797,43.075],[5.804,43.077],[5.808,43.092],[5.813,43.096],[5.805,43.1],[5.814,43.107],[5.808,43.115],[5.801,43.118],[5.791,43.112],[5.789,43.116],[5.767,43.116],[5.777,43.122],[5.773,43.126],[5.781,43.13],[5.779,43.135],[5.771,43.139],[5.755,43.135],[5.752,43.13],[5.748,43.133],[5.749,43.135],[5.741,43.134],[5.737,43.136],[5.724,43.136],[5.72,43.147],[5.716,43.148],[5.712,43.145],[5.71,43.147],[5.695,43.144],[5.692,43.152],[5.682,43.155],[5.683,43.161],[5.694,43.166],[5.695,43.172],[5.687,43.18],[5.672,43.179],[5.679,43.205],[5.678,43.22],[5.684,43.236],[5.702,43.239],[5.705,43.242],[5.702,43.248],[5.709,43.249],[5.711,43.253],[5.761,43.267],[5.76,43.277],[5.763,43.282],[5.75,43.289],[5.735,43.304],[5.727,43.317],[5.691,43.313],[5.683,43.319],[5.676,43.32],[5.685,43.323],[5.69,43.327],[5.686,43.34],[5.705,43.356],[5.695,43.364],[5.69,43.388],[5.683,43.399],[5.701,43.408],[5.724,43.409],[5.75,43.402],[5.755,43.402],[5.786,43.414],[5.788,43.42],[5.776,43.421],[5.751,43.435],[5.747,43.438],[5.749,43.442],[5.745,43.443],[5.728,43.467],[5.714,43.475],[5.715,43.476],[5.713,43.478],[5.704,43.479],[5.704,43.483],[5.699,43.483],[5.703,43.489],[5.703,43.496],[5.712,43.497],[5.716,43.503],[5.711,43.505],[5.714,43.509],[5.712,43.513],[5.716,43.517],[5.72,43.545],[5.725,43.551],[5.715,43.551],[5.691,43.564],[5.669,43.565],[5.656,43.574],[5.656,43.577],[5.692,43.584],[5.683,43.6],[5.681,43.611],[5.678,43.611],[5.679,43.614],[5.688,43.615],[5.684,43.618],[5.702,43.637],[5.699,43.642],[5.702,43.644],[5.71,43.641],[5.719,43.65],[5.745,43.657],[5.771,43.661],[5.799,43.661],[5.804,43.68],[5.813,43.689],[5.806,43.693],[5.794,43.692],[5.788,43.697],[5.782,43.707],[5.788,43.716],[5.785,43.718],[5.775,43.719],[5.777,43.722],[5.754,43.725]]]]}},{"type":"Feature","properties":{"code":"84","nom":"Vaucluse"},"geometry":{"type":"MultiPolygon","coordinates":[[[[4.893,44.365],[4.891,44.36],[4.873,44.35],[4.87,44.345],[4.88,44.345],[4.895,44.338],[4.894,44.333],[4.889,44.333],[4.882,44.325],[4.891,44.313],[4.892,44.304],[4.922,44.309],[4.944,44.306],[4.951,44.301],[4.957,44.302],[4.959,44.299],[4.98,44.297],[4.987,44.293],[4.99,44.309],[4.998,44.318],[4.997,44.32],[5.014,44.326],[5.01,44.328],[5.009,44.334],[5.023,44.346],[5.024,44.361],[5.037,44.364],[5.043,44.362],[5.055,44.365],[5.058,44.37],[5.068,44.374],[5.072,44.38],[5.071,44.383],[5.066,44.382],[5.063,44.384],[5.048,44.381],[5.043,44.387],[5.035,44.391],[5.016,44.393],[5.013,44.405],[5.02,44.41],[5.019,44.416],[5.012,44.416],[5.01,44.411],[5.001,44.413],[4.989,44.423],[4.979,44.423],[4.977,44.429],[4.97,44.431],[4.96,44.42],[4.952,44.42],[4.946,44.415],[4.919,44.408],[4.91,44.397],[4.912,44.388],[4.909,44.377],[4.9,44.37],[4.895,44.369],[4.893,44.365]]],[[[4.649,44.27],[4.654,44.297],[4.649,44.312],[4.651,44.33],[4.67,44.323],[4.675,44.324],[4.679,44.32],[4.713,44.321],[4.714,44.326],[4.718,44.327],[4.762,44.325],[4.772,44.317],[4.78,44.319],[4.787,44.314],[4.791,44.308],[4.805,44.304],[4.803,44.28],[4.807,44.273],[4.804,44.269],[4.813,44.258],[4.814,44.232],[4.827,44.228],[4.838,44.236],[4.841,44.236],[4.844,44.242],[4.846,44.241],[4.859,44.249],[4.866,44.25],[4.867,44.256],[4.879,44.261],[4.901,44.264],[4.896,44.258],[4.899,44.257],[4.902,44.26],[4.933,44.262],[4.943,44.269],[4.981,44.285],[5.006,44.287],[5.022,44.296],[5.045,44.301],[5.061,44.308],[5.068,44.3],[5.071,44.289],[5.077,44.284],[5.094,44.283],[5.108,44.277],[5.108,44.281],[5.119,44.287],[5.15,44.302],[5.155,44.302],[5.151,44.31],[5.168,44.315],[5.174,44.308],[5.169,44.301],[5.168,44.29],[5.15,44.282],[5.147,44.276],[5.149,44.269],[5.161,44.267],[5.162,44.246],[5.149,44.235],[5.155,44.233],[5.158,44.229],[5.161,44.23],[5.166,44.225],[5.182,44.219],[5.189,44.22],[5.207,44.214],[5.225,44.215],[5.231,44.212],[5.238,44.213],[5.24,44.231],[5.252,44.231],[5.292,44.214],[5.303,44.205],[5.303,44.21],[5.318,44.21],[5.337,44.204],[5.355,44.215],[5.385,44.201],[5.381,44.196],[5.387,44.182],[5.384,44.173],[5.383,44.155],[5.397,44.152],[5.417,44.155],[5.424,44.149],[5.436,44.152],[5.437,44.14],[5.448,44.137],[5.451,44.122],[5.461,44.118],[5.499,44.116],[5.497,44.102],[5.5,44.1],[5.5,44.093],[5.498,44.075],[5.503,44.063],[5.545,44.068],[5.542,44.063],[5.545,44.05],[5.544,44.026],[5.536,44.013],[5.527,44.006],[5.524,43.996],[5.518,43.992],[5.508,43.958],[5.509,43.952],[5.513,43.945],[5.521,43.945],[5.527,43.948],[5.545,43.939],[5.56,43.943],[5.569,43.942],[5.568,43.937],[5.581,43.925],[5.582,43.915],[5.594,43.917],[5.608,43.915],[5.598,43.903],[5.595,43.894],[5.573,43.863],[5.549,43.851],[5.549,43.833],[5.544,43.818],[5.548,43.817],[5.56,43.821],[5.564,43.82],[5.567,43.827],[5.575,43.83],[5.589,43.827],[5.595,43.829],[5.601,43.826],[5.628,43.831],[5.654,43.825],[5.658,43.817],[5.674,43.807],[5.686,43.787],[5.701,43.784],[5.705,43.78],[5.714,43.781],[5.717,43.756],[5.746,43.743],[5.757,43.729],[5.754,43.725],[5.737,43.716],[5.714,43.691],[5.705,43.69],[5.674,43.694],[5.658,43.686],[5.642,43.672],[5.614,43.664],[5.607,43.659],[5.575,43.662],[5.531,43.659],[5.438,43.682],[5.341,43.72],[5.316,43.736],[5.275,43.741],[5.256,43.747],[5.23,43.748],[5.188,43.735],[5.173,43.739],[5.05,43.789],[5.045,43.793],[5.041,43.811],[5.03,43.828],[4.996,43.846],[4.975,43.866],[4.966,43.872],[4.926,43.886],[4.902,43.888],[4.885,43.9],[4.853,43.911],[4.822,43.913],[4.739,43.924],[4.75,43.932],[4.769,43.934],[4.779,43.938],[4.793,43.954],[4.812,43.962],[4.815,43.968],[4.81,43.977],[4.812,43.988],[4.842,43.986],[4.846,43.997],[4.843,44.01],[4.838,44.015],[4.821,44.016],[4.818,44.019],[4.816,44.032],[4.788,44.054],[4.788,44.065],[4.76,44.075],[4.758,44.077],[4.761,44.079],[4.761,44.086],[4.758,44.088],[4.749,44.087],[4.73,44.079],[4.721,44.082],[4.719,44.093],[4.706,44.108],[4.711,44.118],[4.712,44.135],[4.719,44.145],[4.716,44.177],[4.72,44.177],[4.722,44.187],[4.706,44.193],[4.704,44.201],[4.71,44.208],[4.707,44.214],[4.694,44.215],[4.68,44.212],[4.674,44.214],[4.673,44.218],[4.678,44.229],[4.678,44.234],[4.654,44.254],[4.649,44.264],[4.649,44.27]]]]}},{"type":"Feature","properties":{"code":"85","nom":"Vendée"},"geometry":{"type":"MultiPolygon","coordinates":[[[[-2.305,46.709],[-2.287,46.696],[-2.282,46.691],[-2.284,46.688],[-2.289,46.693],[-2.3,46.692],[-2.312,46.696],[-2.315,46.695],[-2.316,46.691],[-2.324,46.691],[-2.331,46.687],[-2.34,46.69],[-2.343,46.694],[-2.352,46.692],[-2.358,46.695],[-2.364,46.695],[-2.369,46.702],[-2.373,46.703],[-2.376,46.703],[-2.379,46.699],[-2.383,46.7],[-2.379,46.705],[-2.393,46.71],[-2.399,46.716],[-2.4,46.726],[-2.388,46.727],[-2.382,46.733],[-2.374,46.734],[-2.354,46.728],[-2.345,46.728],[-2.338,46.719],[-2.318,46.72],[-2.305,46.709]]],[[[-1.149,47.03],[-1.143,47.025],[-1.118,47.021],[-1.111,47.016],[-1.096,47.014],[-1.092,47.016],[-1.074,47.008],[-1.067,47.013],[-1.064,47.009],[-1.06,47.009],[-1.055,47.004],[-1.048,47.007],[-1.043,47.004],[-1.039,47.006],[-1.037,47.004],[-1.015,47.005],[-1.002,47.021],[-0.982,47.011],[-0.982,47.018],[-0.976,47.018],[-0.973,47.013],[-0.975,47.009],[-0.969,47.008],[-0.966,47.006],[-0.968,47.004],[-0.964,47.003],[-0.964,46.997],[-0.961,46.995],[-0.955,46.996],[-0.955,47],[-0.951,47.003],[-0.948,47.003],[-0.946,46.999],[-0.942,47.004],[-0.937,47.003],[-0.936,47.007],[-0.929,47.008],[-0.928,47.005],[-0.934,47.004],[-0.933,47.002],[-0.925,47],[-0.924,47.003],[-0.921,47.003],[-0.915,47.001],[-0.921,46.998],[-0.914,46.995],[-0.915,46.992],[-0.904,46.995],[-0.897,46.99],[-0.899,46.988],[-0.894,46.984],[-0.897,46.981],[-0.892,46.976],[-0.896,46.975],[-0.898,46.971],[-0.902,46.971],[-0.901,46.969],[-0.903,46.968],[-0.894,46.969],[-0.892,46.966],[-0.889,46.967],[-0.893,46.969],[-0.89,46.971],[-0.877,46.969],[-0.883,46.962],[-0.879,46.956],[-0.872,46.958],[-0.867,46.963],[-0.864,46.962],[-0.869,46.957],[-0.863,46.957],[-0.866,46.952],[-0.861,46.949],[-0.867,46.948],[-0.867,46.951],[-0.875,46.954],[-0.884,46.951],[-0.879,46.945],[-0.849,46.946],[-0.848,46.944],[-0.854,46.938],[-0.86,46.937],[-0.858,46.934],[-0.848,46.941],[-0.841,46.936],[-0.841,46.933],[-0.846,46.932],[-0.841,46.929],[-0.829,46.933],[-0.827,46.925],[-0.821,46.918],[-0.807,46.92],[-0.821,46.911],[-0.817,46.904],[-0.83,46.888],[-0.829,46.883],[-0.816,46.881],[-0.808,46.869],[-0.787,46.853],[-0.783,46.848],[-0.783,46.844],[-0.773,46.84],[-0.767,46.834],[-0.738,46.829],[-0.733,46.822],[-0.71,46.822],[-0.707,46.819],[-0.708,46.816],[-0.699,46.811],[-0.718,46.801],[-0.717,46.792],[-0.727,46.782],[-0.724,46.777],[-0.727,46.766],[-0.72,46.764],[-0.72,46.756],[-0.716,46.752],[-0.704,46.749],[-0.698,46.752],[-0.694,46.744],[-0.703,46.735],[-0.696,46.737],[-0.694,46.735],[-0.696,46.735],[-0.696,46.73],[-0.692,46.733],[-0.687,46.73],[-0.688,46.726],[-0.685,46.73],[-0.678,46.726],[-0.663,46.71],[-0.664,46.706],[-0.656,46.701],[-0.681,46.687],[-0.651,46.673],[-0.642,46.664],[-0.637,46.663],[-0.649,46.656],[-0.649,46.645],[-0.659,46.64],[-0.659,46.636],[-0.634,46.637],[-0.623,46.633],[-0.625,46.63],[-0.614,46.622],[-0.626,46.605],[-0.618,46.598],[-0.614,46.599],[-0.614,46.595],[-0.621,46.593],[-0.612,46.588],[-0.615,46.582],[-0.625,46.578],[-0.624,46.575],[-0.618,46.572],[-0.62,46.565],[-0.615,46.561],[-0.611,46.564],[-0.607,46.564],[-0.606,46.557],[-0.608,46.551],[-0.602,46.548],[-0.605,46.546],[-0.602,46.533],[-0.609,46.526],[-0.612,46.53],[-0.616,46.526],[-0.622,46.53],[-0.642,46.525],[-0.644,46.522],[-0.638,46.522],[-0.637,46.519],[-0.64,46.513],[-0.646,46.511],[-0.625,46.497],[-0.625,46.485],[-0.631,46.479],[-0.619,46.476],[-0.616,46.462],[-0.608,46.455],[-0.614,46.449],[-0.619,46.455],[-0.617,46.445],[-0.619,46.439],[-0.637,46.432],[-0.635,46.429],[-0.641,46.416],[-0.639,46.41],[-0.629,46.404],[-0.641,46.397],[-0.621,46.39],[-0.61,46.414],[-0.602,46.413],[-0.582,46.402],[-0.572,46.401],[-0.572,46.396],[-0.566,46.393],[-0.551,46.393],[-0.538,46.386],[-0.562,46.36],[-0.577,46.355],[-0.603,46.361],[-0.607,46.355],[-0.603,46.354],[-0.605,46.347],[-0.622,46.338],[-0.637,46.338],[-0.639,46.329],[-0.636,46.328],[-0.636,46.325],[-0.648,46.317],[-0.672,46.316],[-0.697,46.325],[-0.708,46.318],[-0.72,46.315],[-0.723,46.31],[-0.716,46.306],[-0.722,46.302],[-0.734,46.305],[-0.75,46.304],[-0.758,46.311],[-0.769,46.312],[-0.775,46.318],[-0.785,46.319],[-0.794,46.325],[-0.803,46.325],[-0.807,46.333],[-0.797,46.339],[-0.8,46.342],[-0.823,46.336],[-0.831,46.342],[-0.84,46.34],[-0.849,46.333],[-0.845,46.325],[-0.852,46.317],[-0.863,46.319],[-0.86,46.325],[-0.865,46.327],[-0.87,46.322],[-0.887,46.327],[-0.893,46.323],[-0.894,46.317],[-0.911,46.313],[-0.915,46.316],[-0.921,46.312],[-0.926,46.316],[-0.931,46.31],[-0.943,46.318],[-0.963,46.323],[-0.943,46.337],[-0.939,46.352],[-0.927,46.371],[-0.93,46.372],[-0.937,46.366],[-0.942,46.368],[-0.951,46.36],[-0.965,46.365],[-0.975,46.351],[-0.995,46.35],[-1,46.355],[-1.013,46.349],[-1.014,46.356],[-1.053,46.343],[-1.053,46.349],[-1.073,46.327],[-1.081,46.323],[-1.075,46.32],[-1.075,46.318],[-1.091,46.317],[-1.098,46.312],[-1.102,46.316],[-1.105,46.315],[-1.116,46.317],[-1.116,46.322],[-1.121,46.324],[-1.124,46.322],[-1.123,46.316],[-1.129,46.31],[-1.14,46.311],[-1.165,46.324],[-1.167,46.32],[-1.203,46.316],[-1.196,46.3],[-1.207,46.288],[-1.208,46.278],[-1.203,46.268],[-1.207,46.267],[-1.231,46.277],[-1.248,46.29],[-1.282,46.31],[-1.296,46.324],[-1.306,46.319],[-1.299,46.31],[-1.298,46.304],[-1.294,46.303],[-1.296,46.297],[-1.287,46.294],[-1.293,46.291],[-1.287,46.292],[-1.288,46.289],[-1.272,46.289],[-1.278,46.287],[-1.294,46.289],[-1.309,46.303],[-1.321,46.326],[-1.343,46.343],[-1.37,46.349],[-1.377,46.347],[-1.375,46.344],[-1.384,46.341],[-1.401,46.341],[-1.424,46.347],[-1.438,46.34],[-1.466,46.342],[-1.471,46.346],[-1.478,46.366],[-1.488,46.381],[-1.502,46.397],[-1.515,46.404],[-1.534,46.409],[-1.541,46.409],[-1.551,46.405],[-1.624,46.413],[-1.63,46.418],[-1.648,46.42],[-1.654,46.424],[-1.648,46.426],[-1.649,46.429],[-1.654,46.429],[-1.658,46.434],[-1.668,46.438],[-1.689,46.443],[-1.711,46.451],[-1.714,46.459],[-1.725,46.459],[-1.733,46.466],[-1.755,46.474],[-1.77,46.489],[-1.777,46.493],[-1.791,46.495],[-1.8,46.489],[-1.812,46.493],[-1.824,46.532],[-1.857,46.61],[-1.872,46.619],[-1.876,46.628],[-1.898,46.64],[-1.908,46.652],[-1.912,46.661],[-1.943,46.693],[-1.951,46.696],[-1.966,46.692],[-1.979,46.705],[-1.98,46.717],[-1.998,46.732],[-2.062,46.777],[-2.125,46.808],[-2.141,46.818],[-2.143,46.823],[-2.147,46.863],[-2.155,46.883],[-2.155,46.89],[-2.14,46.892],[-2.122,46.891],[-2.113,46.896],[-2.11,46.899],[-2.119,46.901],[-2.118,46.908],[-2.091,46.93],[-2.079,46.934],[-2.082,46.938],[-2.076,46.94],[-2.071,46.936],[-2.075,46.94],[-2.058,46.951],[-2.045,46.968],[-2.046,46.978],[-2.037,46.991],[-2.033,46.992],[-2.038,46.998],[-2.032,46.999],[-2.029,47.01],[-2.011,47.017],[-1.999,47.018],[-1.98,47.029],[-1.967,47.026],[-1.943,46.995],[-1.935,46.996],[-1.928,46.992],[-1.917,46.992],[-1.915,46.989],[-1.919,46.988],[-1.916,46.982],[-1.919,46.98],[-1.912,46.979],[-1.917,46.975],[-1.911,46.969],[-1.906,46.971],[-1.899,46.962],[-1.89,46.957],[-1.866,46.952],[-1.865,46.955],[-1.828,46.953],[-1.825,46.947],[-1.826,46.938],[-1.832,46.932],[-1.801,46.931],[-1.799,46.927],[-1.786,46.93],[-1.778,46.925],[-1.75,46.93],[-1.745,46.928],[-1.747,46.924],[-1.742,46.921],[-1.746,46.917],[-1.739,46.915],[-1.735,46.91],[-1.739,46.905],[-1.736,46.901],[-1.736,46.894],[-1.731,46.888],[-1.723,46.884],[-1.688,46.891],[-1.682,46.884],[-1.668,46.876],[-1.658,46.878],[-1.632,46.878],[-1.627,46.874],[-1.618,46.875],[-1.609,46.871],[-1.605,46.875],[-1.6,46.871],[-1.576,46.864],[-1.553,46.863],[-1.549,46.86],[-1.545,46.864],[-1.549,46.867],[-1.546,46.875],[-1.539,46.876],[-1.527,46.873],[-1.514,46.88],[-1.502,46.881],[-1.501,46.884],[-1.505,46.887],[-1.503,46.894],[-1.512,46.895],[-1.514,46.901],[-1.529,46.907],[-1.531,46.908],[-1.53,46.912],[-1.538,46.916],[-1.536,46.918],[-1.538,46.921],[-1.546,46.926],[-1.529,46.923],[-1.519,46.935],[-1.52,46.941],[-1.525,46.942],[-1.525,46.946],[-1.534,46.945],[-1.534,46.951],[-1.544,46.957],[-1.543,46.965],[-1.548,46.97],[-1.548,46.974],[-1.555,46.979],[-1.552,46.989],[-1.543,47.003],[-1.556,47.014],[-1.55,47.019],[-1.54,47.017],[-1.539,47.023],[-1.526,47.023],[-1.517,47.026],[-1.505,47.039],[-1.493,47.042],[-1.485,47.04],[-1.473,47.031],[-1.476,47.029],[-1.476,47.026],[-1.469,47.002],[-1.46,46.993],[-1.464,46.989],[-1.474,46.988],[-1.477,46.981],[-1.473,46.978],[-1.472,46.968],[-1.461,46.962],[-1.457,46.955],[-1.467,46.945],[-1.467,46.938],[-1.472,46.933],[-1.458,46.926],[-1.448,46.928],[-1.443,46.933],[-1.413,46.945],[-1.392,46.947],[-1.377,46.955],[-1.373,46.952],[-1.365,46.957],[-1.364,46.959],[-1.369,46.964],[-1.365,46.97],[-1.358,46.971],[-1.361,46.975],[-1.359,46.981],[-1.362,46.984],[-1.374,46.987],[-1.378,46.992],[-1.37,46.996],[-1.368,47.001],[-1.363,47.005],[-1.367,47.02],[-1.379,47.031],[-1.368,47.035],[-1.366,47.042],[-1.347,47.038],[-1.341,47.04],[-1.346,47.046],[-1.336,47.044],[-1.332,47.039],[-1.32,47.034],[-1.299,47.035],[-1.295,47.039],[-1.297,47.04],[-1.296,47.043],[-1.305,47.041],[-1.297,47.045],[-1.298,47.051],[-1.288,47.057],[-1.286,47.064],[-1.291,47.065],[-1.291,47.068],[-1.288,47.076],[-1.28,47.076],[-1.271,47.085],[-1.26,47.079],[-1.261,47.076],[-1.252,47.074],[-1.247,47.067],[-1.242,47.069],[-1.231,47.065],[-1.219,47.054],[-1.21,47.051],[-1.207,47.046],[-1.202,47.046],[-1.201,47.04],[-1.164,47.032],[-1.158,47.034],[-1.149,47.03]]],[[[-2.198,46.951],[-2.223,46.965],[-2.242,46.965],[-2.253,46.959],[-2.264,46.961],[-2.281,46.979],[-2.302,46.991],[-2.302,46.998],[-2.292,47.011],[-2.308,47.025],[-2.287,47.025],[-2.277,47.029],[-2.254,47.028],[-2.245,47.019],[-2.226,47.017],[-2.218,47.008],[-2.22,47.003],[-2.219,46.992],[-2.223,46.99],[-2.239,46.998],[-2.24,46.996],[-2.235,46.995],[-2.234,46.989],[-2.232,46.989],[-2.236,46.986],[-2.236,46.98],[-2.231,46.973],[-2.226,46.976],[-2.157,46.95],[-2.147,46.934],[-2.153,46.932],[-2.147,46.924],[-2.151,46.917],[-2.148,46.914],[-2.153,46.907],[-2.148,46.895],[-2.155,46.895],[-2.167,46.905],[-2.177,46.932],[-2.198,46.951]]]]}},{"type":"Feature","properties":{"code":"86","nom":"Vienne"},"geometry":{"type":"Polygon","coordinates":[[[-0.102,47.065],[-0.105,47.071],[-0.102,47.072],[-0.103,47.077],[-0.1,47.079],[-0.101,47.086],[-0.095,47.095],[-0.086,47.101],[-0.067,47.099],[-0.069,47.094],[-0.067,47.093],[-0.042,47.094],[-0.041,47.087],[-0.036,47.086],[-0.029,47.095],[-0.027,47.106],[-0.039,47.108],[-0.041,47.114],[-0.035,47.12],[-0.036,47.125],[-0.019,47.148],[-0.004,47.162],[0.019,47.176],[0.037,47.16],[0.049,47.169],[0.054,47.164],[0.054,47.161],[0.062,47.155],[0.066,47.143],[0.078,47.146],[0.082,47.136],[0.076,47.124],[0.08,47.123],[0.081,47.119],[0.09,47.122],[0.105,47.121],[0.107,47.129],[0.111,47.13],[0.123,47.129],[0.127,47.12],[0.14,47.124],[0.133,47.115],[0.135,47.108],[0.163,47.101],[0.166,47.107],[0.183,47.114],[0.187,47.101],[0.201,47.091],[0.174,47.071],[0.176,47.061],[0.189,47.061],[0.192,47.065],[0.208,47.053],[0.228,47.06],[0.233,47.064],[0.235,47.069],[0.239,47.068],[0.246,47.071],[0.268,47.068],[0.26,47.056],[0.265,47.055],[0.267,47.049],[0.264,47.046],[0.268,47.043],[0.272,47.046],[0.286,47.048],[0.293,47.053],[0.305,47.053],[0.309,47.044],[0.306,47.038],[0.31,47.026],[0.299,47.02],[0.307,47.011],[0.305,47.003],[0.313,46.998],[0.305,46.995],[0.304,46.991],[0.292,46.989],[0.298,46.984],[0.306,46.986],[0.303,46.982],[0.308,46.977],[0.298,46.971],[0.308,46.963],[0.301,46.956],[0.306,46.954],[0.311,46.938],[0.324,46.931],[0.349,46.937],[0.361,46.948],[0.367,46.95],[0.405,46.936],[0.419,46.937],[0.439,46.93],[0.445,46.941],[0.501,46.956],[0.505,46.96],[0.513,46.956],[0.522,46.958],[0.528,46.956],[0.543,46.96],[0.564,46.956],[0.6,46.957],[0.601,46.973],[0.574,46.983],[0.574,46.993],[0.567,47],[0.568,47.006],[0.576,47.005],[0.619,47.007],[0.624,47.004],[0.622,46.996],[0.633,46.987],[0.648,46.988],[0.656,46.985],[0.662,46.978],[0.693,46.974],[0.696,46.957],[0.702,46.95],[0.706,46.936],[0.703,46.926],[0.709,46.918],[0.705,46.912],[0.704,46.903],[0.727,46.887],[0.734,46.876],[0.747,46.869],[0.754,46.86],[0.765,46.865],[0.77,46.865],[0.772,46.862],[0.766,46.856],[0.767,46.851],[0.79,46.852],[0.796,46.849],[0.796,46.847],[0.787,46.844],[0.787,46.84],[0.795,46.833],[0.805,46.831],[0.809,46.828],[0.81,46.809],[0.817,46.803],[0.812,46.796],[0.815,46.789],[0.828,46.787],[0.828,46.777],[0.848,46.761],[0.859,46.76],[0.86,46.755],[0.867,46.748],[0.877,46.743],[0.879,46.739],[0.902,46.736],[0.903,46.731],[0.913,46.726],[0.908,46.719],[0.914,46.716],[0.914,46.71],[0.928,46.695],[0.928,46.693],[0.919,46.691],[0.902,46.679],[0.911,46.677],[0.912,46.673],[0.907,46.666],[0.918,46.651],[0.906,46.649],[0.908,46.644],[0.894,46.629],[0.894,46.626],[0.906,46.619],[0.905,46.614],[0.908,46.614],[0.907,46.608],[0.911,46.602],[0.922,46.595],[0.938,46.594],[0.935,46.586],[0.941,46.581],[0.957,46.578],[0.964,46.571],[0.974,46.575],[0.982,46.573],[0.986,46.57],[0.984,46.567],[0.987,46.566],[1.015,46.568],[1.019,46.564],[1.025,46.549],[1.02,46.541],[1.023,46.536],[1.051,46.536],[1.066,46.54],[1.078,46.535],[1.091,46.538],[1.108,46.532],[1.146,46.506],[1.149,46.502],[1.141,46.497],[1.133,46.498],[1.142,46.484],[1.157,46.469],[1.136,46.471],[1.152,46.449],[1.186,46.441],[1.183,46.429],[1.186,46.428],[1.201,46.431],[1.204,46.435],[1.213,46.432],[1.206,46.422],[1.193,46.41],[1.192,46.405],[1.197,46.401],[1.177,46.384],[1.157,46.389],[1.147,46.376],[1.151,46.37],[1.141,46.365],[1.128,46.364],[1.129,46.347],[1.107,46.354],[1.101,46.364],[1.078,46.358],[1.067,46.362],[1.05,46.363],[1.05,46.357],[1.026,46.341],[1.026,46.338],[1.03,46.336],[1.025,46.328],[1.028,46.323],[1.021,46.316],[1.022,46.31],[1.012,46.31],[1.007,46.303],[1.013,46.299],[1.01,46.295],[1.006,46.296],[1.002,46.292],[1.008,46.286],[1.006,46.281],[0.991,46.285],[0.988,46.28],[0.973,46.286],[0.951,46.285],[0.947,46.29],[0.936,46.293],[0.933,46.288],[0.934,46.281],[0.93,46.281],[0.909,46.284],[0.899,46.289],[0.902,46.284],[0.891,46.269],[0.862,46.262],[0.864,46.259],[0.857,46.248],[0.848,46.248],[0.85,46.246],[0.841,46.24],[0.852,46.236],[0.848,46.229],[0.81,46.23],[0.807,46.227],[0.803,46.219],[0.794,46.212],[0.801,46.212],[0.802,46.2],[0.811,46.199],[0.815,46.197],[0.814,46.195],[0.82,46.192],[0.82,46.185],[0.823,46.183],[0.83,46.185],[0.836,46.179],[0.835,46.176],[0.828,46.175],[0.831,46.167],[0.84,46.164],[0.831,46.163],[0.833,46.157],[0.831,46.154],[0.835,46.148],[0.833,46.146],[0.847,46.138],[0.845,46.134],[0.836,46.131],[0.835,46.128],[0.823,46.129],[0.812,46.135],[0.812,46.138],[0.804,46.137],[0.801,46.131],[0.789,46.133],[0.787,46.129],[0.781,46.134],[0.774,46.132],[0.77,46.134],[0.761,46.132],[0.762,46.135],[0.758,46.138],[0.751,46.137],[0.744,46.14],[0.738,46.136],[0.728,46.135],[0.713,46.14],[0.711,46.13],[0.688,46.123],[0.675,46.112],[0.684,46.105],[0.687,46.097],[0.652,46.096],[0.635,46.091],[0.617,46.093],[0.615,46.089],[0.609,46.09],[0.609,46.086],[0.605,46.085],[0.61,46.077],[0.601,46.076],[0.596,46.073],[0.594,46.081],[0.575,46.08],[0.564,46.09],[0.554,46.091],[0.54,46.086],[0.538,46.095],[0.523,46.107],[0.521,46.114],[0.515,46.117],[0.508,46.116],[0.499,46.122],[0.504,46.123],[0.509,46.132],[0.493,46.136],[0.488,46.128],[0.471,46.129],[0.462,46.11],[0.455,46.107],[0.452,46.108],[0.453,46.106],[0.443,46.102],[0.45,46.097],[0.445,46.091],[0.448,46.085],[0.464,46.089],[0.478,46.085],[0.472,46.073],[0.481,46.065],[0.469,46.068],[0.469,46.062],[0.456,46.054],[0.442,46.05],[0.432,46.052],[0.425,46.048],[0.413,46.049],[0.403,46.063],[0.389,46.068],[0.379,46.062],[0.36,46.067],[0.355,46.064],[0.334,46.064],[0.329,46.067],[0.326,46.061],[0.314,46.065],[0.31,46.061],[0.299,46.059],[0.278,46.061],[0.273,46.063],[0.276,46.067],[0.261,46.072],[0.257,46.08],[0.24,46.081],[0.22,46.094],[0.199,46.097],[0.197,46.096],[0.193,46.099],[0.188,46.111],[0.203,46.12],[0.205,46.125],[0.197,46.127],[0.197,46.129],[0.204,46.13],[0.206,46.135],[0.216,46.139],[0.217,46.155],[0.22,46.155],[0.22,46.158],[0.195,46.16],[0.19,46.15],[0.18,46.149],[0.173,46.151],[0.172,46.156],[0.155,46.157],[0.154,46.165],[0.148,46.166],[0.149,46.172],[0.142,46.173],[0.142,46.178],[0.139,46.181],[0.108,46.186],[0.113,46.195],[0.111,46.204],[0.113,46.212],[0.118,46.212],[0.119,46.217],[0.126,46.221],[0.13,46.227],[0.137,46.225],[0.144,46.229],[0.129,46.267],[0.16,46.267],[0.168,46.27],[0.172,46.279],[0.168,46.281],[0.171,46.284],[0.155,46.297],[0.157,46.302],[0.152,46.303],[0.158,46.308],[0.163,46.305],[0.169,46.307],[0.165,46.318],[0.174,46.325],[0.177,46.33],[0.154,46.345],[0.138,46.349],[0.124,46.348],[0.121,46.343],[0.098,46.331],[0.094,46.324],[0.098,46.321],[0.085,46.314],[0.085,46.309],[0.078,46.305],[0.055,46.316],[0.05,46.322],[0.038,46.324],[0.031,46.33],[0.015,46.326],[0.021,46.335],[0.021,46.342],[0.025,46.345],[0.037,46.346],[0.014,46.353],[0.014,46.357],[0.034,46.374],[0.023,46.377],[0.023,46.382],[0.019,46.387],[0.021,46.388],[0.015,46.392],[0.002,46.392],[-0.008,46.389],[-0.005,46.396],[-0.012,46.395],[-0.012,46.399],[-0.008,46.404],[-0.023,46.401],[-0.017,46.413],[-0.02,46.42],[-0.014,46.424],[-0.011,46.423],[-0.015,46.436],[-0.01,46.45],[-0.019,46.453],[-0.01,46.468],[-0.016,46.475],[-0.042,46.47],[-0.043,46.481],[-0.038,46.481],[-0.047,46.483],[-0.036,46.487],[-0.03,46.486],[-0.031,46.49],[-0.041,46.493],[-0.037,46.498],[-0.039,46.501],[-0.035,46.501],[-0.03,46.51],[-0.034,46.516],[-0.03,46.518],[-0.031,46.525],[-0.026,46.525],[-0.024,46.522],[-0.023,46.525],[-0.017,46.525],[-0.018,46.527],[-0.007,46.523],[-0.002,46.533],[0.006,46.542],[0.008,46.548],[-0.011,46.553],[-0.007,46.569],[0.02,46.585],[0.033,46.586],[0.043,46.591],[0.023,46.595],[0.026,46.604],[0.021,46.61],[0.023,46.615],[0.004,46.611],[-0.003,46.615],[-0.013,46.615],[-0.007,46.622],[-0.007,46.626],[0,46.633],[0.001,46.643],[-0.005,46.645],[-0.019,46.639],[-0.025,46.629],[-0.047,46.624],[-0.066,46.623],[-0.068,46.63],[-0.054,46.643],[-0.032,46.652],[-0.036,46.659],[-0.032,46.661],[-0.04,46.664],[-0.007,46.683],[-0.021,46.693],[0.003,46.7],[0.004,46.706],[0,46.708],[0.003,46.711],[-0.002,46.716],[0.026,46.729],[0.037,46.729],[0.038,46.732],[0.033,46.738],[0.027,46.738],[-0.001,46.762],[-0.013,46.754],[-0.018,46.758],[-0.018,46.762],[-0.023,46.769],[-0.018,46.772],[-0.022,46.776],[-0.017,46.778],[-0.017,46.781],[-0.026,46.789],[-0.019,46.79],[-0.006,46.803],[0.006,46.809],[0.008,46.814],[0.001,46.815],[-0.007,46.822],[-0.02,46.813],[-0.031,46.82],[-0.04,46.819],[-0.044,46.822],[-0.05,46.821],[-0.044,46.824],[-0.046,46.832],[-0.034,46.832],[-0.03,46.839],[-0.023,46.843],[-0.017,46.842],[-0.012,46.848],[0.006,46.844],[0.017,46.835],[0.034,46.854],[0.026,46.853],[0.01,46.858],[-0.003,46.865],[-0.005,46.87],[-0.026,46.875],[-0.03,46.871],[-0.036,46.875],[-0.026,46.881],[-0.027,46.884],[-0.023,46.888],[-0.023,46.896],[-0.017,46.899],[-0.009,46.907],[-0.022,46.938],[-0.03,46.941],[-0.033,46.951],[-0.045,46.959],[-0.046,46.967],[-0.034,46.977],[-0.034,46.983],[-0.039,46.99],[-0.051,46.991],[-0.058,46.995],[-0.071,46.993],[-0.086,46.985],[-0.085,46.989],[-0.094,47.013],[-0.085,47.012],[-0.079,47.007],[-0.077,47.009],[-0.088,47.023],[-0.093,47.045],[-0.102,47.065]]]}},{"type":"Feature","properties":{"code":"87","nom":"Haute-Vienne"},"geometry":{"type":"Polygon","coordinates":[[[0.823,46.129],[0.835,46.128],[0.836,46.131],[0.845,46.134],[0.847,46.138],[0.833,46.146],[0.835,46.148],[0.831,46.154],[0.833,46.157],[0.831,46.163],[0.84,46.164],[0.831,46.167],[0.828,46.175],[0.835,46.176],[0.836,46.179],[0.83,46.185],[0.823,46.183],[0.82,46.185],[0.82,46.192],[0.814,46.195],[0.815,46.197],[0.811,46.199],[0.802,46.2],[0.801,46.212],[0.794,46.212],[0.803,46.219],[0.807,46.227],[0.81,46.23],[0.848,46.229],[0.852,46.236],[0.841,46.24],[0.85,46.246],[0.848,46.248],[0.857,46.248],[0.864,46.259],[0.862,46.262],[0.891,46.269],[0.902,46.284],[0.899,46.289],[0.909,46.284],[0.93,46.281],[0.934,46.281],[0.933,46.288],[0.936,46.293],[0.947,46.29],[0.951,46.285],[0.973,46.286],[0.988,46.28],[0.991,46.285],[1.006,46.281],[1.008,46.286],[1.002,46.292],[1.006,46.296],[1.01,46.295],[1.013,46.299],[1.007,46.303],[1.012,46.31],[1.022,46.31],[1.021,46.316],[1.028,46.323],[1.025,46.328],[1.03,46.336],[1.026,46.338],[1.026,46.341],[1.05,46.357],[1.05,46.363],[1.067,46.362],[1.078,46.358],[1.101,46.364],[1.107,46.354],[1.129,46.347],[1.128,46.364],[1.141,46.365],[1.151,46.37],[1.147,46.376],[1.157,46.389],[1.177,46.384],[1.182,46.376],[1.192,46.377],[1.192,46.38],[1.21,46.39],[1.215,46.387],[1.216,46.383],[1.212,46.379],[1.216,46.367],[1.22,46.366],[1.224,46.369],[1.225,46.367],[1.238,46.366],[1.251,46.377],[1.26,46.379],[1.28,46.376],[1.284,46.372],[1.292,46.375],[1.303,46.371],[1.315,46.374],[1.308,46.379],[1.311,46.384],[1.32,46.382],[1.323,46.385],[1.319,46.393],[1.313,46.393],[1.314,46.395],[1.327,46.396],[1.344,46.402],[1.348,46.399],[1.356,46.4],[1.378,46.383],[1.384,46.375],[1.392,46.371],[1.397,46.372],[1.395,46.368],[1.401,46.367],[1.409,46.361],[1.411,46.35],[1.415,46.347],[1.41,46.342],[1.421,46.34],[1.424,46.336],[1.43,46.334],[1.443,46.336],[1.447,46.332],[1.446,46.327],[1.44,46.326],[1.437,46.321],[1.44,46.319],[1.437,46.312],[1.445,46.305],[1.44,46.3],[1.427,46.299],[1.421,46.284],[1.414,46.28],[1.42,46.277],[1.431,46.278],[1.435,46.272],[1.426,46.266],[1.415,46.271],[1.411,46.264],[1.406,46.264],[1.404,46.26],[1.406,46.26],[1.406,46.253],[1.416,46.255],[1.414,46.25],[1.421,46.249],[1.418,46.241],[1.397,46.24],[1.394,46.233],[1.392,46.234],[1.385,46.226],[1.382,46.227],[1.378,46.223],[1.38,46.219],[1.373,46.216],[1.379,46.211],[1.384,46.212],[1.381,46.208],[1.386,46.206],[1.385,46.199],[1.395,46.199],[1.394,46.19],[1.398,46.188],[1.397,46.186],[1.414,46.182],[1.412,46.178],[1.417,46.176],[1.433,46.18],[1.434,46.175],[1.437,46.174],[1.453,46.181],[1.462,46.178],[1.457,46.177],[1.456,46.173],[1.463,46.166],[1.466,46.167],[1.465,46.16],[1.46,46.16],[1.451,46.153],[1.457,46.153],[1.46,46.149],[1.468,46.152],[1.473,46.15],[1.485,46.135],[1.49,46.141],[1.497,46.143],[1.493,46.134],[1.496,46.131],[1.503,46.131],[1.507,46.122],[1.499,46.116],[1.491,46.12],[1.491,46.112],[1.484,46.105],[1.498,46.106],[1.502,46.101],[1.499,46.097],[1.505,46.088],[1.514,46.09],[1.511,46.091],[1.513,46.094],[1.526,46.089],[1.53,46.091],[1.524,46.087],[1.527,46.078],[1.539,46.08],[1.543,46.077],[1.541,46.067],[1.535,46.065],[1.532,46.057],[1.537,46.053],[1.537,46.045],[1.548,46.035],[1.543,46.034],[1.536,46.026],[1.535,46.013],[1.532,46.011],[1.534,46.003],[1.538,45.998],[1.544,45.998],[1.544,45.997],[1.551,45.996],[1.552,45.999],[1.558,46],[1.568,45.997],[1.567,45.993],[1.577,45.978],[1.571,45.974],[1.566,45.963],[1.555,45.965],[1.548,45.96],[1.543,45.961],[1.541,45.955],[1.528,45.95],[1.521,45.952],[1.515,45.947],[1.522,45.943],[1.518,45.94],[1.509,45.94],[1.512,45.935],[1.509,45.933],[1.518,45.93],[1.53,45.932],[1.536,45.924],[1.547,45.917],[1.554,45.918],[1.558,45.922],[1.562,45.915],[1.567,45.914],[1.581,45.918],[1.576,45.921],[1.579,45.931],[1.586,45.93],[1.588,45.932],[1.607,45.933],[1.618,45.929],[1.621,45.934],[1.628,45.933],[1.629,45.931],[1.626,45.926],[1.637,45.926],[1.625,45.919],[1.628,45.918],[1.625,45.916],[1.625,45.913],[1.634,45.908],[1.628,45.903],[1.639,45.904],[1.638,45.898],[1.641,45.898],[1.641,45.892],[1.636,45.888],[1.632,45.889],[1.626,45.892],[1.626,45.9],[1.62,45.899],[1.621,45.883],[1.619,45.881],[1.614,45.883],[1.619,45.888],[1.616,45.892],[1.612,45.89],[1.598,45.89],[1.591,45.883],[1.598,45.879],[1.6,45.882],[1.605,45.88],[1.604,45.875],[1.608,45.867],[1.602,45.857],[1.637,45.846],[1.655,45.846],[1.66,45.834],[1.669,45.84],[1.675,45.835],[1.68,45.836],[1.681,45.84],[1.689,45.841],[1.692,45.845],[1.708,45.843],[1.715,45.84],[1.725,45.843],[1.731,45.842],[1.741,45.852],[1.756,45.856],[1.758,45.868],[1.771,45.868],[1.777,45.86],[1.777,45.856],[1.781,45.853],[1.773,45.846],[1.776,45.833],[1.783,45.832],[1.783,45.83],[1.788,45.828],[1.79,45.831],[1.797,45.831],[1.797,45.826],[1.809,45.822],[1.816,45.814],[1.828,45.81],[1.83,45.821],[1.832,45.825],[1.837,45.825],[1.841,45.822],[1.845,45.816],[1.841,45.814],[1.846,45.81],[1.854,45.813],[1.856,45.805],[1.864,45.806],[1.873,45.798],[1.881,45.798],[1.887,45.792],[1.886,45.786],[1.892,45.769],[1.894,45.767],[1.902,45.77],[1.902,45.767],[1.896,45.759],[1.879,45.76],[1.874,45.756],[1.886,45.745],[1.875,45.732],[1.873,45.725],[1.888,45.726],[1.892,45.718],[1.88,45.712],[1.899,45.698],[1.898,45.695],[1.902,45.692],[1.909,45.692],[1.908,45.686],[1.911,45.681],[1.904,45.678],[1.888,45.679],[1.882,45.682],[1.882,45.674],[1.877,45.671],[1.882,45.668],[1.875,45.665],[1.866,45.665],[1.864,45.67],[1.855,45.672],[1.848,45.662],[1.844,45.665],[1.832,45.663],[1.825,45.667],[1.823,45.672],[1.815,45.681],[1.81,45.677],[1.801,45.677],[1.802,45.674],[1.798,45.673],[1.797,45.681],[1.786,45.683],[1.776,45.658],[1.765,45.658],[1.764,45.655],[1.758,45.654],[1.754,45.655],[1.75,45.649],[1.751,45.645],[1.744,45.647],[1.73,45.642],[1.727,45.638],[1.717,45.638],[1.709,45.642],[1.705,45.636],[1.681,45.625],[1.66,45.608],[1.659,45.604],[1.662,45.603],[1.658,45.594],[1.654,45.595],[1.646,45.59],[1.643,45.584],[1.637,45.584],[1.638,45.58],[1.629,45.583],[1.626,45.577],[1.618,45.577],[1.612,45.58],[1.603,45.578],[1.6,45.581],[1.594,45.577],[1.589,45.57],[1.59,45.564],[1.583,45.555],[1.57,45.556],[1.555,45.549],[1.551,45.551],[1.551,45.557],[1.547,45.554],[1.533,45.557],[1.53,45.56],[1.532,45.562],[1.519,45.564],[1.516,45.564],[1.518,45.556],[1.508,45.551],[1.493,45.55],[1.49,45.555],[1.492,45.561],[1.48,45.566],[1.476,45.553],[1.452,45.553],[1.451,45.55],[1.455,45.546],[1.454,45.538],[1.45,45.529],[1.44,45.52],[1.437,45.523],[1.433,45.521],[1.432,45.528],[1.426,45.531],[1.408,45.527],[1.398,45.516],[1.399,45.511],[1.39,45.506],[1.39,45.496],[1.377,45.496],[1.372,45.492],[1.366,45.488],[1.365,45.482],[1.359,45.48],[1.35,45.467],[1.328,45.473],[1.311,45.483],[1.307,45.482],[1.285,45.49],[1.287,45.482],[1.279,45.477],[1.269,45.476],[1.268,45.47],[1.263,45.468],[1.266,45.46],[1.262,45.455],[1.264,45.452],[1.257,45.452],[1.252,45.448],[1.253,45.444],[1.243,45.436],[1.234,45.44],[1.236,45.455],[1.21,45.463],[1.187,45.455],[1.178,45.457],[1.176,45.471],[1.171,45.471],[1.162,45.476],[1.162,45.479],[1.153,45.473],[1.142,45.473],[1.135,45.47],[1.124,45.479],[1.12,45.475],[1.118,45.488],[1.128,45.494],[1.134,45.505],[1.148,45.516],[1.167,45.525],[1.137,45.541],[1.129,45.541],[1.13,45.544],[1.12,45.544],[1.12,45.547],[1.106,45.544],[1.104,45.537],[1.097,45.538],[1.092,45.535],[1.087,45.537],[1.085,45.531],[1.083,45.532],[1.076,45.545],[1.063,45.554],[1.045,45.557],[1.047,45.563],[1.038,45.569],[1.032,45.58],[1.042,45.586],[1.034,45.592],[1.036,45.6],[1.027,45.602],[1.023,45.61],[1.005,45.611],[0.997,45.615],[0.995,45.61],[0.982,45.603],[0.976,45.604],[0.969,45.611],[0.96,45.608],[0.95,45.61],[0.947,45.615],[0.941,45.609],[0.934,45.612],[0.916,45.604],[0.911,45.604],[0.907,45.609],[0.898,45.6],[0.883,45.608],[0.877,45.621],[0.869,45.624],[0.859,45.613],[0.843,45.582],[0.812,45.576],[0.806,45.587],[0.806,45.595],[0.778,45.591],[0.767,45.606],[0.76,45.606],[0.752,45.617],[0.756,45.624],[0.763,45.629],[0.764,45.642],[0.773,45.65],[0.776,45.667],[0.771,45.669],[0.764,45.668],[0.742,45.691],[0.734,45.69],[0.725,45.696],[0.711,45.694],[0.703,45.687],[0.694,45.692],[0.686,45.687],[0.679,45.689],[0.67,45.686],[0.662,45.687],[0.66,45.69],[0.655,45.689],[0.651,45.694],[0.652,45.699],[0.64,45.698],[0.63,45.715],[0.633,45.721],[0.645,45.716],[0.651,45.726],[0.648,45.73],[0.653,45.74],[0.665,45.739],[0.666,45.748],[0.67,45.748],[0.673,45.752],[0.683,45.754],[0.691,45.761],[0.715,45.763],[0.715,45.772],[0.706,45.778],[0.711,45.783],[0.711,45.79],[0.708,45.795],[0.712,45.804],[0.717,45.806],[0.735,45.802],[0.741,45.806],[0.747,45.803],[0.75,45.796],[0.763,45.799],[0.763,45.794],[0.769,45.793],[0.768,45.789],[0.777,45.788],[0.784,45.792],[0.777,45.801],[0.777,45.805],[0.786,45.808],[0.783,45.815],[0.78,45.816],[0.782,45.821],[0.788,45.827],[0.796,45.829],[0.817,45.858],[0.821,45.867],[0.808,45.87],[0.817,45.878],[0.827,45.883],[0.824,45.889],[0.813,45.897],[0.817,45.902],[0.816,45.918],[0.809,45.922],[0.812,45.931],[0.822,45.932],[0.836,45.923],[0.852,45.924],[0.86,45.918],[0.869,45.923],[0.877,45.921],[0.902,45.933],[0.905,45.939],[0.921,45.938],[0.921,45.945],[0.928,45.948],[0.922,45.949],[0.922,45.954],[0.93,45.953],[0.943,45.957],[0.941,45.963],[0.944,45.965],[0.941,45.965],[0.944,45.97],[0.947,45.97],[0.946,45.974],[0.94,45.973],[0.932,45.978],[0.937,45.982],[0.931,45.984],[0.934,45.988],[0.934,45.993],[0.918,45.997],[0.918,46.002],[0.923,46.004],[0.926,46.009],[0.925,46.011],[0.918,46.009],[0.919,46.013],[0.899,46.02],[0.894,46.023],[0.896,46.027],[0.886,46.032],[0.864,46.016],[0.858,46.018],[0.859,46.026],[0.852,46.034],[0.839,46.041],[0.83,46.042],[0.829,46.046],[0.816,46.049],[0.816,46.059],[0.823,46.061],[0.827,46.065],[0.828,46.069],[0.819,46.073],[0.819,46.077],[0.827,46.086],[0.825,46.088],[0.831,46.089],[0.835,46.096],[0.834,46.106],[0.824,46.113],[0.824,46.116],[0.821,46.116],[0.818,46.113],[0.816,46.114],[0.818,46.117],[0.815,46.115],[0.809,46.121],[0.814,46.123],[0.81,46.125],[0.814,46.127],[0.823,46.129]]]}},{"type":"Feature","properties":{"code":"88","nom":"Vosges"},"geometry":{"type":"Polygon","coordinates":[[[5.47,48.421],[5.486,48.415],[5.497,48.415],[5.502,48.41],[5.512,48.41],[5.513,48.413],[5.509,48.417],[5.516,48.431],[5.543,48.434],[5.551,48.44],[5.561,48.441],[5.568,48.44],[5.568,48.433],[5.577,48.432],[5.58,48.439],[5.594,48.443],[5.615,48.441],[5.616,48.432],[5.622,48.426],[5.618,48.442],[5.631,48.451],[5.648,48.454],[5.653,48.459],[5.638,48.469],[5.642,48.472],[5.655,48.468],[5.656,48.472],[5.681,48.471],[5.683,48.47],[5.681,48.469],[5.691,48.467],[5.695,48.463],[5.719,48.46],[5.739,48.466],[5.743,48.472],[5.742,48.474],[5.749,48.477],[5.755,48.492],[5.765,48.496],[5.776,48.487],[5.787,48.483],[5.79,48.488],[5.805,48.493],[5.811,48.498],[5.826,48.497],[5.837,48.501],[5.838,48.505],[5.846,48.507],[5.848,48.504],[5.862,48.507],[5.87,48.5],[5.888,48.494],[5.906,48.495],[5.899,48.485],[5.904,48.483],[5.904,48.48],[5.886,48.469],[5.892,48.464],[5.887,48.46],[5.887,48.454],[5.899,48.447],[5.885,48.439],[5.877,48.429],[5.859,48.417],[5.855,48.409],[5.871,48.406],[5.874,48.401],[5.879,48.405],[5.895,48.405],[5.909,48.429],[5.898,48.436],[5.924,48.436],[5.931,48.434],[5.925,48.422],[5.919,48.425],[5.921,48.428],[5.915,48.428],[5.907,48.419],[5.911,48.416],[5.909,48.413],[5.912,48.41],[5.91,48.407],[5.912,48.406],[5.905,48.4],[5.919,48.405],[5.928,48.394],[5.935,48.396],[5.932,48.399],[5.934,48.403],[5.944,48.401],[5.951,48.395],[5.955,48.387],[5.945,48.376],[5.954,48.374],[5.949,48.369],[5.953,48.366],[5.956,48.367],[5.953,48.358],[5.959,48.35],[5.972,48.353],[5.98,48.349],[6.002,48.36],[6.006,48.358],[6.004,48.363],[6.014,48.36],[6.02,48.361],[6.025,48.357],[6.039,48.363],[6.039,48.36],[6.043,48.36],[6.051,48.366],[6.06,48.36],[6.071,48.36],[6.079,48.363],[6.08,48.367],[6.078,48.375],[6.07,48.373],[6.069,48.375],[6.086,48.383],[6.09,48.383],[6.092,48.374],[6.098,48.372],[6.099,48.369],[6.098,48.364],[6.094,48.364],[6.093,48.361],[6.098,48.362],[6.097,48.358],[6.103,48.355],[6.117,48.354],[6.12,48.362],[6.125,48.367],[6.132,48.363],[6.136,48.365],[6.142,48.37],[6.14,48.372],[6.152,48.381],[6.15,48.383],[6.154,48.387],[6.147,48.395],[6.151,48.396],[6.151,48.403],[6.147,48.404],[6.15,48.41],[6.174,48.406],[6.178,48.407],[6.177,48.409],[6.182,48.412],[6.185,48.408],[6.181,48.406],[6.178,48.398],[6.188,48.398],[6.191,48.395],[6.203,48.4],[6.208,48.398],[6.217,48.402],[6.232,48.4],[6.233,48.397],[6.244,48.405],[6.26,48.406],[6.27,48.426],[6.281,48.423],[6.283,48.43],[6.292,48.428],[6.295,48.435],[6.3,48.434],[6.304,48.426],[6.302,48.425],[6.307,48.418],[6.306,48.413],[6.331,48.405],[6.359,48.405],[6.381,48.415],[6.378,48.413],[6.384,48.41],[6.383,48.407],[6.393,48.409],[6.384,48.395],[6.389,48.391],[6.398,48.396],[6.404,48.391],[6.412,48.392],[6.417,48.401],[6.42,48.401],[6.422,48.407],[6.436,48.413],[6.457,48.418],[6.46,48.413],[6.471,48.409],[6.491,48.417],[6.501,48.414],[6.522,48.426],[6.521,48.427],[6.534,48.431],[6.567,48.421],[6.575,48.414],[6.584,48.417],[6.574,48.433],[6.568,48.433],[6.567,48.441],[6.574,48.443],[6.585,48.461],[6.595,48.463],[6.598,48.467],[6.606,48.466],[6.624,48.473],[6.635,48.471],[6.639,48.464],[6.636,48.449],[6.643,48.445],[6.648,48.434],[6.645,48.427],[6.669,48.426],[6.7,48.413],[6.714,48.423],[6.722,48.416],[6.736,48.417],[6.739,48.412],[6.765,48.412],[6.761,48.406],[6.765,48.405],[6.767,48.399],[6.789,48.403],[6.782,48.392],[6.794,48.403],[6.807,48.4],[6.81,48.396],[6.823,48.405],[6.828,48.417],[6.849,48.424],[6.855,48.433],[6.865,48.437],[6.871,48.42],[6.878,48.42],[6.878,48.417],[6.891,48.418],[6.922,48.439],[6.93,48.442],[6.932,48.446],[6.951,48.458],[6.951,48.462],[6.98,48.479],[6.994,48.482],[7.006,48.481],[7.024,48.491],[7.065,48.499],[7.078,48.507],[7.094,48.513],[7.117,48.512],[7.123,48.514],[7.128,48.51],[7.121,48.505],[7.133,48.502],[7.13,48.5],[7.136,48.498],[7.122,48.501],[7.103,48.5],[7.1,48.503],[7.097,48.502],[7.095,48.506],[7.091,48.504],[7.091,48.498],[7.095,48.495],[7.094,48.489],[7.117,48.485],[7.119,48.483],[7.117,48.482],[7.119,48.474],[7.11,48.466],[7.11,48.462],[7.102,48.451],[7.107,48.448],[7.105,48.445],[7.11,48.44],[7.1,48.434],[7.096,48.427],[7.097,48.418],[7.092,48.41],[7.097,48.406],[7.088,48.403],[7.085,48.398],[7.104,48.388],[7.109,48.379],[7.096,48.371],[7.083,48.356],[7.076,48.353],[7.108,48.344],[7.113,48.336],[7.12,48.333],[7.153,48.333],[7.17,48.342],[7.184,48.339],[7.185,48.336],[7.181,48.335],[7.177,48.325],[7.192,48.325],[7.19,48.319],[7.197,48.316],[7.198,48.31],[7.194,48.302],[7.172,48.297],[7.172,48.293],[7.177,48.289],[7.164,48.281],[7.159,48.275],[7.159,48.269],[7.148,48.264],[7.146,48.259],[7.142,48.258],[7.139,48.25],[7.133,48.248],[7.134,48.238],[7.131,48.237],[7.13,48.229],[7.123,48.217],[7.115,48.212],[7.118,48.208],[7.106,48.2],[7.108,48.198],[7.1,48.189],[7.091,48.184],[7.086,48.184],[7.082,48.175],[7.083,48.172],[7.078,48.171],[7.079,48.164],[7.071,48.157],[7.065,48.145],[7.061,48.145],[7.058,48.138],[7.07,48.129],[7.084,48.129],[7.084,48.122],[7.077,48.108],[7.071,48.108],[7.052,48.083],[7.037,48.078],[7.03,48.072],[7.03,48.066],[7.023,48.064],[7.023,48.056],[7.019,48.055],[7.01,48.043],[7.016,48.038],[7.009,48.033],[7.012,48.032],[7.001,48.022],[6.99,48.019],[6.983,48.01],[6.975,48.009],[6.961,48],[6.953,48.003],[6.944,48],[6.945,47.987],[6.942,47.984],[6.944,47.981],[6.939,47.975],[6.931,47.972],[6.924,47.954],[6.925,47.951],[6.919,47.944],[6.926,47.93],[6.913,47.919],[6.917,47.916],[6.926,47.917],[6.929,47.91],[6.917,47.902],[6.918,47.898],[6.897,47.891],[6.898,47.884],[6.91,47.882],[6.905,47.88],[6.908,47.872],[6.907,47.865],[6.918,47.857],[6.92,47.85],[6.903,47.843],[6.898,47.839],[6.896,47.833],[6.868,47.829],[6.857,47.823],[6.846,47.823],[6.839,47.825],[6.834,47.819],[6.824,47.813],[6.793,47.829],[6.788,47.834],[6.792,47.842],[6.783,47.851],[6.77,47.852],[6.764,47.853],[6.764,47.857],[6.761,47.858],[6.738,47.862],[6.703,47.882],[6.646,47.903],[6.639,47.91],[6.642,47.918],[6.633,47.921],[6.627,47.93],[6.619,47.931],[6.604,47.945],[6.59,47.942],[6.563,47.931],[6.552,47.915],[6.552,47.912],[6.544,47.908],[6.544,47.903],[6.503,47.896],[6.478,47.885],[6.474,47.891],[6.478,47.893],[6.466,47.897],[6.456,47.907],[6.463,47.914],[6.463,47.917],[6.449,47.922],[6.448,47.926],[6.436,47.937],[6.435,47.943],[6.408,47.943],[6.405,47.953],[6.395,47.955],[6.389,47.961],[6.381,47.959],[6.362,47.961],[6.361,47.959],[6.354,47.959],[6.345,47.954],[6.335,47.956],[6.323,47.949],[6.307,47.95],[6.289,47.956],[6.277,47.954],[6.251,47.939],[6.243,47.94],[6.239,47.937],[6.238,47.933],[6.219,47.936],[6.214,47.93],[6.205,47.932],[6.208,47.947],[6.197,47.947],[6.197,47.952],[6.182,47.956],[6.168,47.952],[6.162,47.957],[6.161,47.964],[6.157,47.968],[6.156,47.965],[6.15,47.966],[6.151,47.971],[6.165,47.973],[6.164,47.978],[6.158,47.984],[6.16,47.992],[6.153,47.994],[6.156,48.007],[6.131,48.024],[6.117,48.02],[6.109,48.012],[6.098,48.015],[6.081,48.013],[6.073,48.016],[6.041,48.004],[6.033,47.999],[6.032,47.991],[6.025,47.992],[6.025,47.987],[6.019,47.987],[6.018,47.984],[6.026,47.981],[6.017,47.973],[6.019,47.97],[6.012,47.972],[6.006,47.964],[6.009,47.961],[6.005,47.958],[5.971,47.957],[5.969,47.947],[5.949,47.935],[5.928,47.938],[5.938,47.952],[5.946,47.955],[5.96,47.968],[5.95,47.973],[5.947,47.979],[5.932,47.977],[5.917,47.966],[5.92,47.957],[5.918,47.947],[5.9,47.945],[5.893,47.937],[5.897,47.931],[5.885,47.926],[5.881,47.933],[5.87,47.939],[5.869,47.945],[5.858,47.945],[5.85,47.961],[5.849,47.965],[5.854,47.966],[5.854,47.97],[5.847,47.97],[5.846,47.976],[5.843,47.976],[5.84,47.965],[5.832,47.958],[5.818,47.958],[5.811,47.955],[5.808,47.953],[5.809,47.949],[5.805,47.947],[5.804,47.95],[5.787,47.953],[5.784,47.962],[5.786,47.964],[5.78,47.97],[5.778,47.978],[5.793,47.987],[5.795,47.998],[5.787,48.002],[5.786,48.013],[5.781,48.021],[5.776,48.022],[5.777,48.034],[5.765,48.03],[5.764,48.035],[5.74,48.05],[5.721,48.044],[5.721,48.053],[5.709,48.065],[5.699,48.067],[5.697,48.077],[5.688,48.075],[5.675,48.082],[5.673,48.079],[5.658,48.086],[5.653,48.084],[5.653,48.08],[5.661,48.072],[5.656,48.069],[5.647,48.073],[5.644,48.08],[5.629,48.084],[5.634,48.09],[5.639,48.089],[5.637,48.098],[5.649,48.105],[5.668,48.107],[5.672,48.109],[5.668,48.116],[5.662,48.115],[5.657,48.122],[5.662,48.124],[5.663,48.129],[5.677,48.137],[5.675,48.139],[5.677,48.145],[5.685,48.147],[5.685,48.151],[5.681,48.151],[5.685,48.154],[5.687,48.167],[5.68,48.179],[5.687,48.18],[5.702,48.19],[5.731,48.19],[5.73,48.198],[5.721,48.207],[5.718,48.215],[5.688,48.234],[5.677,48.229],[5.642,48.242],[5.645,48.252],[5.651,48.257],[5.654,48.269],[5.643,48.275],[5.612,48.292],[5.589,48.276],[5.572,48.293],[5.537,48.318],[5.525,48.334],[5.525,48.338],[5.522,48.341],[5.527,48.347],[5.506,48.35],[5.498,48.355],[5.481,48.356],[5.475,48.355],[5.469,48.349],[5.462,48.352],[5.445,48.338],[5.427,48.331],[5.417,48.343],[5.417,48.347],[5.423,48.352],[5.418,48.357],[5.419,48.361],[5.443,48.379],[5.407,48.383],[5.394,48.392],[5.407,48.392],[5.416,48.396],[5.42,48.395],[5.422,48.397],[5.421,48.399],[5.443,48.411],[5.447,48.415],[5.459,48.416],[5.47,48.421]]]}},{"type":"Feature","properties":{"code":"89","nom":"Yonne"},"geometry":{"type":"Polygon","coordinates":[[[2.936,48.163],[2.935,48.176],[2.937,48.183],[2.955,48.193],[2.971,48.195],[2.974,48.197],[2.971,48.201],[2.973,48.206],[2.989,48.209],[2.993,48.204],[2.997,48.207],[3.005,48.207],[3.011,48.221],[3.023,48.23],[3.019,48.232],[3.021,48.234],[3.019,48.235],[3.028,48.241],[3.031,48.249],[3.036,48.251],[3.048,48.25],[3.043,48.262],[3.045,48.271],[3.025,48.276],[3.03,48.286],[3.019,48.295],[3.027,48.303],[3.015,48.306],[3.027,48.317],[3.028,48.322],[3.044,48.33],[3.037,48.335],[3.037,48.34],[3.04,48.342],[3.037,48.343],[3.05,48.36],[3.061,48.357],[3.078,48.361],[3.089,48.357],[3.099,48.358],[3.101,48.356],[3.1,48.352],[3.103,48.35],[3.117,48.367],[3.129,48.367],[3.128,48.37],[3.14,48.373],[3.147,48.366],[3.148,48.37],[3.152,48.371],[3.167,48.371],[3.172,48.378],[3.18,48.376],[3.185,48.368],[3.19,48.371],[3.2,48.364],[3.224,48.37],[3.254,48.365],[3.262,48.368],[3.261,48.373],[3.267,48.374],[3.268,48.378],[3.282,48.378],[3.283,48.382],[3.291,48.38],[3.29,48.376],[3.3,48.378],[3.299,48.375],[3.305,48.373],[3.311,48.373],[3.309,48.377],[3.312,48.377],[3.335,48.37],[3.336,48.373],[3.348,48.373],[3.351,48.379],[3.357,48.378],[3.356,48.371],[3.365,48.372],[3.363,48.383],[3.367,48.394],[3.373,48.394],[3.378,48.399],[3.388,48.398],[3.402,48.39],[3.415,48.39],[3.413,48.376],[3.422,48.372],[3.427,48.358],[3.448,48.368],[3.448,48.372],[3.451,48.374],[3.467,48.376],[3.475,48.369],[3.498,48.37],[3.504,48.366],[3.514,48.36],[3.522,48.351],[3.52,48.349],[3.534,48.339],[3.545,48.335],[3.544,48.32],[3.563,48.321],[3.565,48.313],[3.561,48.312],[3.567,48.307],[3.58,48.306],[3.583,48.301],[3.588,48.301],[3.586,48.29],[3.578,48.287],[3.578,48.285],[3.587,48.28],[3.6,48.279],[3.602,48.276],[3.617,48.271],[3.624,48.255],[3.615,48.251],[3.6,48.236],[3.605,48.23],[3.608,48.233],[3.615,48.232],[3.622,48.226],[3.6,48.202],[3.575,48.189],[3.58,48.184],[3.594,48.179],[3.622,48.192],[3.635,48.188],[3.642,48.184],[3.651,48.168],[3.661,48.159],[3.668,48.139],[3.691,48.145],[3.694,48.148],[3.693,48.155],[3.7,48.145],[3.705,48.144],[3.722,48.155],[3.721,48.162],[3.714,48.174],[3.718,48.175],[3.747,48.166],[3.752,48.161],[3.755,48.15],[3.743,48.143],[3.739,48.138],[3.74,48.133],[3.757,48.125],[3.762,48.132],[3.768,48.134],[3.777,48.129],[3.776,48.124],[3.78,48.121],[3.792,48.118],[3.792,48.114],[3.806,48.101],[3.8,48.097],[3.798,48.087],[3.807,48.084],[3.805,48.082],[3.826,48.064],[3.824,48.062],[3.83,48.058],[3.824,48.053],[3.83,48.047],[3.822,48.044],[3.832,48.036],[3.843,48.036],[3.847,48.029],[3.871,48.017],[3.871,48.003],[3.864,48.007],[3.855,48.004],[3.84,48.004],[3.839,47.999],[3.847,47.995],[3.85,47.984],[3.866,47.984],[3.862,47.976],[3.88,47.979],[3.883,47.985],[3.878,47.987],[3.885,47.991],[3.882,48],[3.893,48.002],[3.9,47.998],[3.911,47.982],[3.915,47.976],[3.913,47.969],[3.905,47.958],[3.904,47.946],[3.899,47.941],[3.904,47.938],[3.894,47.929],[3.905,47.925],[3.912,47.93],[3.918,47.928],[3.926,47.935],[3.935,47.932],[3.945,47.935],[3.948,47.931],[3.963,47.936],[3.986,47.931],[4.004,47.942],[4.014,47.937],[4.013,47.932],[4.018,47.928],[4.026,47.928],[4.031,47.933],[4.045,47.925],[4.059,47.932],[4.056,47.941],[4.061,47.946],[4.078,47.943],[4.09,47.945],[4.093,47.943],[4.09,47.936],[4.094,47.934],[4.092,47.928],[4.107,47.93],[4.11,47.926],[4.13,47.937],[4.142,47.937],[4.14,47.943],[4.156,47.956],[4.166,47.96],[4.184,47.955],[4.185,47.94],[4.202,47.941],[4.208,47.947],[4.203,47.959],[4.213,47.962],[4.203,47.96],[4.193,47.965],[4.202,47.973],[4.226,47.972],[4.228,47.969],[4.228,47.961],[4.222,47.95],[4.237,47.941],[4.245,47.93],[4.27,47.924],[4.293,47.926],[4.306,47.92],[4.306,47.912],[4.311,47.904],[4.296,47.9],[4.278,47.9],[4.27,47.893],[4.269,47.888],[4.246,47.877],[4.246,47.874],[4.261,47.876],[4.265,47.874],[4.267,47.868],[4.262,47.864],[4.264,47.861],[4.265,47.848],[4.261,47.847],[4.261,47.844],[4.271,47.839],[4.301,47.849],[4.311,47.847],[4.315,47.849],[4.319,47.846],[4.33,47.846],[4.327,47.842],[4.33,47.838],[4.319,47.837],[4.321,47.832],[4.325,47.831],[4.321,47.825],[4.325,47.821],[4.32,47.811],[4.34,47.8],[4.327,47.786],[4.335,47.778],[4.335,47.774],[4.33,47.773],[4.329,47.77],[4.334,47.761],[4.332,47.757],[4.314,47.749],[4.309,47.751],[4.293,47.733],[4.278,47.739],[4.261,47.742],[4.258,47.726],[4.239,47.724],[4.238,47.72],[4.241,47.717],[4.253,47.716],[4.257,47.707],[4.268,47.705],[4.262,47.694],[4.266,47.69],[4.272,47.687],[4.276,47.688],[4.284,47.683],[4.273,47.681],[4.252,47.684],[4.25,47.677],[4.227,47.678],[4.226,47.671],[4.249,47.661],[4.237,47.647],[4.232,47.647],[4.228,47.643],[4.223,47.631],[4.212,47.628],[4.216,47.624],[4.212,47.605],[4.214,47.602],[4.204,47.601],[4.197,47.605],[4.199,47.596],[4.187,47.582],[4.188,47.573],[4.174,47.552],[4.172,47.55],[4.165,47.554],[4.157,47.552],[4.153,47.543],[4.146,47.54],[4.151,47.533],[4.139,47.523],[4.139,47.519],[4.115,47.515],[4.118,47.506],[4.112,47.504],[4.123,47.491],[4.117,47.487],[4.115,47.481],[4.126,47.478],[4.125,47.474],[4.13,47.475],[4.13,47.471],[4.126,47.468],[4.13,47.463],[4.124,47.457],[4.124,47.45],[4.119,47.444],[4.113,47.441],[4.113,47.444],[4.108,47.447],[4.101,47.444],[4.108,47.437],[4.099,47.43],[4.087,47.44],[4.08,47.441],[4.079,47.438],[4.086,47.43],[4.082,47.426],[4.085,47.421],[4.074,47.415],[4.072,47.407],[4.065,47.407],[4.067,47.399],[4.075,47.4],[4.081,47.394],[4.088,47.397],[4.09,47.395],[4.089,47.392],[4.077,47.384],[4.079,47.377],[4.088,47.372],[4.093,47.373],[4.093,47.378],[4.099,47.371],[4.107,47.376],[4.106,47.363],[4.098,47.362],[4.098,47.355],[4.107,47.352],[4.108,47.341],[4.106,47.339],[4.095,47.337],[4.082,47.342],[4.069,47.337],[4.06,47.341],[4.044,47.34],[4.042,47.33],[4.04,47.327],[4.036,47.329],[4.028,47.325],[4.028,47.314],[4.021,47.311],[4.008,47.315],[4.002,47.311],[3.991,47.317],[3.992,47.32],[3.987,47.324],[3.98,47.324],[3.979,47.33],[3.973,47.331],[3.972,47.341],[3.966,47.348],[3.969,47.351],[3.965,47.36],[3.968,47.363],[3.962,47.367],[3.962,47.369],[3.973,47.373],[3.973,47.376],[3.961,47.382],[3.959,47.389],[3.949,47.394],[3.944,47.385],[3.944,47.38],[3.909,47.382],[3.905,47.378],[3.898,47.376],[3.887,47.365],[3.872,47.366],[3.869,47.371],[3.87,47.38],[3.86,47.388],[3.859,47.393],[3.866,47.398],[3.867,47.396],[3.872,47.399],[3.877,47.397],[3.893,47.41],[3.894,47.414],[3.892,47.419],[3.881,47.423],[3.88,47.43],[3.876,47.428],[3.867,47.435],[3.852,47.435],[3.852,47.423],[3.847,47.422],[3.848,47.419],[3.845,47.415],[3.848,47.412],[3.842,47.411],[3.837,47.403],[3.834,47.401],[3.836,47.407],[3.831,47.408],[3.828,47.404],[3.82,47.402],[3.821,47.398],[3.831,47.393],[3.827,47.39],[3.828,47.382],[3.817,47.379],[3.811,47.384],[3.805,47.384],[3.802,47.389],[3.786,47.39],[3.781,47.396],[3.786,47.405],[3.784,47.405],[3.775,47.406],[3.769,47.401],[3.76,47.402],[3.741,47.397],[3.726,47.398],[3.717,47.403],[3.719,47.406],[3.715,47.407],[3.712,47.416],[3.702,47.427],[3.684,47.434],[3.674,47.433],[3.679,47.447],[3.674,47.45],[3.667,47.446],[3.663,47.449],[3.639,47.452],[3.634,47.456],[3.621,47.456],[3.616,47.458],[3.618,47.465],[3.616,47.467],[3.6,47.465],[3.595,47.457],[3.587,47.456],[3.588,47.462],[3.583,47.461],[3.579,47.466],[3.58,47.479],[3.575,47.486],[3.581,47.498],[3.552,47.502],[3.551,47.507],[3.54,47.516],[3.514,47.528],[3.512,47.542],[3.509,47.547],[3.511,47.551],[3.499,47.561],[3.492,47.56],[3.49,47.555],[3.495,47.55],[3.494,47.539],[3.492,47.536],[3.495,47.521],[3.491,47.516],[3.492,47.499],[3.488,47.494],[3.479,47.494],[3.456,47.503],[3.45,47.5],[3.446,47.512],[3.443,47.508],[3.428,47.506],[3.39,47.509],[3.391,47.497],[3.38,47.487],[3.374,47.486],[3.37,47.488],[3.362,47.485],[3.355,47.479],[3.345,47.479],[3.346,47.47],[3.338,47.47],[3.34,47.481],[3.327,47.483],[3.307,47.495],[3.297,47.492],[3.285,47.504],[3.275,47.491],[3.257,47.492],[3.249,47.487],[3.236,47.488],[3.225,47.505],[3.215,47.513],[3.212,47.512],[3.212,47.515],[3.203,47.523],[3.191,47.52],[3.186,47.525],[3.182,47.518],[3.174,47.52],[3.165,47.518],[3.162,47.525],[3.15,47.528],[3.148,47.533],[3.14,47.535],[3.135,47.543],[3.123,47.539],[3.116,47.569],[3.124,47.576],[3.102,47.588],[3.081,47.585],[3.061,47.57],[3.035,47.564],[3.022,47.556],[2.99,47.569],[2.977,47.569],[2.975,47.574],[2.965,47.574],[2.962,47.577],[2.964,47.582],[2.962,47.586],[2.955,47.59],[2.951,47.589],[2.943,47.593],[2.942,47.599],[2.936,47.599],[2.945,47.608],[2.934,47.621],[2.936,47.627],[2.932,47.627],[2.936,47.637],[2.954,47.646],[2.942,47.654],[2.942,47.658],[2.927,47.659],[2.918,47.67],[2.927,47.682],[2.918,47.685],[2.914,47.691],[2.908,47.691],[2.904,47.697],[2.879,47.704],[2.884,47.708],[2.885,47.714],[2.879,47.72],[2.861,47.71],[2.855,47.715],[2.849,47.717],[2.853,47.721],[2.849,47.726],[2.853,47.729],[2.85,47.733],[2.854,47.735],[2.859,47.75],[2.852,47.758],[2.856,47.762],[2.863,47.761],[2.87,47.765],[2.899,47.764],[2.9,47.766],[2.908,47.767],[2.909,47.769],[2.931,47.762],[2.938,47.766],[2.95,47.766],[2.955,47.776],[2.979,47.78],[2.988,47.786],[3.025,47.788],[3.028,47.802],[3.024,47.813],[3.015,47.814],[3.022,47.818],[3.014,47.822],[3.015,47.833],[3.013,47.834],[3.03,47.835],[3.034,47.844],[3.031,47.844],[3.032,47.85],[3.025,47.857],[3.029,47.857],[3.023,47.861],[2.998,47.867],[3.012,47.874],[3.01,47.876],[3.012,47.88],[3.007,47.884],[3.01,47.89],[3.007,47.895],[3.017,47.899],[3.012,47.901],[3.01,47.905],[3.018,47.908],[3.024,47.905],[3.036,47.912],[3.038,47.907],[3.05,47.911],[3.051,47.924],[3.062,47.926],[3.065,47.931],[3.078,47.931],[3.084,47.943],[3.098,47.946],[3.098,47.949],[3.105,47.947],[3.111,47.958],[3.109,47.962],[3.127,47.968],[3.129,47.983],[3.123,47.984],[3.122,47.987],[3.127,47.991],[3.123,47.991],[3.121,47.996],[3.123,48.001],[3.121,48.003],[3.124,48.007],[3.115,48.013],[3.11,48.011],[3.104,48.014],[3.099,48.021],[3.116,48.028],[3.12,48.026],[3.124,48.031],[3.095,48.04],[3.095,48.044],[3.09,48.049],[3.095,48.054],[3.088,48.054],[3.08,48.06],[3.061,48.064],[3.05,48.072],[3.05,48.091],[3.049,48.094],[3.043,48.093],[3.038,48.099],[3.035,48.116],[3.016,48.116],[3.029,48.133],[3.022,48.135],[3.01,48.146],[3.004,48.145],[2.998,48.14],[2.991,48.147],[2.991,48.152],[2.98,48.154],[2.982,48.15],[2.964,48.153],[2.957,48.158],[2.953,48.165],[2.936,48.163]]]}},{"type":"Feature","properties":{"code":"90","nom":"Territoire de Belfort"},"geometry":{"type":"Polygon","coordinates":[[[6.824,47.813],[6.834,47.819],[6.839,47.825],[6.846,47.823],[6.841,47.819],[6.843,47.812],[6.85,47.807],[6.848,47.802],[6.854,47.796],[6.86,47.794],[6.863,47.785],[6.893,47.777],[6.914,47.777],[6.925,47.77],[6.94,47.772],[6.944,47.767],[6.952,47.764],[6.972,47.751],[6.981,47.752],[7.013,47.741],[7.016,47.743],[7.022,47.733],[7.037,47.722],[7.026,47.701],[7.034,47.7],[7.033,47.695],[7.038,47.695],[7.036,47.691],[7.04,47.686],[7.048,47.684],[7.039,47.679],[7.038,47.675],[7.046,47.672],[7.034,47.661],[7.039,47.651],[7.018,47.65],[7.019,47.641],[7.012,47.639],[7.016,47.636],[7.013,47.631],[7.017,47.627],[7.014,47.626],[7.011,47.63],[7.006,47.629],[7.008,47.623],[7.008,47.619],[7.005,47.619],[7.006,47.613],[7.009,47.609],[7.007,47.607],[7.011,47.605],[7.006,47.602],[7.019,47.596],[7.022,47.594],[7.016,47.592],[7.02,47.589],[7.034,47.594],[7.04,47.601],[7.054,47.599],[7.07,47.601],[7.07,47.596],[7.074,47.599],[7.086,47.593],[7.086,47.587],[7.094,47.574],[7.106,47.569],[7.108,47.565],[7.107,47.551],[7.119,47.548],[7.134,47.539],[7.14,47.526],[7.143,47.525],[7.136,47.507],[7.13,47.503],[7.111,47.495],[7.094,47.495],[7.076,47.488],[7.072,47.492],[7.037,47.498],[7.021,47.504],[6.983,47.494],[6.989,47.487],[6.986,47.477],[6.993,47.471],[6.992,47.466],[7,47.467],[7.001,47.462],[6.998,47.456],[7.002,47.454],[6.989,47.448],[6.97,47.447],[6.963,47.435],[6.941,47.433],[6.933,47.44],[6.936,47.444],[6.931,47.458],[6.922,47.462],[6.92,47.468],[6.908,47.473],[6.916,47.478],[6.908,47.494],[6.93,47.5],[6.935,47.486],[6.943,47.485],[6.948,47.49],[6.945,47.505],[6.95,47.509],[6.945,47.513],[6.933,47.519],[6.92,47.521],[6.917,47.525],[6.908,47.526],[6.916,47.531],[6.907,47.542],[6.906,47.548],[6.902,47.55],[6.89,47.55],[6.883,47.555],[6.861,47.548],[6.817,47.548],[6.807,47.563],[6.81,47.569],[6.822,47.573],[6.818,47.578],[6.802,47.584],[6.802,47.591],[6.792,47.596],[6.793,47.6],[6.787,47.61],[6.778,47.616],[6.78,47.625],[6.789,47.626],[6.801,47.636],[6.797,47.645],[6.78,47.657],[6.782,47.663],[6.776,47.668],[6.782,47.688],[6.778,47.698],[6.771,47.702],[6.773,47.712],[6.767,47.719],[6.757,47.724],[6.761,47.73],[6.758,47.748],[6.764,47.754],[6.764,47.759],[6.778,47.771],[6.785,47.781],[6.811,47.794],[6.812,47.798],[6.825,47.809],[6.824,47.813]]]}},{"type":"Feature","properties":{"code":"91","nom":"Essonne"},"geometry":{"type":"Polygon","coordinates":[[[2.227,48.776],[2.23,48.774],[2.233,48.766],[2.239,48.766],[2.247,48.761],[2.262,48.76],[2.269,48.762],[2.269,48.758],[2.276,48.757],[2.285,48.748],[2.275,48.74],[2.28,48.733],[2.302,48.741],[2.304,48.729],[2.314,48.73],[2.319,48.737],[2.313,48.738],[2.317,48.741],[2.314,48.743],[2.321,48.749],[2.327,48.751],[2.337,48.742],[2.356,48.738],[2.363,48.746],[2.369,48.746],[2.371,48.72],[2.377,48.719],[2.385,48.719],[2.392,48.723],[2.397,48.721],[2.402,48.727],[2.41,48.726],[2.416,48.721],[2.414,48.718],[2.44,48.725],[2.444,48.724],[2.442,48.722],[2.449,48.715],[2.451,48.716],[2.448,48.722],[2.454,48.72],[2.454,48.725],[2.46,48.724],[2.466,48.73],[2.468,48.727],[2.479,48.728],[2.506,48.736],[2.516,48.729],[2.517,48.716],[2.523,48.71],[2.529,48.708],[2.531,48.7],[2.536,48.701],[2.536,48.697],[2.542,48.7],[2.55,48.689],[2.572,48.692],[2.582,48.69],[2.58,48.686],[2.586,48.679],[2.571,48.675],[2.572,48.669],[2.568,48.667],[2.563,48.669],[2.557,48.676],[2.553,48.674],[2.549,48.669],[2.545,48.671],[2.535,48.662],[2.538,48.66],[2.534,48.657],[2.541,48.652],[2.547,48.652],[2.548,48.65],[2.542,48.646],[2.544,48.646],[2.541,48.641],[2.542,48.633],[2.536,48.631],[2.525,48.633],[2.516,48.629],[2.527,48.621],[2.526,48.613],[2.541,48.611],[2.544,48.604],[2.541,48.594],[2.518,48.584],[2.522,48.573],[2.532,48.574],[2.531,48.571],[2.519,48.57],[2.52,48.563],[2.503,48.546],[2.499,48.545],[2.499,48.543],[2.511,48.543],[2.497,48.525],[2.5,48.525],[2.498,48.517],[2.509,48.517],[2.509,48.508],[2.514,48.51],[2.515,48.506],[2.511,48.499],[2.513,48.498],[2.51,48.488],[2.502,48.485],[2.504,48.48],[2.501,48.478],[2.505,48.474],[2.502,48.472],[2.507,48.47],[2.502,48.467],[2.506,48.461],[2.498,48.457],[2.507,48.451],[2.504,48.449],[2.507,48.446],[2.5,48.441],[2.507,48.438],[2.505,48.43],[2.517,48.427],[2.527,48.416],[2.547,48.402],[2.522,48.405],[2.521,48.402],[2.503,48.393],[2.499,48.397],[2.484,48.397],[2.474,48.39],[2.485,48.383],[2.469,48.376],[2.451,48.375],[2.448,48.373],[2.451,48.367],[2.447,48.366],[2.443,48.369],[2.43,48.362],[2.444,48.357],[2.441,48.352],[2.435,48.354],[2.43,48.348],[2.434,48.335],[2.427,48.338],[2.402,48.333],[2.393,48.336],[2.394,48.327],[2.403,48.321],[2.398,48.319],[2.4,48.316],[2.397,48.315],[2.37,48.309],[2.367,48.312],[2.358,48.308],[2.353,48.314],[2.342,48.317],[2.335,48.327],[2.328,48.326],[2.328,48.333],[2.326,48.33],[2.324,48.332],[2.317,48.332],[2.313,48.331],[2.296,48.308],[2.267,48.315],[2.263,48.31],[2.265,48.309],[2.259,48.307],[2.254,48.3],[2.245,48.298],[2.249,48.316],[2.238,48.316],[2.246,48.331],[2.238,48.332],[2.233,48.331],[2.234,48.328],[2.228,48.33],[2.229,48.333],[2.224,48.336],[2.216,48.334],[2.213,48.341],[2.207,48.342],[2.207,48.345],[2.202,48.345],[2.205,48.342],[2.203,48.339],[2.188,48.332],[2.188,48.328],[2.182,48.324],[2.182,48.322],[2.185,48.321],[2.181,48.312],[2.172,48.316],[2.169,48.313],[2.152,48.316],[2.156,48.305],[2.161,48.305],[2.164,48.298],[2.111,48.297],[2.114,48.307],[2.106,48.308],[2.085,48.294],[2.053,48.295],[2.052,48.291],[2.041,48.284],[2.037,48.288],[2.025,48.289],[2.012,48.285],[1.994,48.287],[1.973,48.288],[1.975,48.293],[1.98,48.292],[1.982,48.295],[1.965,48.295],[1.962,48.306],[1.959,48.307],[1.973,48.316],[1.975,48.313],[1.979,48.313],[1.981,48.319],[1.975,48.323],[1.982,48.328],[1.969,48.341],[1.975,48.345],[1.973,48.356],[1.989,48.364],[1.985,48.365],[1.984,48.368],[1.978,48.369],[1.982,48.375],[1.98,48.378],[1.967,48.38],[1.974,48.39],[1.973,48.396],[1.978,48.402],[1.946,48.406],[1.932,48.403],[1.928,48.406],[1.933,48.411],[1.926,48.413],[1.928,48.416],[1.932,48.416],[1.932,48.42],[1.94,48.42],[1.941,48.425],[1.937,48.426],[1.937,48.43],[1.939,48.434],[1.936,48.435],[1.943,48.441],[1.933,48.442],[1.933,48.45],[1.929,48.451],[1.929,48.457],[1.922,48.458],[1.923,48.46],[1.916,48.463],[1.918,48.469],[1.915,48.469],[1.915,48.474],[1.925,48.481],[1.933,48.48],[1.934,48.496],[1.941,48.507],[1.947,48.51],[1.944,48.513],[1.948,48.514],[1.946,48.518],[1.963,48.528],[1.979,48.526],[1.977,48.536],[1.973,48.537],[1.967,48.536],[1.969,48.532],[1.952,48.539],[1.949,48.544],[1.943,48.542],[1.934,48.547],[1.938,48.563],[1.951,48.559],[1.967,48.56],[1.979,48.554],[1.985,48.558],[1.999,48.555],[2.018,48.558],[2.016,48.569],[2.023,48.576],[2.023,48.58],[2.036,48.589],[2.034,48.593],[2.032,48.594],[2.034,48.605],[2.055,48.608],[2.054,48.611],[2.061,48.616],[2.054,48.618],[2.054,48.621],[2.046,48.621],[2.041,48.631],[2.035,48.632],[2.038,48.641],[2.016,48.641],[2.019,48.645],[2.01,48.648],[2.011,48.66],[2.028,48.657],[2.034,48.679],[2.042,48.68],[2.046,48.688],[2.065,48.686],[2.068,48.69],[2.082,48.685],[2.089,48.698],[2.098,48.694],[2.097,48.703],[2.101,48.703],[2.11,48.714],[2.106,48.719],[2.112,48.723],[2.103,48.73],[2.104,48.733],[2.099,48.734],[2.103,48.738],[2.119,48.742],[2.126,48.738],[2.135,48.737],[2.14,48.742],[2.137,48.745],[2.142,48.746],[2.151,48.755],[2.161,48.75],[2.168,48.757],[2.173,48.758],[2.181,48.759],[2.186,48.754],[2.191,48.755],[2.193,48.765],[2.19,48.771],[2.186,48.773],[2.191,48.775],[2.201,48.776],[2.201,48.772],[2.21,48.769],[2.212,48.772],[2.229,48.77],[2.227,48.776]]]}},{"type":"Feature","properties":{"code":"92","nom":"Hauts-de-Seine"},"geometry":{"type":"Polygon","coordinates":[[[2.291,48.951],[2.327,48.945],[2.336,48.941],[2.336,48.932],[2.332,48.926],[2.314,48.914],[2.321,48.905],[2.32,48.9],[2.286,48.887],[2.28,48.879],[2.258,48.88],[2.255,48.874],[2.246,48.876],[2.232,48.869],[2.224,48.854],[2.252,48.845],[2.252,48.839],[2.255,48.835],[2.27,48.833],[2.267,48.832],[2.268,48.828],[2.273,48.828],[2.279,48.832],[2.332,48.817],[2.326,48.81],[2.318,48.808],[2.318,48.806],[2.326,48.807],[2.319,48.788],[2.325,48.786],[2.325,48.779],[2.327,48.779],[2.309,48.755],[2.311,48.754],[2.31,48.752],[2.321,48.749],[2.314,48.743],[2.317,48.741],[2.313,48.738],[2.319,48.737],[2.314,48.73],[2.304,48.729],[2.302,48.741],[2.28,48.733],[2.275,48.74],[2.285,48.748],[2.276,48.757],[2.269,48.758],[2.269,48.762],[2.262,48.76],[2.247,48.761],[2.239,48.766],[2.233,48.766],[2.23,48.774],[2.227,48.776],[2.224,48.778],[2.224,48.781],[2.227,48.782],[2.223,48.786],[2.209,48.788],[2.212,48.791],[2.203,48.798],[2.183,48.797],[2.187,48.801],[2.182,48.801],[2.18,48.805],[2.183,48.805],[2.175,48.815],[2.169,48.816],[2.167,48.812],[2.163,48.812],[2.152,48.817],[2.146,48.836],[2.146,48.842],[2.151,48.848],[2.16,48.848],[2.15,48.858],[2.157,48.87],[2.149,48.87],[2.163,48.883],[2.163,48.888],[2.168,48.895],[2.201,48.909],[2.261,48.943],[2.291,48.951]]]}},{"type":"Feature","properties":{"code":"93","nom":"Seine-Saint-Denis"},"geometry":{"type":"Polygon","coordinates":[[[2.553,49.01],[2.569,49.011],[2.571,49.008],[2.564,49.007],[2.565,49.006],[2.57,49.006],[2.576,49],[2.581,48.986],[2.577,48.984],[2.579,48.979],[2.562,48.979],[2.59,48.953],[2.596,48.939],[2.603,48.938],[2.603,48.929],[2.589,48.921],[2.591,48.912],[2.589,48.909],[2.592,48.908],[2.584,48.903],[2.589,48.899],[2.587,48.894],[2.572,48.893],[2.559,48.886],[2.571,48.88],[2.568,48.874],[2.571,48.869],[2.568,48.866],[2.572,48.868],[2.588,48.864],[2.582,48.858],[2.583,48.855],[2.574,48.853],[2.587,48.834],[2.587,48.826],[2.592,48.828],[2.595,48.821],[2.596,48.811],[2.592,48.807],[2.57,48.815],[2.569,48.818],[2.572,48.824],[2.561,48.826],[2.547,48.836],[2.538,48.837],[2.537,48.839],[2.54,48.839],[2.534,48.845],[2.529,48.844],[2.525,48.849],[2.514,48.85],[2.505,48.857],[2.497,48.856],[2.496,48.861],[2.468,48.861],[2.467,48.857],[2.454,48.855],[2.447,48.851],[2.435,48.853],[2.429,48.849],[2.416,48.849],[2.412,48.876],[2.409,48.88],[2.4,48.884],[2.398,48.895],[2.39,48.901],[2.32,48.9],[2.321,48.905],[2.314,48.914],[2.332,48.926],[2.336,48.932],[2.336,48.941],[2.327,48.945],[2.291,48.951],[2.288,48.958],[2.29,48.961],[2.299,48.966],[2.323,48.958],[2.328,48.96],[2.333,48.956],[2.344,48.968],[2.354,48.966],[2.359,48.973],[2.366,48.974],[2.385,48.971],[2.398,48.96],[2.407,48.956],[2.418,48.96],[2.428,48.959],[2.436,48.955],[2.459,48.955],[2.467,48.964],[2.469,48.963],[2.481,48.97],[2.487,48.967],[2.493,48.975],[2.496,48.973],[2.498,48.974],[2.496,48.975],[2.501,48.975],[2.504,48.979],[2.515,48.982],[2.513,48.986],[2.519,48.988],[2.519,48.991],[2.523,48.992],[2.532,49.005],[2.544,49.006],[2.549,49.003],[2.549,49.007],[2.553,49.007],[2.553,49.01]]]}},{"type":"Feature","properties":{"code":"94","nom":"Val-de-Marne"},"geometry":{"type":"Polygon","coordinates":[[[2.332,48.817],[2.347,48.816],[2.352,48.819],[2.363,48.816],[2.402,48.83],[2.411,48.825],[2.429,48.824],[2.437,48.818],[2.457,48.817],[2.463,48.819],[2.466,48.827],[2.465,48.83],[2.47,48.837],[2.465,48.841],[2.447,48.846],[2.438,48.845],[2.437,48.841],[2.425,48.842],[2.422,48.844],[2.42,48.841],[2.422,48.836],[2.414,48.834],[2.416,48.849],[2.429,48.849],[2.435,48.853],[2.447,48.851],[2.454,48.855],[2.467,48.857],[2.468,48.861],[2.496,48.861],[2.497,48.856],[2.505,48.857],[2.514,48.85],[2.525,48.849],[2.529,48.844],[2.534,48.845],[2.54,48.839],[2.537,48.839],[2.538,48.837],[2.547,48.836],[2.561,48.826],[2.572,48.824],[2.569,48.818],[2.57,48.815],[2.592,48.807],[2.596,48.806],[2.593,48.798],[2.6,48.795],[2.594,48.788],[2.595,48.785],[2.588,48.783],[2.588,48.778],[2.586,48.779],[2.587,48.774],[2.593,48.771],[2.607,48.774],[2.616,48.762],[2.603,48.759],[2.598,48.761],[2.602,48.754],[2.585,48.742],[2.595,48.737],[2.595,48.732],[2.579,48.723],[2.575,48.713],[2.572,48.713],[2.568,48.709],[2.57,48.703],[2.582,48.697],[2.571,48.695],[2.572,48.692],[2.55,48.689],[2.542,48.7],[2.536,48.697],[2.536,48.701],[2.531,48.7],[2.529,48.708],[2.523,48.71],[2.517,48.716],[2.516,48.729],[2.506,48.736],[2.479,48.728],[2.468,48.727],[2.466,48.73],[2.46,48.724],[2.454,48.725],[2.454,48.72],[2.448,48.722],[2.451,48.716],[2.449,48.715],[2.442,48.722],[2.444,48.724],[2.44,48.725],[2.414,48.718],[2.416,48.721],[2.41,48.726],[2.402,48.727],[2.397,48.721],[2.392,48.723],[2.385,48.719],[2.377,48.719],[2.371,48.72],[2.369,48.746],[2.363,48.746],[2.356,48.738],[2.337,48.742],[2.327,48.751],[2.321,48.749],[2.31,48.752],[2.311,48.754],[2.309,48.755],[2.327,48.779],[2.325,48.779],[2.325,48.786],[2.319,48.788],[2.326,48.807],[2.318,48.806],[2.318,48.808],[2.326,48.81],[2.332,48.817]]]}},{"type":"Feature","properties":{"code":"95","nom":"Val-d'Oise"},"geometry":{"type":"Polygon","coordinates":[[[2.591,49.08],[2.584,49.07],[2.571,49.061],[2.574,49.054],[2.586,49.058],[2.585,49.053],[2.594,49.047],[2.577,49.046],[2.568,49.039],[2.57,49.035],[2.566,49.029],[2.545,49.022],[2.535,49.024],[2.535,49.019],[2.537,49.018],[2.539,49.013],[2.545,49.012],[2.545,49.015],[2.549,49.015],[2.553,49.01],[2.553,49.007],[2.549,49.007],[2.549,49.003],[2.544,49.006],[2.532,49.005],[2.523,48.992],[2.519,48.991],[2.519,48.988],[2.513,48.986],[2.515,48.982],[2.504,48.979],[2.501,48.975],[2.496,48.975],[2.498,48.974],[2.496,48.973],[2.493,48.975],[2.487,48.967],[2.481,48.97],[2.469,48.963],[2.467,48.964],[2.459,48.955],[2.436,48.955],[2.428,48.959],[2.418,48.96],[2.407,48.956],[2.398,48.96],[2.385,48.971],[2.366,48.974],[2.359,48.973],[2.354,48.966],[2.344,48.968],[2.333,48.956],[2.328,48.96],[2.323,48.958],[2.299,48.966],[2.29,48.961],[2.288,48.958],[2.291,48.951],[2.261,48.943],[2.201,48.909],[2.198,48.912],[2.204,48.914],[2.199,48.919],[2.205,48.922],[2.199,48.935],[2.206,48.94],[2.206,48.95],[2.173,48.953],[2.179,48.966],[2.166,48.982],[2.127,48.989],[2.124,48.994],[2.121,48.993],[2.127,49.01],[2.121,49.018],[2.11,49.009],[2.085,49.015],[2.082,49.009],[2.075,49.006],[2.075,49.002],[2.072,49.002],[2.064,49.008],[2.043,49.001],[2.028,49.001],[2.024,48.998],[2.013,49.002],[1.992,49.021],[1.974,49.019],[1.964,49.026],[1.957,49.022],[1.948,49.027],[1.938,49.022],[1.912,49.042],[1.914,49.046],[1.909,49.048],[1.902,49.042],[1.891,49.039],[1.894,49.037],[1.883,49.034],[1.882,49.02],[1.875,49.017],[1.87,49.019],[1.862,49.014],[1.86,49.017],[1.865,49.022],[1.86,49.024],[1.859,49.032],[1.851,49.033],[1.855,49.035],[1.865,49.057],[1.852,49.063],[1.845,49.062],[1.841,49.069],[1.829,49.076],[1.816,49.077],[1.811,49.073],[1.797,49.072],[1.8,49.065],[1.792,49.061],[1.794,49.058],[1.774,49.057],[1.767,49.058],[1.76,49.063],[1.753,49.06],[1.757,49.058],[1.75,49.054],[1.751,49.048],[1.732,49.05],[1.723,49.045],[1.695,49.056],[1.697,49.067],[1.673,49.079],[1.643,49.081],[1.614,49.071],[1.609,49.078],[1.623,49.086],[1.619,49.089],[1.623,49.093],[1.618,49.094],[1.622,49.101],[1.628,49.103],[1.63,49.11],[1.645,49.118],[1.647,49.125],[1.658,49.132],[1.657,49.138],[1.653,49.138],[1.653,49.145],[1.664,49.153],[1.661,49.158],[1.665,49.166],[1.67,49.169],[1.666,49.177],[1.672,49.181],[1.669,49.187],[1.677,49.2],[1.677,49.203],[1.672,49.206],[1.675,49.211],[1.689,49.218],[1.692,49.223],[1.699,49.225],[1.704,49.232],[1.709,49.236],[1.709,49.241],[1.713,49.241],[1.712,49.233],[1.73,49.229],[1.74,49.223],[1.734,49.221],[1.734,49.211],[1.715,49.207],[1.716,49.203],[1.725,49.201],[1.727,49.195],[1.737,49.195],[1.745,49.183],[1.741,49.181],[1.756,49.175],[1.785,49.186],[1.791,49.18],[1.794,49.18],[1.795,49.185],[1.803,49.185],[1.804,49.18],[1.814,49.178],[1.812,49.174],[1.827,49.18],[1.834,49.176],[1.837,49.173],[1.835,49.165],[1.836,49.165],[1.844,49.17],[1.855,49.172],[1.858,49.17],[1.877,49.175],[1.877,49.171],[1.883,49.166],[1.883,49.162],[1.925,49.174],[1.934,49.174],[1.935,49.17],[1.95,49.17],[1.963,49.175],[1.973,49.184],[1.99,49.177],[2.002,49.176],[2.022,49.189],[2.034,49.188],[2.048,49.199],[2.072,49.204],[2.075,49.209],[2.081,49.21],[2.083,49.206],[2.091,49.209],[2.09,49.198],[2.093,49.196],[2.089,49.196],[2.089,49.194],[2.093,49.194],[2.098,49.189],[2.11,49.191],[2.113,49.187],[2.128,49.193],[2.135,49.191],[2.137,49.179],[2.141,49.179],[2.141,49.186],[2.147,49.188],[2.148,49.185],[2.165,49.18],[2.158,49.173],[2.169,49.164],[2.171,49.168],[2.182,49.17],[2.176,49.176],[2.196,49.173],[2.21,49.176],[2.219,49.181],[2.224,49.174],[2.235,49.167],[2.225,49.162],[2.217,49.155],[2.223,49.152],[2.254,49.153],[2.262,49.158],[2.268,49.156],[2.286,49.16],[2.285,49.166],[2.29,49.168],[2.289,49.171],[2.299,49.176],[2.301,49.184],[2.319,49.185],[2.359,49.147],[2.371,49.159],[2.376,49.159],[2.391,49.149],[2.413,49.152],[2.415,49.15],[2.441,49.146],[2.435,49.134],[2.447,49.136],[2.458,49.141],[2.462,49.139],[2.462,49.136],[2.472,49.135],[2.478,49.131],[2.475,49.128],[2.499,49.122],[2.503,49.118],[2.492,49.111],[2.49,49.106],[2.531,49.1],[2.533,49.119],[2.541,49.122],[2.544,49.12],[2.539,49.119],[2.54,49.116],[2.547,49.116],[2.549,49.122],[2.557,49.124],[2.556,49.118],[2.552,49.113],[2.556,49.109],[2.558,49.098],[2.579,49.092],[2.579,49.084],[2.583,49.081],[2.591,49.08]]]}},{"type":"Feature","properties":{"code":"971","nom":"Guadeloupe"},"geometry":{"type":"MultiPolygon","coordinates":[[[[-61.79,16.167],[-61.792,16.168],[-61.788,16.169],[-61.79,16.167]]],[[[-61.634,15.84],[-61.651,15.849],[-61.647,15.861],[-61.64,15.863],[-61.635,15.871],[-61.634,15.868],[-61.623,15.866],[-61.624,15.859],[-61.617,15.859],[-61.614,15.855],[-61.618,15.852],[-61.62,15.855],[-61.629,15.842],[-61.634,15.84]]],[[[-61.12,16.167],[-61.131,16.172],[-61.113,16.175],[-61.107,16.172],[-61.109,16.169],[-61.12,16.167]]],[[[-61.01,16.35],[-61.002,16.336],[-61.005,16.332],[-61.025,16.325],[-61.049,16.308],[-61.074,16.303],[-61.084,16.297],[-61.091,16.296],[-61.097,16.291],[-61.098,16.303],[-61.094,16.305],[-61.091,16.312],[-61.079,16.312],[-61.075,16.319],[-61.065,16.32],[-61.051,16.328],[-61.049,16.332],[-61.046,16.331],[-61.036,16.338],[-61.032,16.338],[-61.031,16.341],[-61.02,16.344],[-61.017,16.349],[-61.01,16.35]]],[[[-61.778,16.364],[-61.782,16.367],[-61.781,16.37],[-61.778,16.364]]],[[[-61.586,15.832],[-61.597,15.835],[-61.592,15.843],[-61.585,15.836],[-61.586,15.832]]],[[[-61.593,15.853],[-61.602,15.858],[-61.607,15.857],[-61.6,15.86],[-61.6,15.865],[-61.584,15.864],[-61.582,15.869],[-61.585,15.876],[-61.582,15.881],[-61.578,15.873],[-61.574,15.884],[-61.572,15.883],[-61.568,15.879],[-61.571,15.872],[-61.566,15.871],[-61.577,15.867],[-61.578,15.855],[-61.579,15.858],[-61.588,15.859],[-61.593,15.853]]],[[[-61.594,15.872],[-61.602,15.877],[-61.591,15.877],[-61.594,15.872]]],[[[-61.106,16.176],[-61.114,16.178],[-61.104,16.181],[-61.106,16.176]]],[[[-61.323,15.95],[-61.319,15.954],[-61.319,15.976],[-61.307,15.979],[-61.306,15.986],[-61.302,15.988],[-61.291,16.003],[-61.282,16.003],[-61.276,16.007],[-61.276,16.005],[-61.261,15.999],[-61.253,15.992],[-61.242,15.992],[-61.243,15.987],[-61.24,15.989],[-61.24,15.986],[-61.233,15.986],[-61.23,15.981],[-61.231,15.974],[-61.227,15.968],[-61.223,15.968],[-61.224,15.964],[-61.201,15.945],[-61.195,15.931],[-61.196,15.921],[-61.205,15.901],[-61.218,15.895],[-61.222,15.888],[-61.234,15.879],[-61.251,15.872],[-61.279,15.867],[-61.283,15.87],[-61.302,15.874],[-61.315,15.881],[-61.323,15.886],[-61.331,15.898],[-61.329,15.904],[-61.337,15.941],[-61.323,15.95]]],[[[-61.587,16.345],[-61.592,16.346],[-61.594,16.342],[-61.597,16.342],[-61.59,16.353],[-61.579,16.349],[-61.581,16.345],[-61.587,16.345]]],[[[-61.806,16.268],[-61.81,16.273],[-61.802,16.279],[-61.802,16.301],[-61.795,16.307],[-61.802,16.312],[-61.802,16.314],[-61.789,16.322],[-61.787,16.336],[-61.778,16.343],[-61.776,16.35],[-61.759,16.356],[-61.75,16.354],[-61.743,16.362],[-61.724,16.354],[-61.721,16.347],[-61.716,16.344],[-61.714,16.337],[-61.694,16.335],[-61.687,16.33],[-61.685,16.325],[-61.679,16.328],[-61.673,16.325],[-61.671,16.318],[-61.65,16.321],[-61.641,16.316],[-61.645,16.313],[-61.643,16.309],[-61.637,16.309],[-61.626,16.302],[-61.602,16.303],[-61.602,16.299],[-61.611,16.294],[-61.614,16.283],[-61.621,16.283],[-61.617,16.288],[-61.621,16.292],[-61.619,16.287],[-61.627,16.281],[-61.624,16.275],[-61.612,16.279],[-61.614,16.268],[-61.606,16.27],[-61.599,16.282],[-61.597,16.275],[-61.601,16.269],[-61.597,16.266],[-61.584,16.27],[-61.579,16.279],[-61.58,16.284],[-61.576,16.285],[-61.57,16.282],[-61.565,16.287],[-61.562,16.283],[-61.559,16.286],[-61.555,16.285],[-61.553,16.279],[-61.556,16.277],[-61.56,16.28],[-61.561,16.277],[-61.556,16.273],[-61.553,16.278],[-61.549,16.278],[-61.547,16.256],[-61.553,16.25],[-61.548,16.242],[-61.55,16.233],[-61.542,16.231],[-61.547,16.228],[-61.545,16.225],[-61.552,16.224],[-61.559,16.235],[-61.564,16.232],[-61.567,16.236],[-61.575,16.234],[-61.58,16.237],[-61.584,16.233],[-61.588,16.22],[-61.585,16.214],[-61.588,16.21],[-61.583,16.205],[-61.59,16.193],[-61.586,16.181],[-61.58,16.179],[-61.58,16.173],[-61.585,16.168],[-61.582,16.156],[-61.574,16.15],[-61.578,16.143],[-61.573,16.137],[-61.563,16.134],[-61.561,16.131],[-61.57,16.121],[-61.57,16.114],[-61.567,16.108],[-61.563,16.108],[-61.564,16.103],[-61.561,16.102],[-61.559,16.093],[-61.561,16.063],[-61.555,16.053],[-61.558,16.054],[-61.556,16.051],[-61.564,16.043],[-61.565,16.034],[-61.573,16.022],[-61.58,16.019],[-61.584,16.012],[-61.603,16],[-61.608,15.992],[-61.612,15.991],[-61.614,15.982],[-61.62,15.977],[-61.619,15.972],[-61.627,15.972],[-61.63,15.967],[-61.635,15.966],[-61.649,15.97],[-61.659,15.96],[-61.663,15.964],[-61.669,15.962],[-61.68,15.951],[-61.7,15.947],[-61.708,15.949],[-61.71,15.955],[-61.708,15.965],[-61.715,15.983],[-61.726,15.988],[-61.746,16.009],[-61.751,16.034],[-61.765,16.049],[-61.77,16.059],[-61.769,16.086],[-61.767,16.089],[-61.773,16.091],[-61.77,16.095],[-61.775,16.104],[-61.773,16.106],[-61.774,16.125],[-61.77,16.131],[-61.771,16.136],[-61.78,16.14],[-61.775,16.149],[-61.776,16.171],[-61.784,16.176],[-61.782,16.188],[-61.788,16.195],[-61.782,16.214],[-61.786,16.227],[-61.802,16.243],[-61.806,16.268]]],[[[-61.53,16.218],[-61.533,16.221],[-61.525,16.217],[-61.523,16.221],[-61.529,16.22],[-61.527,16.223],[-61.533,16.225],[-61.53,16.227],[-61.534,16.229],[-61.533,16.234],[-61.54,16.237],[-61.541,16.244],[-61.55,16.252],[-61.547,16.254],[-61.547,16.28],[-61.551,16.287],[-61.554,16.288],[-61.551,16.287],[-61.546,16.292],[-61.541,16.29],[-61.547,16.301],[-61.545,16.304],[-61.544,16.301],[-61.537,16.306],[-61.534,16.316],[-61.536,16.319],[-61.533,16.326],[-61.536,16.331],[-61.528,16.337],[-61.53,16.339],[-61.523,16.345],[-61.508,16.342],[-61.507,16.345],[-61.504,16.345],[-61.506,16.35],[-61.494,16.354],[-61.5,16.355],[-61.496,16.361],[-61.501,16.364],[-61.497,16.367],[-61.495,16.377],[-61.506,16.389],[-61.509,16.386],[-61.512,16.39],[-61.526,16.395],[-61.537,16.436],[-61.541,16.438],[-61.535,16.455],[-61.523,16.463],[-61.518,16.471],[-61.508,16.474],[-61.504,16.484],[-61.486,16.491],[-61.473,16.511],[-61.467,16.51],[-61.465,16.514],[-61.467,16.507],[-61.461,16.505],[-61.463,16.502],[-61.461,16.499],[-61.452,16.498],[-61.444,16.5],[-61.441,16.489],[-61.439,16.491],[-61.434,16.488],[-61.433,16.484],[-61.428,16.482],[-61.425,16.476],[-61.42,16.476],[-61.417,16.471],[-61.41,16.467],[-61.407,16.448],[-61.402,16.443],[-61.398,16.424],[-61.398,16.418],[-61.402,16.416],[-61.401,16.408],[-61.405,16.407],[-61.404,16.402],[-61.405,16.385],[-61.393,16.36],[-61.38,16.344],[-61.368,16.339],[-61.369,16.335],[-61.365,16.338],[-61.352,16.334],[-61.345,16.335],[-61.342,16.33],[-61.34,16.333],[-61.334,16.334],[-61.321,16.331],[-61.313,16.332],[-61.305,16.325],[-61.297,16.328],[-61.297,16.323],[-61.286,16.322],[-61.282,16.317],[-61.277,16.317],[-61.276,16.313],[-61.266,16.309],[-61.266,16.305],[-61.259,16.304],[-61.243,16.273],[-61.234,16.267],[-61.22,16.264],[-61.207,16.255],[-61.199,16.255],[-61.199,16.258],[-61.194,16.254],[-61.186,16.254],[-61.174,16.245],[-61.177,16.242],[-61.191,16.25],[-61.256,16.256],[-61.264,16.251],[-61.268,16.253],[-61.266,16.25],[-61.279,16.251],[-61.294,16.243],[-61.317,16.24],[-61.323,16.244],[-61.324,16.241],[-61.339,16.242],[-61.348,16.237],[-61.37,16.232],[-61.379,16.222],[-61.39,16.224],[-61.394,16.217],[-61.398,16.22],[-61.403,16.218],[-61.407,16.213],[-61.425,16.208],[-61.427,16.21],[-61.438,16.209],[-61.444,16.203],[-61.458,16.201],[-61.464,16.197],[-61.486,16.205],[-61.507,16.206],[-61.51,16.216],[-61.522,16.213],[-61.53,16.218]]],[[[-61.537,16.213],[-61.543,16.214],[-61.543,16.218],[-61.535,16.213],[-61.537,16.213]]]]}},{"type":"Feature","properties":{"code":"972","nom":"Martinique"},"geometry":{"type":"MultiPolygon","coordinates":[[[[-61.039,14.442],[-61.04,14.444],[-61.038,14.443],[-61.039,14.442]]],[[[-60.827,14.428],[-60.83,14.431],[-60.826,14.433],[-60.827,14.428]]],[[[-60.988,14.786],[-60.991,14.788],[-60.987,14.789],[-60.988,14.786]]],[[[-60.862,14.608],[-60.853,14.614],[-60.85,14.611],[-60.857,14.611],[-60.862,14.608]]],[[[-60.849,14.623],[-60.85,14.625],[-60.847,14.627],[-60.849,14.623]]],[[[-60.853,14.629],[-60.852,14.627],[-60.854,14.626],[-60.853,14.629]]],[[[-61.021,14.547],[-61.022,14.549],[-61.017,14.55],[-61.021,14.547]]],[[[-61.118,14.628],[-61.136,14.633],[-61.138,14.641],[-61.151,14.648],[-61.153,14.655],[-61.157,14.657],[-61.159,14.664],[-61.18,14.694],[-61.185,14.709],[-61.177,14.738],[-61.177,14.746],[-61.185,14.757],[-61.198,14.767],[-61.205,14.78],[-61.215,14.782],[-61.227,14.803],[-61.229,14.822],[-61.226,14.831],[-61.207,14.862],[-61.188,14.868],[-61.181,14.875],[-61.16,14.878],[-61.139,14.878],[-61.098,14.863],[-61.09,14.854],[-61.081,14.852],[-61.071,14.844],[-61.064,14.843],[-61.057,14.834],[-61.05,14.833],[-61.043,14.837],[-61.038,14.831],[-61.029,14.83],[-61.032,14.823],[-61.023,14.822],[-61.019,14.809],[-61.011,14.807],[-61.007,14.811],[-61.007,14.809],[-61.001,14.808],[-61.005,14.802],[-61.004,14.798],[-60.998,14.794],[-60.997,14.788],[-60.991,14.786],[-60.987,14.778],[-60.981,14.779],[-60.98,14.778],[-60.983,14.774],[-60.968,14.761],[-60.967,14.753],[-60.962,14.748],[-60.963,14.739],[-60.958,14.737],[-60.954,14.738],[-60.952,14.749],[-60.948,14.754],[-60.935,14.762],[-60.925,14.763],[-60.92,14.758],[-60.912,14.762],[-60.909,14.769],[-60.908,14.766],[-60.897,14.77],[-60.888,14.78],[-60.886,14.78],[-60.885,14.777],[-60.875,14.775],[-60.877,14.774],[-60.873,14.772],[-60.873,14.768],[-60.876,14.766],[-60.873,14.758],[-60.879,14.758],[-60.884,14.768],[-60.886,14.765],[-60.892,14.767],[-60.893,14.762],[-60.897,14.761],[-60.897,14.758],[-60.888,14.753],[-60.891,14.748],[-60.895,14.749],[-60.899,14.744],[-60.891,14.74],[-60.892,14.736],[-60.896,14.737],[-60.896,14.733],[-60.903,14.737],[-60.91,14.736],[-60.912,14.744],[-60.926,14.751],[-60.936,14.751],[-60.941,14.743],[-60.943,14.743],[-60.944,14.738],[-60.938,14.734],[-60.944,14.733],[-60.945,14.723],[-60.934,14.716],[-60.931,14.721],[-60.925,14.721],[-60.934,14.712],[-60.933,14.708],[-60.925,14.708],[-60.919,14.712],[-60.918,14.716],[-60.914,14.716],[-60.914,14.703],[-60.909,14.7],[-60.902,14.702],[-60.901,14.699],[-60.902,14.695],[-60.907,14.696],[-60.911,14.688],[-60.913,14.692],[-60.929,14.687],[-60.929,14.683],[-60.925,14.679],[-60.93,14.679],[-60.937,14.684],[-60.938,14.675],[-60.943,14.672],[-60.943,14.669],[-60.935,14.665],[-60.929,14.653],[-60.92,14.655],[-60.917,14.663],[-60.912,14.666],[-60.909,14.662],[-60.906,14.662],[-60.906,14.667],[-60.902,14.662],[-60.897,14.665],[-60.899,14.661],[-60.894,14.659],[-60.891,14.66],[-60.89,14.666],[-60.883,14.665],[-60.886,14.653],[-60.889,14.657],[-60.89,14.651],[-60.896,14.649],[-60.903,14.653],[-60.902,14.65],[-60.906,14.648],[-60.896,14.641],[-60.889,14.641],[-60.895,14.639],[-60.894,14.636],[-60.891,14.636],[-60.891,14.631],[-60.898,14.629],[-60.899,14.621],[-60.889,14.619],[-60.887,14.621],[-60.887,14.615],[-60.884,14.619],[-60.881,14.618],[-60.877,14.622],[-60.87,14.62],[-60.869,14.617],[-60.876,14.616],[-60.878,14.612],[-60.868,14.601],[-60.872,14.6],[-60.872,14.596],[-60.868,14.59],[-60.859,14.589],[-60.852,14.595],[-60.852,14.59],[-60.848,14.588],[-60.85,14.586],[-60.846,14.583],[-60.852,14.583],[-60.852,14.58],[-60.842,14.579],[-60.854,14.575],[-60.852,14.568],[-60.843,14.571],[-60.849,14.567],[-60.848,14.565],[-60.841,14.567],[-60.845,14.559],[-60.841,14.56],[-60.83,14.57],[-60.825,14.568],[-60.839,14.55],[-60.829,14.543],[-60.827,14.537],[-60.829,14.535],[-60.837,14.533],[-60.833,14.531],[-60.827,14.534],[-60.824,14.53],[-60.826,14.521],[-60.83,14.524],[-60.835,14.523],[-60.833,14.518],[-60.836,14.516],[-60.837,14.512],[-60.835,14.51],[-60.828,14.515],[-60.824,14.513],[-60.823,14.496],[-60.821,14.493],[-60.818,14.495],[-60.811,14.48],[-60.814,14.473],[-60.819,14.472],[-60.82,14.476],[-60.824,14.472],[-60.819,14.469],[-60.814,14.46],[-60.809,14.46],[-60.816,14.46],[-60.824,14.452],[-60.825,14.437],[-60.834,14.433],[-60.835,14.423],[-60.841,14.422],[-60.843,14.427],[-60.849,14.427],[-60.85,14.422],[-60.843,14.421],[-60.845,14.416],[-60.838,14.415],[-60.839,14.411],[-60.846,14.413],[-60.855,14.404],[-60.856,14.397],[-60.869,14.395],[-60.878,14.397],[-60.877,14.401],[-60.884,14.405],[-60.887,14.41],[-60.885,14.414],[-60.893,14.419],[-60.88,14.438],[-60.884,14.448],[-60.884,14.452],[-60.878,14.446],[-60.876,14.449],[-60.872,14.448],[-60.873,14.457],[-60.864,14.455],[-60.867,14.458],[-60.862,14.463],[-60.866,14.47],[-60.872,14.469],[-60.877,14.472],[-60.878,14.468],[-60.883,14.466],[-60.899,14.448],[-60.9,14.452],[-60.911,14.461],[-60.91,14.469],[-60.916,14.468],[-60.917,14.472],[-60.919,14.467],[-60.934,14.462],[-60.943,14.466],[-60.956,14.465],[-60.965,14.473],[-60.974,14.468],[-60.978,14.471],[-60.976,14.476],[-60.98,14.482],[-60.985,14.479],[-60.985,14.473],[-60.992,14.479],[-60.99,14.468],[-60.992,14.466],[-60.999,14.469],[-61.004,14.479],[-61.008,14.474],[-61.006,14.471],[-61.019,14.481],[-61.033,14.477],[-61.044,14.471],[-61.049,14.458],[-61.056,14.454],[-61.065,14.458],[-61.07,14.468],[-61.08,14.469],[-61.083,14.474],[-61.079,14.48],[-61.08,14.489],[-61.091,14.493],[-61.09,14.498],[-61.084,14.499],[-61.085,14.505],[-61.101,14.508],[-61.097,14.514],[-61.094,14.525],[-61.09,14.525],[-61.09,14.528],[-61.088,14.527],[-61.088,14.534],[-61.077,14.542],[-61.068,14.54],[-61.065,14.542],[-61.061,14.551],[-61.054,14.552],[-61.052,14.562],[-61.051,14.557],[-61.049,14.56],[-61.052,14.551],[-61.038,14.557],[-61.037,14.55],[-61.044,14.547],[-61.041,14.541],[-61.03,14.541],[-61.032,14.537],[-61.028,14.537],[-61.027,14.535],[-61.023,14.54],[-61.018,14.539],[-61.017,14.534],[-61.014,14.535],[-61.008,14.542],[-61.006,14.541],[-61.007,14.536],[-61,14.544],[-60.994,14.547],[-60.997,14.551],[-60.993,14.552],[-60.991,14.547],[-60.99,14.55],[-60.996,14.555],[-60.995,14.559],[-60.998,14.561],[-61.001,14.56],[-61.004,14.562],[-61.011,14.561],[-61.011,14.568],[-61.014,14.571],[-61.01,14.578],[-61.014,14.579],[-61.016,14.583],[-61.024,14.585],[-61.024,14.592],[-61.016,14.596],[-61.02,14.601],[-61.014,14.602],[-61.022,14.603],[-61.019,14.612],[-61.024,14.613],[-61.032,14.606],[-61.04,14.606],[-61.037,14.593],[-61.041,14.596],[-61.047,14.594],[-61.049,14.598],[-61.06,14.595],[-61.059,14.604],[-61.061,14.6],[-61.066,14.603],[-61.066,14.597],[-61.071,14.603],[-61.09,14.599],[-61.105,14.619],[-61.111,14.626],[-61.118,14.628]]],[[[-60.889,14.69],[-60.899,14.696],[-60.887,14.697],[-60.879,14.693],[-60.888,14.692],[-60.889,14.69]]],[[[-60.888,14.63],[-60.889,14.635],[-60.885,14.633],[-60.888,14.63]]],[[[-60.9,14.685],[-60.902,14.687],[-60.899,14.687],[-60.9,14.685]]]]}},{"type":"Feature","properties":{"code":"973","nom":"Guyane"},"geometry":{"type":"MultiPolygon","coordinates":[[[[-53.87,5.745],[-53.865,5.743],[-53.884,5.737],[-53.902,5.742],[-53.903,5.747],[-53.89,5.748],[-53.87,5.745]]],[[[-52.18,4.891],[-52.182,4.889],[-52.19,4.892],[-52.18,4.894],[-52.18,4.891]]],[[[-52.203,4.925],[-52.206,4.929],[-52.201,4.931],[-52.203,4.925]]],[[[-53.469,5.565],[-53.469,5.568],[-53.456,5.569],[-53.403,5.564],[-53.368,5.552],[-53.331,5.545],[-53.318,5.539],[-53.28,5.543],[-53.266,5.536],[-53.255,5.522],[-53.251,5.521],[-53.262,5.538],[-53.275,5.546],[-53.293,5.547],[-53.301,5.553],[-53.294,5.56],[-53.292,5.557],[-53.28,5.564],[-53.275,5.563],[-53.269,5.552],[-53.261,5.549],[-53.245,5.543],[-53.234,5.543],[-53.188,5.525],[-53.172,5.523],[-53.131,5.508],[-53.126,5.5],[-53.116,5.493],[-53.072,5.468],[-53.02,5.458],[-53.014,5.455],[-52.996,5.432],[-52.992,5.435],[-53.003,5.456],[-52.997,5.46],[-52.983,5.454],[-52.971,5.456],[-52.957,5.45],[-52.956,5.456],[-52.953,5.455],[-52.941,5.45],[-52.94,5.445],[-52.935,5.446],[-52.927,5.438],[-52.924,5.43],[-52.913,5.424],[-52.909,5.419],[-52.905,5.419],[-52.873,5.393],[-52.87,5.382],[-52.866,5.385],[-52.855,5.378],[-52.847,5.36],[-52.843,5.36],[-52.834,5.347],[-52.832,5.333],[-52.825,5.327],[-52.82,5.328],[-52.812,5.324],[-52.796,5.311],[-52.788,5.308],[-52.785,5.297],[-52.776,5.287],[-52.747,5.258],[-52.723,5.237],[-52.666,5.2],[-52.656,5.185],[-52.637,5.166],[-52.628,5.163],[-52.626,5.158],[-52.63,5.151],[-52.628,5.146],[-52.607,5.135],[-52.576,5.107],[-52.57,5.108],[-52.561,5.104],[-52.556,5.107],[-52.556,5.1],[-52.55,5.101],[-52.547,5.095],[-52.557,5.096],[-52.552,5.088],[-52.545,5.088],[-52.544,5.092],[-52.538,5.088],[-52.513,5.068],[-52.507,5.057],[-52.501,5.056],[-52.49,5.041],[-52.468,5.023],[-52.46,5.012],[-52.437,4.991],[-52.43,4.99],[-52.425,4.983],[-52.416,4.982],[-52.414,4.972],[-52.402,4.964],[-52.39,4.945],[-52.365,4.921],[-52.356,4.918],[-52.334,4.931],[-52.338,4.937],[-52.336,4.943],[-52.319,4.944],[-52.313,4.95],[-52.302,4.951],[-52.293,4.941],[-52.287,4.943],[-52.282,4.933],[-52.263,4.914],[-52.259,4.914],[-52.258,4.909],[-52.262,4.909],[-52.264,4.907],[-52.263,4.9],[-52.246,4.887],[-52.244,4.878],[-52.229,4.86],[-52.21,4.859],[-52.201,4.851],[-52.193,4.835],[-52.188,4.833],[-52.186,4.822],[-52.178,4.823],[-52.17,4.817],[-52.146,4.791],[-52.14,4.79],[-52.139,4.797],[-52.11,4.785],[-52.101,4.772],[-52.087,4.768],[-52.075,4.758],[-52.074,4.753],[-52.032,4.728],[-52.024,4.716],[-52.022,4.719],[-52.018,4.718],[-52.006,4.702],[-51.916,4.669],[-51.913,4.673],[-51.904,4.677],[-51.862,4.672],[-51.862,4.67],[-51.836,4.654],[-51.823,4.636],[-51.811,4.632],[-51.813,4.628],[-51.8,4.615],[-51.79,4.591],[-51.791,4.587],[-51.785,4.577],[-51.786,4.564],[-51.781,4.552],[-51.783,4.547],[-51.775,4.521],[-51.773,4.499],[-51.777,4.49],[-51.77,4.471],[-51.75,4.447],[-51.748,4.439],[-51.752,4.437],[-51.752,4.429],[-51.755,4.425],[-51.752,4.418],[-51.712,4.388],[-51.703,4.39],[-51.7,4.396],[-51.692,4.395],[-51.694,4.382],[-51.702,4.382],[-51.708,4.376],[-51.719,4.353],[-51.718,4.34],[-51.71,4.312],[-51.701,4.294],[-51.68,4.266],[-51.676,4.254],[-51.661,4.244],[-51.657,4.233],[-51.661,4.227],[-51.651,4.224],[-51.64,4.212],[-51.635,4.201],[-51.619,4.201],[-51.626,4.195],[-51.635,4.176],[-51.638,4.133],[-51.648,4.08],[-51.656,4.054],[-51.676,4.036],[-51.746,4.001],[-51.776,3.976],[-51.782,3.964],[-51.783,3.946],[-51.78,3.941],[-51.783,3.921],[-51.799,3.887],[-51.822,3.868],[-51.823,3.859],[-51.838,3.85],[-51.856,3.833],[-51.874,3.803],[-51.884,3.802],[-51.886,3.795],[-51.901,3.8],[-51.905,3.798],[-51.904,3.794],[-51.896,3.789],[-51.898,3.784],[-51.913,3.78],[-51.919,3.782],[-51.921,3.778],[-51.921,3.774],[-51.926,3.767],[-51.916,3.746],[-51.92,3.737],[-51.919,3.732],[-51.922,3.724],[-51.932,3.723],[-51.936,3.719],[-51.949,3.723],[-51.956,3.72],[-51.956,3.715],[-51.973,3.705],[-51.978,3.685],[-51.986,3.673],[-51.987,3.653],[-51.993,3.643],[-51.988,3.628],[-52.003,3.609],[-52.02,3.593],[-52.06,3.52],[-52.073,3.516],[-52.073,3.511],[-52.07,3.508],[-52.074,3.5],[-52.08,3.492],[-52.087,3.49],[-52.094,3.475],[-52.095,3.462],[-52.109,3.451],[-52.114,3.434],[-52.117,3.433],[-52.129,3.413],[-52.162,3.351],[-52.169,3.345],[-52.177,3.327],[-52.187,3.32],[-52.193,3.308],[-52.189,3.302],[-52.191,3.297],[-52.203,3.288],[-52.234,3.241],[-52.243,3.237],[-52.247,3.242],[-52.249,3.25],[-52.26,3.253],[-52.262,3.252],[-52.264,3.245],[-52.275,3.236],[-52.293,3.226],[-52.295,3.212],[-52.303,3.199],[-52.299,3.178],[-52.303,3.173],[-52.312,3.175],[-52.321,3.17],[-52.33,3.172],[-52.329,3.166],[-52.341,3.144],[-52.331,3.139],[-52.334,3.135],[-52.346,3.136],[-52.353,3.128],[-52.352,3.123],[-52.346,3.12],[-52.339,3.121],[-52.339,3.117],[-52.345,3.108],[-52.345,3.098],[-52.326,3.078],[-52.346,3.042],[-52.354,3.021],[-52.362,3.017],[-52.366,2.995],[-52.371,2.989],[-52.368,2.984],[-52.371,2.976],[-52.383,2.951],[-52.392,2.948],[-52.393,2.945],[-52.39,2.94],[-52.395,2.928],[-52.388,2.917],[-52.377,2.92],[-52.379,2.913],[-52.39,2.898],[-52.401,2.897],[-52.406,2.901],[-52.41,2.893],[-52.42,2.893],[-52.423,2.89],[-52.445,2.85],[-52.456,2.822],[-52.473,2.794],[-52.478,2.782],[-52.476,2.763],[-52.481,2.761],[-52.483,2.758],[-52.479,2.753],[-52.488,2.733],[-52.5,2.722],[-52.507,2.698],[-52.52,2.682],[-52.52,2.676],[-52.528,2.663],[-52.526,2.659],[-52.529,2.652],[-52.533,2.65],[-52.542,2.654],[-52.55,2.649],[-52.55,2.646],[-52.555,2.64],[-52.551,2.631],[-52.545,2.631],[-52.542,2.622],[-52.545,2.615],[-52.55,2.611],[-52.536,2.603],[-52.531,2.598],[-52.528,2.581],[-52.538,2.567],[-52.537,2.559],[-52.547,2.562],[-52.551,2.561],[-52.561,2.55],[-52.555,2.532],[-52.55,2.532],[-52.552,2.521],[-52.565,2.516],[-52.589,2.492],[-52.587,2.49],[-52.594,2.478],[-52.598,2.475],[-52.618,2.475],[-52.622,2.47],[-52.622,2.462],[-52.61,2.452],[-52.617,2.445],[-52.637,2.445],[-52.637,2.44],[-52.646,2.432],[-52.643,2.426],[-52.645,2.418],[-52.657,2.404],[-52.658,2.399],[-52.654,2.396],[-52.661,2.374],[-52.668,2.373],[-52.67,2.37],[-52.68,2.371],[-52.71,2.359],[-52.719,2.35],[-52.717,2.344],[-52.733,2.339],[-52.736,2.335],[-52.74,2.337],[-52.749,2.329],[-52.771,2.32],[-52.773,2.315],[-52.781,2.316],[-52.783,2.31],[-52.787,2.311],[-52.804,2.3],[-52.835,2.293],[-52.837,2.29],[-52.842,2.291],[-52.843,2.287],[-52.839,2.286],[-52.838,2.281],[-52.853,2.279],[-52.856,2.282],[-52.854,2.264],[-52.869,2.259],[-52.877,2.238],[-52.887,2.239],[-52.886,2.219],[-52.892,2.216],[-52.904,2.187],[-52.921,2.193],[-52.921,2.19],[-52.93,2.189],[-52.935,2.194],[-52.939,2.19],[-52.938,2.181],[-52.941,2.179],[-52.957,2.173],[-52.96,2.175],[-52.975,2.172],[-52.98,2.168],[-52.988,2.168],[-52.989,2.171],[-52.999,2.178],[-53.012,2.178],[-53.033,2.187],[-53.039,2.185],[-53.052,2.19],[-53.062,2.199],[-53.062,2.204],[-53.069,2.214],[-53.08,2.222],[-53.112,2.225],[-53.128,2.223],[-53.131,2.225],[-53.145,2.219],[-53.153,2.221],[-53.159,2.221],[-53.16,2.217],[-53.167,2.219],[-53.185,2.211],[-53.191,2.214],[-53.21,2.211],[-53.216,2.203],[-53.224,2.201],[-53.233,2.206],[-53.236,2.21],[-53.245,2.211],[-53.263,2.189],[-53.274,2.19],[-53.278,2.195],[-53.275,2.217],[-53.279,2.219],[-53.272,2.222],[-53.263,2.22],[-53.257,2.231],[-53.259,2.235],[-53.256,2.249],[-53.252,2.241],[-53.238,2.249],[-53.234,2.256],[-53.227,2.255],[-53.227,2.264],[-53.238,2.27],[-53.256,2.27],[-53.26,2.274],[-53.26,2.286],[-53.273,2.293],[-53.281,2.305],[-53.301,2.307],[-53.314,2.323],[-53.313,2.328],[-53.319,2.345],[-53.322,2.343],[-53.321,2.338],[-53.328,2.338],[-53.332,2.334],[-53.333,2.346],[-53.34,2.352],[-53.344,2.351],[-53.347,2.347],[-53.356,2.348],[-53.361,2.344],[-53.358,2.338],[-53.359,2.327],[-53.372,2.313],[-53.38,2.313],[-53.387,2.308],[-53.388,2.304],[-53.395,2.307],[-53.399,2.305],[-53.406,2.29],[-53.411,2.287],[-53.431,2.289],[-53.431,2.284],[-53.445,2.273],[-53.445,2.267],[-53.447,2.267],[-53.451,2.26],[-53.458,2.258],[-53.461,2.254],[-53.469,2.252],[-53.481,2.256],[-53.484,2.262],[-53.49,2.262],[-53.492,2.257],[-53.496,2.261],[-53.511,2.257],[-53.515,2.261],[-53.524,2.259],[-53.526,2.253],[-53.535,2.252],[-53.538,2.257],[-53.545,2.255],[-53.547,2.253],[-53.555,2.257],[-53.56,2.265],[-53.567,2.264],[-53.568,2.267],[-53.582,2.268],[-53.582,2.263],[-53.587,2.263],[-53.59,2.272],[-53.598,2.274],[-53.604,2.281],[-53.615,2.277],[-53.617,2.273],[-53.624,2.276],[-53.623,2.279],[-53.631,2.279],[-53.634,2.276],[-53.641,2.28],[-53.645,2.278],[-53.657,2.279],[-53.658,2.285],[-53.652,2.296],[-53.655,2.299],[-53.661,2.295],[-53.665,2.302],[-53.673,2.302],[-53.674,2.298],[-53.681,2.297],[-53.683,2.293],[-53.689,2.295],[-53.69,2.306],[-53.699,2.311],[-53.704,2.311],[-53.706,2.306],[-53.71,2.306],[-53.712,2.31],[-53.729,2.311],[-53.731,2.305],[-53.74,2.306],[-53.748,2.316],[-53.748,2.32],[-53.733,2.322],[-53.738,2.332],[-53.726,2.339],[-53.721,2.35],[-53.729,2.348],[-53.729,2.353],[-53.738,2.361],[-53.751,2.358],[-53.751,2.362],[-53.737,2.366],[-53.736,2.372],[-53.742,2.373],[-53.743,2.37],[-53.751,2.37],[-53.756,2.371],[-53.758,2.375],[-53.766,2.376],[-53.774,2.369],[-53.78,2.37],[-53.785,2.368],[-53.783,2.361],[-53.797,2.362],[-53.8,2.354],[-53.81,2.352],[-53.81,2.341],[-53.835,2.332],[-53.836,2.327],[-53.828,2.323],[-53.82,2.325],[-53.815,2.322],[-53.813,2.311],[-53.823,2.313],[-53.826,2.308],[-53.831,2.308],[-53.838,2.302],[-53.842,2.305],[-53.853,2.304],[-53.856,2.313],[-53.862,2.31],[-53.864,2.304],[-53.871,2.309],[-53.883,2.309],[-53.887,2.297],[-53.883,2.287],[-53.889,2.282],[-53.889,2.278],[-53.885,2.275],[-53.889,2.271],[-53.896,2.273],[-53.896,2.268],[-53.901,2.268],[-53.905,2.261],[-53.915,2.262],[-53.915,2.269],[-53.912,2.272],[-53.915,2.278],[-53.924,2.274],[-53.934,2.281],[-53.934,2.269],[-53.941,2.259],[-53.934,2.248],[-53.938,2.242],[-53.933,2.237],[-53.941,2.233],[-53.94,2.221],[-53.944,2.215],[-53.962,2.219],[-53.973,2.206],[-53.99,2.209],[-54.006,2.196],[-54.016,2.183],[-54.024,2.181],[-54.025,2.186],[-54.029,2.185],[-54.033,2.188],[-54.046,2.186],[-54.056,2.19],[-54.059,2.198],[-54.066,2.197],[-54.066,2.19],[-54.073,2.183],[-54.072,2.179],[-54.083,2.173],[-54.082,2.166],[-54.088,2.154],[-54.084,2.15],[-54.087,2.142],[-54.084,2.14],[-54.084,2.136],[-54.094,2.14],[-54.095,2.132],[-54.106,2.121],[-54.101,2.112],[-54.107,2.111],[-54.112,2.118],[-54.126,2.124],[-54.132,2.121],[-54.136,2.122],[-54.142,2.113],[-54.144,2.12],[-54.15,2.12],[-54.159,2.124],[-54.157,2.127],[-54.16,2.129],[-54.169,2.129],[-54.169,2.133],[-54.174,2.137],[-54.176,2.15],[-54.182,2.151],[-54.186,2.165],[-54.184,2.178],[-54.187,2.179],[-54.19,2.177],[-54.19,2.171],[-54.216,2.159],[-54.224,2.15],[-54.228,2.152],[-54.24,2.152],[-54.245,2.156],[-54.251,2.153],[-54.254,2.156],[-54.266,2.145],[-54.28,2.146],[-54.321,2.159],[-54.323,2.154],[-54.332,2.155],[-54.342,2.152],[-54.344,2.161],[-54.339,2.169],[-54.348,2.174],[-54.353,2.171],[-54.361,2.175],[-54.363,2.18],[-54.365,2.187],[-54.361,2.188],[-54.362,2.195],[-54.355,2.203],[-54.362,2.212],[-54.38,2.203],[-54.384,2.206],[-54.391,2.205],[-54.397,2.197],[-54.41,2.199],[-54.416,2.195],[-54.421,2.2],[-54.416,2.208],[-54.419,2.212],[-54.427,2.215],[-54.449,2.204],[-54.457,2.21],[-54.461,2.208],[-54.473,2.214],[-54.477,2.213],[-54.478,2.229],[-54.483,2.229],[-54.486,2.233],[-54.496,2.233],[-54.499,2.24],[-54.494,2.244],[-54.496,2.249],[-54.505,2.255],[-54.523,2.252],[-54.527,2.261],[-54.536,2.261],[-54.548,2.27],[-54.549,2.272],[-54.539,2.273],[-54.527,2.279],[-54.515,2.278],[-54.514,2.281],[-54.519,2.289],[-54.534,2.293],[-54.539,2.306],[-54.533,2.317],[-54.539,2.321],[-54.539,2.325],[-54.543,2.327],[-54.555,2.326],[-54.557,2.33],[-54.56,2.327],[-54.576,2.327],[-54.588,2.322],[-54.602,2.337],[-54.597,2.341],[-54.593,2.341],[-54.594,2.346],[-54.59,2.352],[-54.585,2.35],[-54.57,2.354],[-54.535,2.341],[-54.534,2.334],[-54.525,2.333],[-54.522,2.337],[-54.506,2.338],[-54.512,2.36],[-54.51,2.371],[-54.505,2.378],[-54.505,2.391],[-54.5,2.402],[-54.486,2.412],[-54.484,2.419],[-54.475,2.432],[-54.476,2.435],[-54.461,2.435],[-54.452,2.432],[-54.451,2.435],[-54.438,2.43],[-54.434,2.435],[-54.425,2.438],[-54.42,2.437],[-54.403,2.458],[-54.399,2.468],[-54.391,2.467],[-54.387,2.47],[-54.389,2.481],[-54.384,2.486],[-54.38,2.485],[-54.373,2.491],[-54.375,2.497],[-54.37,2.509],[-54.36,2.509],[-54.361,2.515],[-54.353,2.519],[-54.349,2.525],[-54.352,2.529],[-54.346,2.532],[-54.343,2.543],[-54.345,2.563],[-54.335,2.565],[-54.328,2.575],[-54.33,2.578],[-54.323,2.594],[-54.321,2.609],[-54.313,2.613],[-54.313,2.618],[-54.317,2.62],[-54.318,2.63],[-54.313,2.631],[-54.308,2.642],[-54.296,2.652],[-54.291,2.661],[-54.281,2.663],[-54.274,2.676],[-54.278,2.683],[-54.275,2.686],[-54.269,2.685],[-54.266,2.689],[-54.273,2.693],[-54.265,2.723],[-54.257,2.73],[-54.245,2.733],[-54.246,2.739],[-54.233,2.751],[-54.229,2.75],[-54.223,2.754],[-54.226,2.759],[-54.225,2.763],[-54.218,2.761],[-54.208,2.778],[-54.211,2.789],[-54.198,2.804],[-54.204,2.814],[-54.205,2.821],[-54.203,2.826],[-54.208,2.827],[-54.208,2.831],[-54.198,2.835],[-54.195,2.831],[-54.186,2.838],[-54.183,2.855],[-54.179,2.859],[-54.181,2.865],[-54.189,2.868],[-54.195,2.885],[-54.192,2.889],[-54.191,2.898],[-54.186,2.904],[-54.185,2.917],[-54.191,2.919],[-54.191,2.925],[-54.179,2.928],[-54.172,2.943],[-54.177,2.944],[-54.173,2.948],[-54.176,2.958],[-54.172,2.965],[-54.165,2.965],[-54.161,2.969],[-54.163,2.972],[-54.177,2.976],[-54.181,2.984],[-54.181,2.993],[-54.186,2.999],[-54.182,3.002],[-54.178,3.001],[-54.17,3.006],[-54.17,3.016],[-54.182,3.046],[-54.185,3.052],[-54.192,3.056],[-54.195,3.065],[-54.184,3.073],[-54.174,3.073],[-54.173,3.079],[-54.181,3.086],[-54.181,3.091],[-54.174,3.106],[-54.174,3.109],[-54.178,3.11],[-54.181,3.125],[-54.192,3.135],[-54.196,3.134],[-54.199,3.124],[-54.211,3.128],[-54.214,3.136],[-54.201,3.142],[-54.211,3.144],[-54.214,3.15],[-54.212,3.155],[-54.208,3.154],[-54.203,3.158],[-54.201,3.163],[-54.204,3.167],[-54.203,3.175],[-54.199,3.176],[-54.197,3.192],[-54.189,3.202],[-54.189,3.206],[-54.175,3.206],[-54.163,3.23],[-54.154,3.233],[-54.152,3.247],[-54.145,3.25],[-54.136,3.266],[-54.122,3.272],[-54.118,3.285],[-54.11,3.287],[-54.101,3.3],[-54.086,3.292],[-54.081,3.293],[-54.07,3.303],[-54.064,3.313],[-54.067,3.324],[-54.063,3.333],[-54.062,3.352],[-54.059,3.359],[-54.054,3.363],[-54.054,3.371],[-54.059,3.378],[-54.059,3.385],[-54.05,3.386],[-54.037,3.403],[-54.021,3.412],[-54.012,3.427],[-54.019,3.436],[-54.02,3.443],[-54.016,3.451],[-54.017,3.457],[-54.008,3.468],[-54.008,3.507],[-54,3.524],[-54.009,3.536],[-54.005,3.561],[-53.999,3.571],[-53.987,3.58],[-53.981,3.608],[-53.989,3.615],[-53.992,3.626],[-54.007,3.649],[-54.012,3.651],[-54.023,3.647],[-54.029,3.631],[-54.043,3.635],[-54.046,3.633],[-54.051,3.635],[-54.052,3.64],[-54.05,3.653],[-54.057,3.66],[-54.083,3.674],[-54.087,3.687],[-54.079,3.706],[-54.079,3.714],[-54.085,3.724],[-54.096,3.733],[-54.101,3.752],[-54.113,3.768],[-54.122,3.793],[-54.13,3.8],[-54.15,3.804],[-54.166,3.805],[-54.186,3.8],[-54.198,3.806],[-54.201,3.811],[-54.202,3.823],[-54.19,3.837],[-54.192,3.847],[-54.197,3.851],[-54.231,3.857],[-54.237,3.861],[-54.25,3.887],[-54.253,3.899],[-54.249,3.904],[-54.249,3.909],[-54.268,3.919],[-54.274,3.928],[-54.276,3.925],[-54.283,3.927],[-54.29,3.936],[-54.296,3.948],[-54.303,3.983],[-54.308,3.989],[-54.318,4.015],[-54.336,4.037],[-54.345,4.045],[-54.35,4.043],[-54.355,4.046],[-54.358,4.05],[-54.352,4.073],[-54.342,4.09],[-54.346,4.099],[-54.344,4.113],[-54.323,4.135],[-54.323,4.144],[-54.325,4.15],[-54.341,4.156],[-54.348,4.164],[-54.358,4.168],[-54.366,4.176],[-54.387,4.179],[-54.391,4.187],[-54.396,4.209],[-54.382,4.263],[-54.383,4.272],[-54.392,4.283],[-54.394,4.307],[-54.391,4.341],[-54.387,4.354],[-54.395,4.365],[-54.409,4.371],[-54.414,4.375],[-54.436,4.362],[-54.442,4.371],[-54.436,4.384],[-54.436,4.395],[-54.433,4.4],[-54.435,4.408],[-54.432,4.41],[-54.442,4.438],[-54.434,4.45],[-54.432,4.463],[-54.441,4.488],[-54.44,4.499],[-54.45,4.526],[-54.441,4.535],[-54.439,4.542],[-54.425,4.555],[-54.424,4.572],[-54.418,4.579],[-54.419,4.586],[-54.416,4.59],[-54.415,4.607],[-54.434,4.629],[-54.438,4.643],[-54.434,4.656],[-54.427,4.659],[-54.424,4.665],[-54.428,4.673],[-54.426,4.683],[-54.432,4.688],[-54.433,4.697],[-54.427,4.715],[-54.435,4.725],[-54.451,4.723],[-54.459,4.726],[-54.466,4.74],[-54.46,4.778],[-54.468,4.815],[-54.466,4.824],[-54.469,4.863],[-54.467,4.873],[-54.47,4.88],[-54.469,4.89],[-54.478,4.895],[-54.479,4.904],[-54.444,4.94],[-54.44,4.953],[-54.44,4.972],[-54.443,4.987],[-54.436,4.993],[-54.438,5.017],[-54.426,5.034],[-54.419,5.052],[-54.416,5.085],[-54.375,5.108],[-54.368,5.122],[-54.371,5.127],[-54.365,5.138],[-54.351,5.144],[-54.346,5.162],[-54.334,5.176],[-54.308,5.225],[-54.286,5.249],[-54.279,5.263],[-54.256,5.281],[-54.24,5.286],[-54.228,5.299],[-54.209,5.303],[-54.205,5.311],[-54.197,5.319],[-54.184,5.323],[-54.174,5.342],[-54.155,5.356],[-54.142,5.371],[-54.118,5.417],[-54.093,5.441],[-54.064,5.481],[-54.047,5.492],[-54.038,5.51],[-54.019,5.521],[-54.01,5.545],[-54.004,5.573],[-54.007,5.589],[-54.005,5.612],[-54.015,5.641],[-54.015,5.652],[-54.012,5.664],[-53.972,5.734],[-53.968,5.745],[-53.951,5.744],[-53.946,5.747],[-53.934,5.747],[-53.895,5.733],[-53.837,5.732],[-53.799,5.724],[-53.736,5.689],[-53.735,5.691],[-53.722,5.686],[-53.697,5.668],[-53.662,5.647],[-53.63,5.633],[-53.593,5.608],[-53.576,5.607],[-53.566,5.601],[-53.525,5.584],[-53.469,5.565]]],[[[-52.586,5.285],[-52.594,5.287],[-52.593,5.289],[-52.587,5.289],[-52.586,5.285]]],[[[-52.585,5.29],[-52.583,5.296],[-52.58,5.295],[-52.585,5.29]]]]}},{"type":"Feature","properties":{"code":"974","nom":"La Réunion"},"geometry":{"type":"Polygon","coordinates":[[[55.254,-21.11],[55.231,-21.091],[55.221,-21.077],[55.222,-21.058],[55.226,-21.053],[55.224,-21.055],[55.221,-21.05],[55.217,-21.038],[55.235,-21.018],[55.247,-21.02],[55.257,-21.016],[55.277,-21.001],[55.283,-20.978],[55.277,-20.955],[55.281,-20.937],[55.284,-20.938],[55.282,-20.945],[55.284,-20.939],[55.286,-20.941],[55.287,-20.935],[55.289,-20.935],[55.286,-20.931],[55.286,-20.936],[55.283,-20.935],[55.283,-20.927],[55.287,-20.924],[55.304,-20.929],[55.318,-20.928],[55.319,-20.931],[55.315,-20.933],[55.325,-20.935],[55.325,-20.93],[55.322,-20.926],[55.33,-20.928],[55.345,-20.922],[55.352,-20.911],[55.395,-20.882],[55.421,-20.874],[55.44,-20.877],[55.451,-20.872],[55.47,-20.884],[55.49,-20.886],[55.503,-20.882],[55.542,-20.895],[55.551,-20.895],[55.559,-20.892],[55.582,-20.898],[55.592,-20.896],[55.621,-20.911],[55.648,-20.916],[55.666,-20.926],[55.683,-20.944],[55.697,-20.966],[55.701,-20.979],[55.703,-21.018],[55.708,-21.028],[55.718,-21.032],[55.732,-21.05],[55.731,-21.06],[55.739,-21.072],[55.756,-21.089],[55.763,-21.101],[55.771,-21.107],[55.78,-21.122],[55.786,-21.126],[55.792,-21.124],[55.8,-21.127],[55.81,-21.137],[55.826,-21.144],[55.828,-21.153],[55.835,-21.16],[55.833,-21.171],[55.837,-21.183],[55.832,-21.186],[55.826,-21.186],[55.825,-21.203],[55.814,-21.214],[55.809,-21.228],[55.808,-21.239],[55.802,-21.26],[55.804,-21.279],[55.808,-21.287],[55.804,-21.31],[55.806,-21.326],[55.809,-21.331],[55.807,-21.337],[55.797,-21.351],[55.775,-21.366],[55.756,-21.363],[55.751,-21.368],[55.727,-21.37],[55.709,-21.377],[55.682,-21.375],[55.671,-21.384],[55.659,-21.383],[55.647,-21.389],[55.642,-21.384],[55.633,-21.382],[55.609,-21.387],[55.598,-21.379],[55.59,-21.376],[55.587,-21.372],[55.572,-21.376],[55.555,-21.371],[55.551,-21.374],[55.55,-21.371],[55.539,-21.364],[55.524,-21.361],[55.501,-21.351],[55.484,-21.352],[55.479,-21.344],[55.47,-21.345],[55.46,-21.341],[55.454,-21.335],[55.455,-21.332],[55.449,-21.328],[55.43,-21.326],[55.42,-21.322],[55.406,-21.305],[55.391,-21.292],[55.367,-21.285],[55.341,-21.282],[55.335,-21.278],[55.332,-21.273],[55.335,-21.27],[55.331,-21.259],[55.32,-21.253],[55.321,-21.249],[55.311,-21.24],[55.293,-21.23],[55.285,-21.207],[55.281,-21.202],[55.287,-21.183],[55.287,-21.161],[55.281,-21.153],[55.273,-21.15],[55.271,-21.132],[55.253,-21.114],[55.254,-21.11]]]}},{"type":"Feature","properties":{"code":"976","nom":"Mayotte"},"geometry":{"type":"MultiPolygon","coordinates":[[[[45.041,-12.647],[45.032,-12.656],[45.029,-12.655],[45.029,-12.65],[45.024,-12.646],[45.019,-12.647],[45.018,-12.643],[45.027,-12.637],[45.041,-12.647]]],[[[45.234,-12.898],[45.232,-12.902],[45.23,-12.899],[45.231,-12.895],[45.234,-12.898]]],[[[45.219,-12.983],[45.216,-12.986],[45.217,-12.981],[45.219,-12.983]]],[[[45.144,-12.92],[45.142,-12.923],[45.139,-12.921],[45.142,-12.917],[45.144,-12.92]]],[[[45.118,-12.675],[45.111,-12.675],[45.114,-12.673],[45.118,-12.675]]],[[[45.1,-12.802],[45.101,-12.797],[45.108,-12.795],[45.111,-12.797],[45.113,-12.794],[45.109,-12.791],[45.098,-12.792],[45.098,-12.784],[45.096,-12.787],[45.094,-12.785],[45.102,-12.78],[45.102,-12.767],[45.094,-12.766],[45.095,-12.77],[45.092,-12.771],[45.087,-12.765],[45.081,-12.764],[45.077,-12.767],[45.06,-12.751],[45.055,-12.752],[45.052,-12.756],[45.049,-12.751],[45.043,-12.748],[45.043,-12.744],[45.054,-12.735],[45.058,-12.727],[45.055,-12.723],[45.04,-12.722],[45.05,-12.712],[45.052,-12.707],[45.049,-12.704],[45.052,-12.7],[45.062,-12.702],[45.069,-12.697],[45.067,-12.694],[45.07,-12.695],[45.073,-12.692],[45.073,-12.686],[45.067,-12.681],[45.076,-12.684],[45.081,-12.681],[45.083,-12.679],[45.083,-12.671],[45.093,-12.663],[45.093,-12.657],[45.098,-12.658],[45.105,-12.651],[45.107,-12.653],[45.102,-12.659],[45.105,-12.662],[45.095,-12.665],[45.088,-12.67],[45.105,-12.677],[45.101,-12.68],[45.102,-12.683],[45.112,-12.686],[45.114,-12.688],[45.111,-12.691],[45.115,-12.696],[45.126,-12.701],[45.131,-12.7],[45.131,-12.704],[45.126,-12.702],[45.123,-12.706],[45.132,-12.721],[45.121,-12.723],[45.128,-12.724],[45.125,-12.727],[45.13,-12.727],[45.131,-12.731],[45.138,-12.731],[45.14,-12.735],[45.138,-12.732],[45.142,-12.734],[45.144,-12.731],[45.141,-12.728],[45.148,-12.728],[45.151,-12.729],[45.151,-12.735],[45.155,-12.737],[45.162,-12.732],[45.162,-12.728],[45.165,-12.726],[45.164,-12.723],[45.167,-12.724],[45.164,-12.72],[45.166,-12.718],[45.17,-12.726],[45.177,-12.73],[45.183,-12.727],[45.196,-12.731],[45.204,-12.73],[45.21,-12.736],[45.214,-12.732],[45.212,-12.738],[45.213,-12.741],[45.226,-12.744],[45.229,-12.75],[45.236,-12.752],[45.235,-12.757],[45.24,-12.761],[45.236,-12.765],[45.234,-12.773],[45.23,-12.773],[45.234,-12.768],[45.23,-12.762],[45.232,-12.767],[45.228,-12.768],[45.229,-12.769],[45.226,-12.774],[45.234,-12.776],[45.233,-12.78],[45.238,-12.782],[45.238,-12.785],[45.23,-12.784],[45.231,-12.787],[45.227,-12.786],[45.223,-12.791],[45.221,-12.79],[45.223,-12.791],[45.216,-12.795],[45.215,-12.802],[45.203,-12.81],[45.205,-12.812],[45.204,-12.82],[45.195,-12.824],[45.192,-12.831],[45.198,-12.831],[45.196,-12.833],[45.189,-12.839],[45.185,-12.838],[45.184,-12.842],[45.196,-12.845],[45.197,-12.854],[45.202,-12.857],[45.202,-12.863],[45.212,-12.863],[45.21,-12.869],[45.213,-12.873],[45.222,-12.872],[45.216,-12.881],[45.217,-12.886],[45.196,-12.897],[45.195,-12.906],[45.195,-12.904],[45.192,-12.906],[45.196,-12.907],[45.197,-12.914],[45.205,-12.92],[45.186,-12.917],[45.185,-12.924],[45.18,-12.926],[45.176,-12.933],[45.179,-12.943],[45.174,-12.941],[45.169,-12.943],[45.169,-12.95],[45.175,-12.956],[45.177,-12.965],[45.19,-12.971],[45.193,-12.976],[45.204,-12.975],[45.194,-12.987],[45.181,-12.984],[45.178,-12.995],[45.175,-12.995],[45.172,-12.978],[45.167,-12.975],[45.161,-12.976],[45.163,-12.975],[45.16,-12.973],[45.156,-12.98],[45.158,-12.989],[45.149,-13],[45.142,-13],[45.139,-12.991],[45.134,-12.989],[45.126,-12.996],[45.125,-12.98],[45.124,-12.982],[45.12,-12.98],[45.114,-12.982],[45.109,-12.994],[45.106,-12.987],[45.108,-12.982],[45.107,-12.974],[45.111,-12.968],[45.108,-12.957],[45.104,-12.958],[45.1,-12.964],[45.093,-12.967],[45.083,-12.961],[45.079,-12.963],[45.095,-12.953],[45.101,-12.946],[45.104,-12.933],[45.098,-12.925],[45.087,-12.93],[45.089,-12.925],[45.083,-12.922],[45.077,-12.905],[45.071,-12.899],[45.099,-12.899],[45.103,-12.904],[45.102,-12.918],[45.106,-12.923],[45.124,-12.929],[45.125,-12.933],[45.137,-12.938],[45.149,-12.934],[45.155,-12.924],[45.149,-12.908],[45.144,-12.905],[45.145,-12.9],[45.141,-12.895],[45.141,-12.898],[45.139,-12.891],[45.132,-12.889],[45.132,-12.884],[45.124,-12.882],[45.111,-12.864],[45.104,-12.863],[45.093,-12.853],[45.103,-12.844],[45.115,-12.844],[45.121,-12.84],[45.101,-12.834],[45.103,-12.821],[45.106,-12.82],[45.106,-12.814],[45.1,-12.807],[45.1,-12.802]]],[[[45.271,-12.793],[45.263,-12.787],[45.26,-12.788],[45.255,-12.781],[45.268,-12.789],[45.277,-12.773],[45.275,-12.771],[45.285,-12.759],[45.293,-12.769],[45.294,-12.776],[45.298,-12.779],[45.296,-12.782],[45.299,-12.782],[45.3,-12.784],[45.297,-12.784],[45.294,-12.788],[45.297,-12.796],[45.293,-12.799],[45.288,-12.799],[45.285,-12.803],[45.284,-12.811],[45.288,-12.817],[45.28,-12.812],[45.279,-12.805],[45.271,-12.793]]],[[[45.238,-12.81],[45.239,-12.814],[45.233,-12.817],[45.231,-12.807],[45.236,-12.805],[45.238,-12.81]]],[[[45.207,-12.81],[45.205,-12.812],[45.204,-12.81],[45.21,-12.807],[45.207,-12.81]]]]}}]}